HIERARCHY
ROOT Hips
{
  OFFSET 0 89.5146 0.535
  CHANNELS 6 Xposition Yposition Zposition Zrotation Xrotation Yrotation
  JOINT Spine
  {
    OFFSET 12.0259 -0.162855 1.69034e-005
    CHANNELS 3 Zrotation Xrotation Yrotation
    JOINT Spine1
    {
      OFFSET 15.3169 -0.0121922 0
      CHANNELS 3 Zrotation Xrotation Yrotation
      JOINT Spine2
      {
        OFFSET 15.3176 -0.0121908 0
        CHANNELS 3 Zrotation Xrotation Yrotation
        JOINT Neck
        {
          OFFSET 19.9142 1.56338 0
          CHANNELS 3 Zrotation Xrotation Yrotation
          JOINT Head
          {
            OFFSET 6.92651 0 0
            CHANNELS 3 Zrotation Xrotation Yrotation
            End Site
            {
              OFFSET 20.7666 0 0
            }
          }
          JOINT LeftShoulder
          {
            OFFSET -6.20654 0.708824 7.28219
            CHANNELS 3 Zrotation Xrotation Yrotation
            JOINT LeftArm
            {
              OFFSET 14.108 0 -1.52588e-005
              CHANNELS 3 Zrotation Xrotation Yrotation
              JOINT LeftForeArm
              {
                OFFSET 28.5802 0 0
                CHANNELS 3 Zrotation Xrotation Yrotation
                JOINT LeftHand
                {
                  OFFSET 27.092 0 0
                  CHANNELS 3 Zrotation Xrotation Yrotation
                  End Site
                  {
                    OFFSET 9.55928 -0.186424 0.145352
                  }
                }
              }
            }
          }
          JOINT RightShoulder
          {
            OFFSET -6.20654 0.708866 -7.28218
            CHANNELS 3 Zrotation Xrotation Yrotation
            JOINT RightArm
            {
              OFFSET 14.108 0 1.52588e-005
              CHANNELS 3 Zrotation Xrotation Yrotation
              JOINT RightForeArm
              {
                OFFSET 28.5802 0 0
                CHANNELS 3 Zrotation Xrotation Yrotation
                JOINT RightHand
                {
                  OFFSET 27.092 0 0
                  CHANNELS 3 Zrotation Xrotation Yrotation
                  End Site
                  {
                    OFFSET 9.55929 -0.186417 -0.145354
                  }
                }
              }
            }
          }
        }
      }
    }
  }
  JOINT LeftUpLeg
  {
    OFFSET 0.005 -0.535 8.837
    CHANNELS 3 Zrotation Xrotation Yrotation
    JOINT LeftLeg
    {
      OFFSET 39.9035 0 0
      CHANNELS 3 Zrotation Xrotation Yrotation
      JOINT LeftFoot
      {
        OFFSET 39.6689 0 0
        CHANNELS 3 Zrotation Xrotation Yrotation
        JOINT LeftToe
        {
          OFFSET 10.1624 13.6296 0
          CHANNELS 3 Zrotation Xrotation Yrotation
          End Site
          {
            OFFSET 8.38147 0 0
          }
        }
      }
    }
  }
  JOINT RightUpLeg
  {
    OFFSET 0.005 -0.535 -8.837
    CHANNELS 3 Zrotation Xrotation Yrotation
    JOINT RightLeg
    {
      OFFSET 39.9035 0 0
      CHANNELS 3 Zrotation Xrotation Yrotation
      JOINT RightFoot
      {
        OFFSET 39.6689 0 0
        CHANNELS 3 Zrotation Xrotation Yrotation
        JOINT RightToe
        {
          OFFSET 10.1624 13.6296 0
          CHANNELS 3 Zrotation Xrotation Yrotation
          End Site
          {
            OFFSET 8.38147 0 0
          }
        }
      }
    }
  }
}
MOTION
Frames:	1133
Frame Time:	0.0333333
-2.42644 86.0912 -56.2259 -89.6902 -45.7843 174.362 17.1272 10.3089 -3.64631 8.43403 1.70754e-006 5.12264e-006 -5.12265e-006 1.70755e-006 -8.53773e-006 1.70748e-006 -8.53774e-006 -4.95189e-005 31.9182 -35.1699 25.5574 -179.32 -6.46218 -83.98 161.142 -14.2917 125.566 -0.0395771 -6.36111e-015 1.59028e-015 -157.321 77.8529 156.668 179.461 -5.48957 84.3788 -50.3372 -7.83524 -49.6034 -69.0928 4.77083e-015 3.18055e-015 45.6715 66.9724 -41.0669 -28.2554 2.96459 -179.499 -28.0993 -3.18055e-015 3.18055e-015 -0.843342 10.9752 5.88695 90 -1.98785e-016 -0 -23.6424 -19.1149 171.961 -68.7129 4.77083e-015 6.36111e-015 -16.429 17.1202 24.5348 90 -5.46658e-016 -0 
-1.47947 87.0027 -56.7718 -89.4563 -44.5642 174.075 16.1765 9.04037 -2.54409 8.33787 1.70754e-006 5.12264e-006 -5.12265e-006 1.70755e-006 -8.53773e-006 1.70748e-006 -8.53774e-006 -4.95189e-005 32.4821 -33.9334 25.2714 -179.517 -5.62353 -85.0854 162.569 -8.94822 128.86 -0.0395851 3.18055e-015 -5.96354e-016 -158.946 78.3388 158.915 179.466 -4.90959 83.7847 -45.8463 -9.77271 -49.348 -63.3251 0 -3.18055e-015 47.4631 68.2736 -42.5202 -25.7836 3.583 -178.441 -25.2224 0 3.97569e-016 -1.16026 10.765 5.70797 90 2.98177e-016 3.18055e-015 -24.8457 -19.6584 170.467 -66.2126 1.59028e-015 6.36111e-015 -15.8515 19.5563 21.925 90 -1.2921e-015 -1.59028e-015 
-0.527047 87.6309 -57.2858 -89.0667 -43.2555 174.091 15.411 7.55424 -1.82763 8.16841 1.70754e-006 5.12264e-006 -5.12265e-006 1.70755e-006 -8.53773e-006 1.70748e-006 -8.53774e-006 -4.95189e-005 32.8779 -32.4596 24.7392 -179.665 -5.18348 -86.2927 163.587 -4.06496 132.318 -0.00968541 -6.36111e-015 1.59028e-015 -161.059 78.0548 160.988 179.421 -4.75171 83.0461 -41.1781 -11.2783 -48.299 -58.7862 0 -3.18055e-015 43.0106 66.6871 -37.2638 -23.6977 4.30039 -177.579 -23.2471 3.18055e-015 3.57812e-015 -0.972578 10.4781 5.4811 90 6.21202e-017 -0 -25.4349 -19.6636 169.037 -63.2999 0 3.18056e-015 -15.2088 19.3638 20.8267 90 -3.97569e-016 1.59028e-015 
0.424028 88.051 -57.7446 -88.6872 -41.8596 174.275 14.723 6.13242 -1.43156 8.01333 1.70754e-006 5.12264e-006 -5.12265e-006 1.70755e-006 -8.53773e-006 1.70748e-006 -8.53774e-006 -4.95189e-005 33.1281 -30.9943 24.1413 -179.756 -4.89537 -87.1442 163.866 -0.0508461 136.485 -0.0197787 -6.36111e-015 -3.18055e-015 -158.971 76.5683 159.496 179.386 -4.40659 82.0541 -37.2626 -12.8181 -46.3505 -55.5894 -3.18055e-015 1.59028e-015 35.7195 63.1054 -29.2817 -22.0443 5.32917 -176.846 -22.0558 6.36111e-015 -3.97569e-016 -0.300812 10.3666 5.74371 90 1.98785e-016 -3.18055e-015 -25.6239 -19.7369 167.696 -59.7768 1.59028e-015 -0 -13.9445 20.0388 19.7356 90 4.47266e-016 3.18055e-015 
1.34548 88.3028 -58.1159 -88.3756 -40.4087 174.551 14.1386 4.97184 -1.27335 7.8164 1.70754e-006 5.12264e-006 -5.12265e-006 1.70755e-006 -8.53773e-006 1.70748e-006 -8.53774e-006 -4.95189e-005 33.3563 -29.5042 23.55 -179.862 -4.34128 -88.1746 164.739 3.57774 139.96 -0.0685501 6.36111e-015 -6.36111e-015 -160.103 74.759 161.007 179.431 -3.68991 81.2254 -34.2708 -13.5997 -44.38 -52.3482 -1.59028e-015 7.95139e-016 32.7022 61.8156 -25.9775 -20.7557 6.19281 -176.318 -21.3599 6.36111e-015 3.97569e-016 0.362018 9.98845 5.70054 90 -9.93923e-017 -3.18055e-015 -25.6755 -19.8285 166.38 -55.9759 0 -3.18056e-015 -13.0941 21.2975 18.3395 90 -6.33626e-016 -1.59028e-015 
2.22953 88.491 -58.3865 -88.1454 -38.9433 174.845 13.6842 3.85215 -1.24254 7.62209 1.70754e-006 5.12264e-006 -5.12265e-006 1.70755e-006 -8.53773e-006 1.70748e-006 -8.53774e-006 -4.95189e-005 33.3115 -27.9332 22.8683 -179.94 -3.99728 -89.1361 165.993 6.85345 142.65 -1.87931e-005 3.18055e-015 6.36111e-015 -162.182 74.0904 162.913 179.49 -3.10344 80.6663 -31.5417 -13.2735 -42.976 -49.0357 1.59028e-015 1.59028e-015 32.1921 62.5683 -25.1572 -19.6296 6.88074 -175.902 -20.7626 -3.18055e-015 7.95139e-016 0.785507 9.45729 5.15061 90 0 9.54166e-015 -25.2736 -19.9688 165.287 -51.2187 -3.18056e-015 -0 -12.6969 22.496 17.3447 90 -8.44835e-016 -3.18055e-015 
3.09233 88.6935 -58.5741 -88.0427 -37.2774 175.189 13.2742 3.13226 -1.41188 7.46001 1.70754e-006 5.12264e-006 -5.12265e-006 1.70755e-006 -8.53773e-006 1.70748e-006 -8.53774e-006 -4.95189e-005 33.1697 -26.4628 22.3346 -179.979 -4.00924 -89.7039 166.908 9.67631 144.897 -0.0442737 0 -6.36111e-015 -162.358 74.4671 163.355 179.486 -2.97463 80.1888 -28.0345 -11.9867 -42.2943 -46.4346 9.93923e-016 1.97542e-015 30.887 62.7883 -23.4182 -18.5278 7.76258 -175.592 -19.9921 -3.18055e-015 -3.97569e-016 1.21033 8.70292 5.30937 90 -3.97569e-016 -6.36111e-015 -24.3983 -19.8988 164.645 -45.1912 0 1.59028e-015 -12.9722 24.0496 16.5205 90 4.22417e-016 -0 
3.95806 88.8837 -58.6983 -88.056 -35.542 175.588 12.799 2.80446 -1.69611 7.3763 1.70754e-006 5.12264e-006 -5.12265e-006 1.70755e-006 -8.53773e-006 1.70748e-006 -8.53774e-006 -4.95189e-005 33.1437 -25.2996 21.8724 179.984 -4.06829 -90.2244 168.242 12.2278 145.853 -0.0815748 0 -3.18055e-015 -162.738 74.6174 163.968 179.488 -2.85597 79.8279 -24.5006 -10.0978 -42.348 -44.3144 1.59028e-015 7.95139e-016 28.4366 63.6594 -20.5151 -17.4126 8.65622 -175.447 -19.0699 6.36111e-015 2.38542e-015 1.53063 7.89716 5.26668 90 -1.98785e-016 -6.36111e-015 -23.4148 -19.8113 164.265 -38.9856 0 -3.18056e-015 -12.2647 24.5669 15.6078 90 5.2181e-016 -6.36111e-015 
4.85751 89.0095 -58.7213 -88.1186 -33.979 175.95 12.3244 2.49852 -1.90155 7.32602 1.70754e-006 5.12264e-006 -5.12265e-006 1.70755e-006 -8.53773e-006 1.70748e-006 -8.53774e-006 -4.95189e-005 33.1195 -24.1316 21.3162 179.959 -4.27405 -90.5446 169.589 14.0513 146.032 -0.0927694 6.36111e-015 -6.36111e-015 -161.302 74.9479 162.65 179.494 -2.76777 79.6289 -21.0718 -7.75255 -43.2066 -42.5443 -3.18055e-015 9.54166e-015 26.4242 65.6357 -18.3133 -16.5759 9.4993 -175.263 -18.5326 6.36111e-015 -0 1.96911 7.21588 5.30054 90 -1.98785e-016 6.36111e-015 -22.1 -20.1291 164.177 -32.3418 1.59028e-015 -0 -12.4982 23.0855 16.2267 90 7.95139e-016 -6.36111e-015 
5.78668 89.0348 -58.6459 -88.2187 -32.6573 176.439 11.8721 2.21854 -2.18803 7.29932 1.70754e-006 5.12264e-006 -5.12265e-006 1.70755e-006 -8.53773e-006 1.70748e-006 -8.53774e-006 -4.95189e-005 33.1145 -23.4221 20.8535 179.95 -4.53258 -90.6288 170.713 15.0062 145.777 -0.0998908 -3.18055e-015 -9.54166e-015 -160.115 75.0573 161.629 179.505 -2.64144 79.3908 -17.6715 -5.28518 -44.6139 -41.209 6.36111e-015 -6.55989e-015 25.9296 68.5353 -17.7678 -15.9918 10.1371 -175.224 -18.4401 0 -3.97569e-016 2.66302 6.49498 5.41179 90 3.97569e-016 -3.18055e-015 -20.7775 -20.829 164.073 -25.9339 -7.95139e-016 -1.59028e-015 -14.5446 20.8386 17.8509 90 0 6.36111e-015 
6.75328 88.9731 -58.4508 -88.3393 -31.4683 177.018 11.4603 2.13694 -2.55219 7.27382 1.70754e-006 5.12264e-006 -5.12265e-006 1.70755e-006 -8.53773e-006 1.70748e-006 -8.53774e-006 -4.95189e-005 33.1229 -22.9481 20.5342 179.968 -4.80765 -90.3784 171.401 15.1284 145.344 -0.0791704 3.18055e-015 3.18055e-015 -160.035 75.007 161.715 179.515 -2.52945 79.1311 -14.7094 -3.41064 -46.4546 -40.2156 -6.36111e-015 -1.25234e-014 25.6711 72.3642 -17.736 -15.6298 10.93 -175.157 -18.7053 6.36111e-015 3.97569e-016 3.41822 6.05401 5.28221 90 -7.95139e-016 9.54166e-015 -19.6202 -21.5333 164.322 -20.6012 0 -0 -17.733 19.3224 17.4291 90 1.59028e-015 -3.18055e-015 
7.72978 88.9324 -58.1159 -88.4602 -30.4502 177.452 11.1334 2.15914 -2.66572 7.19236 1.70754e-006 5.12264e-006 -5.12265e-006 1.70755e-006 -8.53773e-006 1.70748e-006 -8.53774e-006 -4.95189e-005 33.1797 -22.4442 20.1499 -179.98 -5.05332 -89.7727 171.653 14.3158 144.74 -5.55661e-006 -6.36111e-015 -0 -159.261 75.1472 161.115 179.52 -2.47231 79.0044 -12.6742 -2.40188 -48.5662 -39.354 3.18055e-015 4.67144e-015 24.957 75.565 -17.092 -15.4159 11.4988 -174.917 -19.0552 -6.36111e-015 -0 3.99027 5.59401 5.10274 90 -7.95139e-016 -9.54166e-015 -18.5361 -21.5649 164.892 -17.8594 -7.95139e-016 -1.59028e-015 -16.758 19.6535 16.8991 90 0 3.18055e-015 
8.72794 88.8794 -57.6653 -88.4449 -29.6708 177.874 10.9544 2.17016 -2.59093 7.16238 1.70754e-006 5.12264e-006 -5.12265e-006 1.70755e-006 -8.53773e-006 1.70748e-006 -8.53774e-006 -4.95189e-005 33.2016 -22.2005 19.7309 -179.918 -5.31895 -89.1168 171.49 12.7168 143.67 -3.64076e-005 3.18055e-015 6.36111e-015 -158.672 75.4681 160.6 179.547 -2.31554 78.9356 -12.0193 -2.31492 -50.6382 -38.6399 0 -1.0635e-014 23.588 76.8076 -15.5766 -15.2031 11.5631 -174.623 -19.559 6.36111e-015 -1.19271e-015 4.3863 4.97959 4.70444 90 0 3.18055e-015 -17.419 -20.6613 165.722 -17.4773 -7.95139e-016 -0 -14.2818 20.7834 16.2442 90 7.95139e-016 6.36111e-015 
9.73921 88.8341 -57.1372 -88.3058 -29.0117 178.364 10.8681 2.10919 -2.44934 7.22883 1.70754e-006 5.12264e-006 -5.12265e-006 1.70755e-006 -8.53773e-006 1.70748e-006 -8.53774e-006 -4.95189e-005 33.0401 -22.1089 19.0865 -179.839 -5.66644 -88.3673 171.145 10.6301 142.148 -0.0776287 3.18055e-015 -3.18055e-015 -160.981 75.5171 163.067 179.578 -2.15394 78.917 -12.8266 -2.96007 -52.5786 -37.8997 -3.18055e-015 9.93923e-016 23.5629 76.2144 -15.2804 -14.9077 11.5288 -174.302 -20.0869 6.36111e-015 -1.59028e-015 4.81951 4.29789 4.4797 90 -3.97569e-016 -9.54166e-015 -16.4771 -20.0708 166.394 -17.2984 0 1.59028e-015 -11.9441 21.9379 15.6761 90 7.95139e-016 -0 
10.7429 88.8109 -56.5311 -88.2677 -28.5418 178.782 10.7003 1.95814 -2.22466 7.26752 1.70754e-006 5.12264e-006 -5.12265e-006 1.70755e-006 -8.53773e-006 1.70748e-006 -8.53774e-006 -4.95189e-005 32.8839 -21.7279 18.3301 -179.746 -6.00629 -87.5693 170.502 7.86714 140.339 1.3817e-005 3.18055e-015 -3.18055e-015 -164.387 75.4691 166.146 179.611 -1.99436 78.9616 -14.7236 -4.19549 -54.4494 -37.2512 -3.18055e-015 -1.78906e-015 25.7143 74.791 -17.1327 -14.5169 11.5134 -173.976 -20.1623 -1.27222e-014 -1.98785e-015 5.00503 3.82352 4.08282 90 7.95139e-016 -0 -15.9792 -19.7999 166.955 -17.5578 7.95139e-016 4.77083e-015 -9.7361 22.7633 14.806 90 0 -0 
11.7495 88.8003 -55.8425 -88.2633 -28.2097 179.13 10.5455 1.77673 -1.9195 7.27329 1.70754e-006 5.12264e-006 -5.12265e-006 1.70755e-006 -8.53773e-006 1.70748e-006 -8.53774e-006 -4.95189e-005 32.6323 -21.2823 17.5632 -179.646 -6.34809 -86.8054 169.448 4.72949 138.316 -0.0989387 3.18055e-015 3.18055e-015 -167.868 75.0903 169.74 179.666 -1.7267 79.0459 -17.1752 -5.50828 -56.3054 -36.8735 -3.18055e-015 1.59028e-015 28.8829 72.3642 -19.8294 -14.0595 11.4797 -173.604 -19.9811 0 3.18055e-015 5.14924 3.54488 3.45771 90 3.97569e-016 -0 -15.5944 -19.2705 167.553 -18.1384 -1.59028e-015 -0 -7.66166 23.5585 13.9457 90 0 -0 
12.7521 88.8008 -55.1075 -88.25 -27.9687 179.405 10.392 1.59838 -1.49934 7.28893 1.70754e-006 5.12264e-006 -5.12265e-006 1.70755e-006 -8.53773e-006 1.70748e-006 -8.53774e-006 -4.95189e-005 32.3507 -21.0022 16.6683 -179.517 -6.71026 -85.8664 168.571 1.86818 136.117 -0.0197979 0 -0 -175.147 73.8014 177.141 179.722 -1.43466 79.0292 -19.8024 -6.81431 -57.9433 -36.8647 -3.18055e-015 -3.57812e-015 31.8814 69.8553 -22.4984 -13.6816 11.5448 -173.097 -19.8701 -3.18055e-015 -1.98785e-016 5.37489 3.35882 3.01583 90 7.95139e-016 -0 -15.1346 -18.6971 168.172 -18.7257 -3.18056e-015 -0 -5.69405 23.9095 13.1367 90 0 3.18055e-015 
13.732 88.819 -54.3034 -88.2905 -27.8131 179.469 10.2259 1.46483 -0.86464 7.26587 1.70754e-006 5.12264e-006 -5.12265e-006 1.70755e-006 -8.53773e-006 1.70748e-006 -8.53774e-006 -4.95189e-005 32.0636 -20.6892 15.7254 -179.37 -7.08111 -84.8985 167.351 -0.926526 133.86 -0.0593552 -6.36111e-015 -3.18055e-015 179.875 73.4036 -178.431 179.775 -1.15674 78.99 -22.1995 -7.8254 -59.4215 -36.9649 -3.18055e-015 7.15625e-015 33.3252 67.7899 -23.7918 -13.3944 11.5323 -172.394 -19.6728 -3.18055e-015 -9.93923e-017 5.50129 3.19499 2.59677 90 -1.59028e-015 6.36111e-015 -14.6992 -18.6985 168.915 -19.1026 -1.59028e-015 7.95139e-016 -3.9666 23.9244 12.2438 90 -7.95139e-016 -0 
14.6629 88.8515 -53.4918 -88.3845 -27.6494 179.375 10.061 1.40651 -0.0725208 7.23034 1.70754e-006 5.12264e-006 -5.12265e-006 1.70755e-006 -8.53773e-006 1.70748e-006 -8.53774e-006 -4.95189e-005 31.5984 -20.312 14.8343 -179.233 -7.39396 -84.0587 165.62 -4.09235 131.533 6.36111e-015 3.18055e-015 -3.18055e-015 177.889 73.8644 -177.488 179.82 -0.920345 78.9419 -24.2125 -8.57807 -60.5727 -37.3255 -9.54166e-015 -2.38542e-015 34.1355 66.8696 -24.5726 -13.2467 11.482 -171.59 -19.5336 3.18055e-015 7.95139e-016 5.60534 2.94128 2.42052 90 1.59028e-015 -3.18055e-015 -14.3195 -18.6607 169.84 -19.4604 1.59028e-015 -1.59028e-015 -2.58122 24.0646 11.202 90 -7.95139e-016 3.18055e-015 
15.5213 88.882 -52.6978 -88.4464 -27.3724 179.283 9.98273 1.43405 0.706931 7.19262 1.70754e-006 5.12264e-006 -5.12265e-006 1.70755e-006 -8.53773e-006 1.70748e-006 -8.53774e-006 -4.95189e-005 31.1057 -19.9035 14.066 -179.118 -7.6272 -83.3799 163.633 -7.27368 129.079 1.94288e-005 -3.18055e-015 -3.18055e-015 176.057 73.7396 -176.418 179.847 -0.78962 79.0134 -25.3778 -8.88104 -61.3896 -37.977 3.18055e-015 1.59028e-015 28.2638 65.2597 -18.4165 -13.0209 11.5854 -170.805 -19.2522 0 1.3713e-015 5.62925 2.82221 2.213 90 7.95139e-016 -3.18055e-015 -13.914 -18.0569 170.868 -19.8377 7.95139e-016 -7.95139e-016 -1.43583 24.5392 10.2171 90 0 -3.18055e-015 
16.3211 88.8943 -51.9388 -88.4322 -27.0931 179.261 9.96775 1.33734 1.41057 7.17097 1.70754e-006 5.12264e-006 -5.12265e-006 1.70755e-006 -8.53773e-006 1.70748e-006 -8.53774e-006 -4.95189e-005 30.777 -19.4085 13.3657 -179.019 -7.82718 -82.8345 161.017 -10.5289 126.661 -0.0448657 3.18055e-015 -3.18055e-015 173.362 73.9869 -174.549 179.87 -0.670026 78.9873 -25.7682 -8.57546 -61.4613 -38.3854 -3.18055e-015 -3.18055e-015 20.8365 62.8689 -10.8821 -12.6636 11.848 -170.057 -18.7861 -6.36111e-015 1.2424e-015 5.54019 2.79922 1.82037 90 -1.59028e-015 6.36111e-015 -13.5061 -17.6734 171.759 -20.1573 -3.18056e-015 -0 -0.288522 24.8091 9.32721 90 -3.97569e-016 -3.18055e-015 
17.0279 88.8714 -51.2149 -88.4383 -26.7591 179.254 9.94023 1.16003 2.06889 7.14567 1.70754e-006 5.12264e-006 -5.12265e-006 1.70755e-006 -8.53773e-006 1.70748e-006 -8.53774e-006 -4.95189e-005 30.5454 -18.6034 12.4747 -178.951 -7.89368 -82.4049 157.79 -13.8982 124.237 -0.0395918 1.59028e-015 3.18055e-015 169.664 74.7359 -171.502 179.905 -0.482702 78.8342 -26.016 -7.8474 -60.7409 -38.2023 3.18055e-015 -0 22.2199 64.1399 -12.5031 -12.4673 12.1147 -169.357 -18.5378 0 -3.97569e-016 5.50897 2.69203 1.51416 90 -1.59028e-015 6.36111e-015 -13.333 -17.387 172.494 -20.6956 3.18056e-015 -7.95139e-016 0.883653 24.8358 8.52459 90 3.97569e-016 -3.18055e-015 
17.6617 88.8391 -50.542 -88.4484 -26.306 179.307 9.91524 1.04895 2.67 7.09053 1.70754e-006 5.12264e-006 -5.12265e-006 1.70755e-006 -8.53773e-006 1.70748e-006 -8.53774e-006 -4.95189e-005 30.248 -17.6546 11.2627 -178.916 -7.85132 -82.1111 153.389 -17.3549 121.678 5.96354e-015 3.18055e-015 -3.18055e-015 167.513 75.6854 -169.833 179.913 -0.430149 78.5854 -26.2513 -7.027 -59.5019 -37.4751 6.36111e-015 3.18055e-015 29.0921 67.3121 -19.7799 -12.2831 12.3576 -168.794 -18.3872 -3.18055e-015 -2.5842e-015 5.53124 2.47329 1.38614 90 -7.95139e-016 -9.54166e-015 -13.2875 -17.2399 173.077 -21.2406 -3.18056e-015 -2.38542e-015 1.97357 24.6055 7.7227 90 -3.97569e-016 -0 
18.227 88.8231 -49.9151 -88.4619 -25.7801 179.447 9.89703 1.07868 3.15609 7.03338 1.70754e-006 5.12264e-006 -5.12265e-006 1.70755e-006 -8.53773e-006 1.70748e-006 -8.53774e-006 -4.95189e-005 29.8376 -16.7813 9.86446 -178.905 -7.77588 -81.9611 148.047 -20.3822 118.929 -5.98878e-006 1.59028e-015 3.18055e-015 165.556 76.2465 -168.349 179.877 -0.599762 78.4398 -26.3201 -6.03958 -58.1791 -36.4341 0 7.95139e-016 34.2561 69.4755 -25.2766 -12.0313 12.5893 -168.437 -18.1721 -1.59028e-014 1.39149e-015 5.50765 2.08122 1.53674 90 0 -6.36111e-015 -13.2532 -17.0617 173.531 -21.6555 7.95139e-016 7.95139e-016 2.89753 24.3343 6.95169 90 0 -0 
18.7394 88.8212 -49.3299 -88.5173 -25.329 179.602 9.82639 1.1409 3.5583 7.00815 1.70754e-006 5.12264e-006 -5.12265e-006 1.70755e-006 -8.53773e-006 1.70748e-006 -8.53774e-006 -4.95189e-005 29.3573 -15.9665 8.55932 -178.923 -7.66153 -81.9759 143.29 -22.4197 116.215 0.0395633 2.38542e-015 -0 161.587 75.4488 -164.829 179.839 -0.789569 78.4604 -26.7199 -5.14288 -56.8931 -35.2504 -3.18055e-015 -0 32.2889 69.759 -23.3416 -11.8871 12.9589 -168.164 -18.016 -3.18055e-015 2.38542e-015 5.4708 1.68121 2.0194 90 -7.95139e-016 -9.54166e-015 -13.2216 -16.6689 173.979 -21.9748 0 -0 3.65584 24.386 6.24096 90 0 6.36111e-015 
19.2362 88.8546 -48.8048 -88.5284 -25.0244 179.817 9.77548 1.17815 3.85972 6.9837 1.70754e-006 5.12264e-006 -5.12265e-006 1.70755e-006 -8.53773e-006 1.70748e-006 -8.53774e-006 -4.95189e-005 28.8628 -15.1897 7.38709 -178.928 -7.53849 -81.88 140.572 -23.4731 114.32 -2.96732e-006 3.18055e-015 -3.18055e-015 156.606 74.1154 -160.485 179.821 -0.877774 78.4891 -27.2529 -4.19741 -55.5637 -33.7965 -1.27222e-014 3.18055e-015 28.151 69.3481 -19.0283 -11.8493 13.0628 -167.971 -18.1902 0 -3.97569e-016 5.37025 1.35441 2.55149 90 7.95139e-016 -3.18055e-015 -13.0471 -16.4403 174.332 -22.0634 3.18056e-015 3.97569e-016 4.25157 24.3674 5.5781 90 -7.95139e-016 -0 
19.6792 88.9313 -48.2887 -88.5927 -24.8957 179.983 9.70638 1.27491 4.13344 6.92653 1.70754e-006 5.12264e-006 -5.12265e-006 1.70755e-006 -8.53773e-006 1.70748e-006 -8.53774e-006 -4.95189e-005 28.3813 -14.6043 6.40164 -178.906 -7.5395 -81.7213 139.545 -23.8706 113.45 -5.44065e-007 3.18055e-015 3.18055e-015 153.789 74.9787 -157.921 179.805 -0.961781 78.5423 -27.3696 -3.14473 -54.3032 -32.3661 -3.18055e-015 -5.56597e-015 26.3885 69.6803 -17.0773 -12.2424 12.7222 -167.684 -18.9851 6.36111e-015 -1.19271e-015 4.94854 1.17233 2.3252 90 0 6.36111e-015 -12.6979 -16.2907 174.738 -21.7351 3.18056e-015 -0 4.63812 24.4707 5.00149 90 -7.95139e-016 3.18055e-015 
20.0958 89.0561 -47.8238 -88.6021 -24.8274 -179.741 9.66529 1.53997 4.23072 6.87986 1.70754e-006 5.12264e-006 -5.12265e-006 1.70755e-006 -8.53773e-006 1.70748e-006 -8.53774e-006 -4.95189e-005 27.9317 -14.4334 5.62439 -178.872 -7.66993 -81.6048 140.116 -23.6104 113.618 -0.0523365 -1.59028e-015 -3.18055e-015 155.023 76.0165 -158.918 179.769 -1.14711 78.6 -26.9075 -2.14331 -53.1801 -31.2009 -3.18055e-015 -5.56597e-015 26.195 70.5077 -16.8009 -12.6515 12.1435 -167.496 -19.9946 -3.18055e-015 1.19271e-015 4.47629 0.92725 2.70955 90 -7.95139e-016 3.18055e-015 -12.2218 -16.2384 175.002 -21.1859 0 7.95139e-016 4.85462 24.453 4.51826 90 -7.95139e-016 -3.18055e-015 
20.4855 89.1781 -47.4132 -88.5403 -24.6959 -179.41 9.63661 2.08472 4.24216 6.86093 1.70754e-006 5.12264e-006 -5.12265e-006 1.70755e-006 -8.53773e-006 1.70748e-006 -8.53774e-006 -4.95189e-005 27.4333 -14.6556 4.98786 -178.87 -7.62241 -81.5431 142.343 -22.9212 114.626 0.0442296 -1.59028e-015 -0 159.488 74.9379 -163.346 179.736 -1.34124 78.8749 -26.1879 -1.28459 -52.3583 -30.4159 0 8.74653e-015 26.233 71.3873 -16.7504 -13.0895 11.6403 -167.323 -21.1545 6.36111e-015 3.97569e-016 3.89286 0.877397 2.68344 90 1.59028e-015 -6.36111e-015 -11.7535 -16.2082 175.182 -20.6884 -3.18056e-015 -1.19271e-015 5.0178 24.3733 4.06761 90 0 -6.36111e-015 
20.8295 89.2666 -47.0284 -88.4754 -24.6337 -179.175 9.60654 2.52964 4.32003 6.85038 1.70754e-006 5.12264e-006 -5.12265e-006 1.70755e-006 -8.53773e-006 1.70748e-006 -8.53774e-006 -4.95189e-005 26.8926 -14.8599 4.30407 -178.859 -7.61109 -81.4473 144.579 -22.0174 116.103 -0.0666096 -1.59028e-015 3.18055e-015 164.404 74.3253 -168.066 179.695 -1.60265 79.2331 -25.6916 -0.749284 -51.6246 -29.9966 0 2.38542e-015 26.0745 72.2547 -16.6019 -13.6245 11.0468 -167.097 -22.4158 6.36111e-015 1.98785e-015 3.37253 0.77179 2.61448 90 2.38542e-015 -0 -11.3097 -16.2378 175.401 -20.262 -1.59028e-015 -0 5.23256 24.3142 3.74834 90 -3.97569e-016 6.36111e-015 
21.1502 89.3189 -46.6732 -88.344 -24.6744 -179.023 9.62659 2.84017 4.47958 6.8335 1.70754e-006 5.12264e-006 -5.12265e-006 1.70755e-006 -8.53773e-006 1.70748e-006 -8.53774e-006 -4.95189e-005 26.4298 -15.1597 3.63234 -178.852 -7.54815 -81.3282 146.876 -20.9323 117.852 -0.0559363 2.78299e-015 -0 167.316 74.9134 -170.538 179.666 -1.79093 79.4481 -25.507 -0.567407 -50.7677 -29.9101 -3.18055e-015 -4.77083e-015 26.0941 72.6215 -16.6755 -14.0954 10.2789 -166.849 -23.6724 -3.18055e-015 2.78299e-015 2.94338 0.437427 2.45113 90 -7.95139e-016 -6.36111e-015 -10.7473 -16.4015 175.693 -19.7791 1.59028e-015 -0 5.47175 24.1865 3.40218 90 1.19271e-015 -0 
21.4815 89.3524 -46.3571 -88.1367 -24.6913 -178.925 9.65186 3.06839 4.66097 6.82888 1.70754e-006 5.12264e-006 -5.12265e-006 1.70755e-006 -8.53773e-006 1.70748e-006 -8.53774e-006 -4.95189e-005 26.1733 -15.4293 3.05339 -178.841 -7.49205 -81.1791 149.177 -19.5695 119.697 -0.0685366 1.98785e-016 -3.18055e-015 168.846 75.5589 -171.758 179.638 -1.94724 79.4766 -25.5487 -0.638779 -49.8441 -29.9806 -3.18055e-015 -2.38542e-015 26.4991 72.6648 -17.2175 -14.3848 9.59103 -166.574 -24.7669 0 -3.57812e-015 2.66209 0.00559108 2.43048 90 3.18055e-015 -0 -10.0392 -16.4422 176.096 -19.2447 0 -1.98785e-016 5.68518 24.1512 3.01059 90 3.97569e-016 -6.36111e-015 
21.8246 89.3672 -46.081 -87.9176 -24.6502 -178.805 9.62399 3.20489 4.72195 6.82517 1.70754e-006 5.12264e-006 -5.12265e-006 1.70755e-006 -8.53773e-006 1.70748e-006 -8.53774e-006 -4.95189e-005 26.1095 -15.7746 2.64754 -178.845 -7.43397 -81.1396 151.487 -17.9894 121.375 -0.0559581 1.19271e-015 -6.36111e-015 170.422 75.5286 -173.086 179.621 -2.03136 79.4266 -25.7423 -0.769391 -49.1255 -30.085 -6.36111e-015 -6.36111e-015 26.1273 72.5757 -16.9065 -14.5428 9.24553 -166.33 -25.5933 -6.36111e-015 -1.19271e-015 2.38261 -0.437691 2.23894 90 2.38542e-015 -0 -9.45475 -16.1995 176.445 -18.999 0 -0 6.02537 24.3815 2.83843 90 -3.97569e-016 3.18055e-015 
22.1827 89.3599 -45.8106 -87.6891 -24.6279 -178.793 9.613 3.19011 4.83604 6.77667 1.70754e-006 5.12264e-006 -5.12265e-006 1.70755e-006 -8.53773e-006 1.70748e-006 -8.53774e-006 -4.95189e-005 26.0704 -16.0487 2.32757 -178.849 -7.38579 -81.12 153.685 -16.3798 122.88 -0.0396059 -1.59028e-015 -3.18055e-015 172.451 75.0195 -174.858 179.615 -2.06967 79.4697 -25.8118 -0.624406 -48.8579 -30.194 -1.27222e-014 3.97569e-015 26.1491 72.6283 -16.9738 -14.8431 8.85773 -165.982 -26.7194 -3.18055e-015 -2.38542e-015 2.29557 -0.95284 2.33921 90 0 -9.54166e-015 -8.85101 -15.977 176.923 -18.7805 0 -0 6.30633 24.6049 2.46098 90 3.97569e-016 3.18055e-015 
22.5346 89.3492 -45.5517 -87.4814 -24.6 -178.868 9.60238 3.1303 5.00505 6.72136 1.70754e-006 5.12264e-006 -5.12265e-006 1.70755e-006 -8.53773e-006 1.70748e-006 -8.53774e-006 -4.95189e-005 25.9261 -16.1761 2.0647 -178.861 -7.25216 -81.0472 155.304 -15.0013 124.269 -0.0593384 0 -6.36111e-015 174.52 74.9878 -176.69 179.628 -2.01137 79.5295 -25.7499 -0.294497 -48.9456 -30.3485 0 -3.97569e-015 25.8983 72.7609 -16.7366 -15.1896 7.94393 -165.673 -28.0783 -6.36111e-015 -6.75868e-015 2.21003 -1.80052 2.39108 90 1.59028e-015 3.18055e-015 -8.15675 -15.8637 177.466 -18.3949 0 3.97569e-016 6.56711 24.713 2.17771 90 -3.97569e-016 -0 
22.8776 89.3434 -45.2946 -87.2888 -24.5127 -178.95 9.60012 3.11907 5.11503 6.69685 1.70754e-006 5.12264e-006 -5.12265e-006 1.70755e-006 -8.53773e-006 1.70748e-006 -8.53774e-006 -4.95189e-005 25.7571 -16.2979 1.96541 -178.882 -7.11993 -81.0509 156.518 -13.7201 125.407 -0.0686912 0 -0 175.866 75.2077 -177.841 179.643 -1.93359 79.5506 -25.554 0.0289843 -49.32 -30.6436 3.18055e-015 -1.03368e-014 25.3185 73.0971 -16.2316 -15.7485 7.05385 -165.331 -29.7626 9.54166e-015 5.56597e-015 1.99825 -2.56917 2.4801 90 -3.18055e-015 -0 -7.45469 -15.9777 177.968 -17.9333 -1.59028e-015 -5.96354e-016 6.8112 24.5618 1.95252 90 -3.97569e-016 3.18055e-015 
23.1931 89.3449 -45.0517 -87.1184 -24.3395 -178.999 9.63134 3.19488 5.1603 6.67146 1.70754e-006 5.12264e-006 -5.12265e-006 1.70755e-006 -8.53773e-006 1.70748e-006 -8.53774e-006 -4.95189e-005 25.5703 -16.2743 1.8378 -178.909 -6.98876 -81.1048 157.257 -12.6999 126.296 2.06918e-006 1.59028e-015 -3.18055e-015 177.377 75.2023 -179.201 179.657 -1.86613 79.5845 -25.4144 0.132663 -49.9369 -31.0649 -3.18055e-015 -2.38542e-015 25.5306 73.1394 -16.4986 -16.504 6.21272 -165.025 -31.7345 -3.18055e-015 3.97569e-016 1.60717 -3.32204 2.64977 90 7.95139e-016 3.18055e-015 -6.85275 -16.2562 178.371 -17.5207 0 -5.46658e-016 6.97799 24.1567 1.66279 90 0 -0 
23.4766 89.329 -44.8242 -86.9174 -24.0637 -179 9.7723 3.29114 5.16382 6.66962 1.70754e-006 5.12264e-006 -5.12265e-006 1.70755e-006 -8.53773e-006 1.70748e-006 -8.53774e-006 -4.95189e-005 25.1956 -16.0654 1.54853 -178.935 -6.88437 -81.186 157.819 -11.7992 126.928 -0.0593843 -1.59028e-015 -0 177.304 75.1064 -178.982 179.669 -1.82254 79.6929 -25.4924 0.117046 -50.7728 -31.4009 3.18055e-015 2.38542e-015 25.0652 73.1713 -16.0968 -17.4487 5.40276 -164.751 -34.0384 -6.36111e-015 -1.98785e-016 1.01828 -4.13615 2.83799 90 4.77083e-015 -9.54166e-015 -6.38073 -16.0966 178.749 -17.3452 1.59028e-015 2.98177e-016 7.18199 24.0786 1.35033 90 0 3.18055e-015 
23.7327 89.2864 -44.6148 -86.7358 -23.7295 -178.968 9.95143 3.38544 5.10825 6.70738 1.70754e-006 5.12264e-006 -5.12265e-006 1.70755e-006 -8.53773e-006 1.70748e-006 -8.53774e-006 -4.95189e-005 24.7727 -15.719 1.17478 -178.957 -6.79822 -81.2542 158.125 -11.2694 127.37 -0.0442445 -1.59028e-015 -3.18055e-015 177.352 74.929 -178.974 179.678 -1.78706 79.7891 -25.7636 -0.0733186 -51.7246 -31.7326 9.54166e-015 1.59028e-015 25.3257 73.069 -16.3817 -18.6209 4.57565 -164.527 -36.6575 6.36111e-015 -5.76476e-015 0.208487 -4.93831 3.06807 90 -3.57812e-015 -3.18055e-015 -6.12861 -16.0049 178.983 -17.5013 0 2.60905e-016 7.53605 23.8631 1.12388 90 0 -0 
23.9648 89.2341 -44.4491 -86.5125 -23.4225 -178.848 10.2613 3.45267 5.00027 6.72493 1.70754e-006 5.12264e-006 -5.12265e-006 1.70755e-006 -8.53773e-006 1.70748e-006 -8.53774e-006 -4.95189e-005 24.3188 -15.3944 0.704989 -178.965 -6.73705 -81.2413 158.07 -11.0753 127.666 -0.0713732 1.59028e-015 -3.18055e-015 177.516 74.7708 -179.024 179.692 -1.73568 79.9284 -26.214 -0.419988 -52.7902 -31.9922 3.18055e-015 7.95139e-016 25.2777 72.9164 -16.2788 -20.0072 3.89197 -164.394 -39.4692 3.18055e-015 4.37326e-015 -0.960468 -5.66494 3.41304 90 -7.95139e-016 -0 -5.90876 -15.9913 179.094 -17.7268 -1.59028e-015 -5.96354e-016 7.92231 23.5444 0.846581 90 0 -6.36111e-015 
24.1786 89.1988 -44.3392 -86.3798 -23.1896 -178.759 10.5399 3.4863 4.92532 6.74994 1.70754e-006 5.12264e-006 -5.12265e-006 1.70755e-006 -8.53773e-006 1.70748e-006 -8.53774e-006 -4.95189e-005 23.7637 -15.0446 0.116633 -178.947 -6.74487 -81.1042 157.823 -11.1506 127.796 -0.0919517 0 -0 177.089 74.5892 -178.489 179.724 -1.58045 80.0952 -26.8147 -0.916944 -53.9136 -32.1705 -3.18055e-015 5.56597e-015 25.6283 72.4744 -16.567 -21.5282 3.4819 -164.326 -41.9497 0 7.95139e-016 -2.36836 -6.24123 3.93277 90 5.56597e-015 -3.18055e-015 -5.63851 -15.9893 179.188 -17.6995 0 6.95746e-016 8.20957 23.2839 0.646458 90 3.97569e-016 -3.18055e-015 
24.3952 89.1952 -44.3152 -86.3255 -22.998 -178.782 10.7533 3.59216 4.99284 6.75411 1.70754e-006 5.12264e-006 -5.12265e-006 1.70755e-006 -8.53773e-006 1.70748e-006 -8.53774e-006 -4.95189e-005 23.1995 -14.6829 -0.506179 -178.929 -6.70635 -80.9077 157.553 -11.5023 127.596 -0.0685545 1.59028e-015 -0 176.232 74.45 -177.706 179.765 -1.37931 80.3285 -27.3599 -1.61973 -55.0874 -32.368 3.18055e-015 -0 26.3098 72.0784 -17.1045 -22.687 3.44663 -164.358 -43.3584 3.18055e-015 7.95139e-016 -3.22328 -6.55423 5.11085 90 -7.95139e-016 -0 -5.16843 -15.968 179.374 -17.2309 1.59028e-015 1.98785e-016 8.30482 23.1121 0.586652 90 -3.97569e-016 -3.18055e-015 
24.6424 89.2256 -44.4193 -86.4258 -22.7418 -178.903 10.79 3.74383 5.12849 6.74482 1.70754e-006 5.12264e-006 -5.12265e-006 1.70755e-006 -8.53773e-006 1.70748e-006 -8.53774e-006 -4.95189e-005 22.6144 -14.3996 -1.16909 -178.871 -6.81178 -80.5629 157.236 -12.1615 127.201 -0.0656104 1.59028e-015 6.36111e-015 175.492 74.0976 -176.921 179.793 -1.23867 80.526 -27.8565 -2.68331 -56.1623 -32.6558 -1.59028e-014 -2.38542e-015 27.4704 71.6532 -18.2328 -23.2075 3.93781 -164.5 -42.896 6.36111e-015 -2.98177e-016 -2.90758 -4.43291 6.00444 90 3.18055e-015 -3.18055e-015 -4.56246 -15.724 179.584 -16.3807 -1.59028e-015 9.93923e-017 8.29003 23.0284 0.837096 90 0 3.18055e-015 
24.9436 89.2887 -44.6773 -86.5803 -22.4904 -178.988 10.7218 3.85581 5.20579 6.73534 1.70754e-006 5.12264e-006 -5.12265e-006 1.70755e-006 -8.53773e-006 1.70748e-006 -8.53774e-006 -4.95189e-005 22.1181 -14.0761 -1.77265 -178.771 -7.03466 -80.0624 156.736 -13.1963 126.708 0.0442696 -7.95139e-016 -0 175.23 74.0823 -176.671 179.816 -1.10184 80.5125 -28.4327 -4.12792 -56.9262 -33.0183 -6.36111e-015 -0 28.8169 71.1395 -19.5691 -23.0735 4.80163 -164.965 -40.284 -6.36111e-015 5.56597e-015 -2.10125 0.483852 5.90955 90 -7.95139e-016 -6.36111e-015 -3.78661 -15.5631 179.667 -15.1673 -1.59028e-015 1.98785e-016 8.13812 22.9369 1.26446 90 -7.95139e-016 -3.18055e-015 
25.3331 89.3347 -45.0505 -86.779 -22.3479 -179.215 10.5035 3.93249 5.41607 6.75542 1.70754e-006 5.12264e-006 -5.12265e-006 1.70755e-006 -8.53773e-006 1.70748e-006 -8.53774e-006 -4.95189e-005 21.7194 -13.6622 -2.30687 -178.677 -7.24397 -79.6222 155.976 -14.3908 125.934 -0.0395743 1.59028e-015 -0 174.903 74.27 -176.318 179.844 -0.929013 80.4866 -28.6962 -5.66677 -57.6049 -33.6532 3.18055e-015 -0 30.7967 70.4124 -21.5369 -22.7507 6.31921 -165.462 -36.1417 3.18055e-015 4.37326e-015 -2.19105 3.36877 5.37255 90 -1.59028e-015 -6.36111e-015 -2.80679 -15.6329 179.853 -13.6926 -7.95139e-016 4.96962e-017 7.87826 22.707 1.63505 90 0 6.36111e-015 
25.8001 89.3347 -45.5226 -87.0042 -22.2481 -179.595 10.2012 4.05302 5.75219 6.78156 1.70754e-006 5.12264e-006 -5.12265e-006 1.70755e-006 -8.53773e-006 1.70748e-006 -8.53774e-006 -4.95189e-005 21.3049 -13.3383 -2.78071 -178.603 -7.435 -79.3296 154.995 -15.7678 124.913 -0.0198035 -7.95139e-016 6.36111e-015 173.924 74.4795 -175.595 179.88 -0.721771 80.593 -28.4919 -7.10744 -58.2388 -34.874 -6.36111e-015 -7.15625e-015 33.1857 70.6382 -24.0351 -22.2407 8.23968 -165.936 -31.1155 0 7.95139e-016 -3.11022 4.0611 5.16464 90 -7.95139e-016 -0 -1.72801 -15.8004 -179.846 -12.1767 7.95139e-016 -2.73329e-016 7.627 22.4513 1.97584 90 0 -6.36111e-015 
26.3479 89.2726 -46.0968 -87.2742 -22.2207 179.922 9.79216 4.18112 6.11595 6.79324 1.70754e-006 5.12264e-006 -5.12265e-006 1.70755e-006 -8.53773e-006 1.70748e-006 -8.53774e-006 -4.95189e-005 20.9153 -13.1197 -3.11639 -178.533 -7.59287 -79.0342 153.821 -17.2923 123.915 -2.4786e-005 7.95139e-016 3.18055e-015 172.288 74.411 -174.148 179.904 -0.587226 80.723 -27.4313 -8.30627 -58.7159 -36.6887 0 -3.97569e-015 34.9507 70.6499 -26.3235 -21.6101 10.1728 -166.461 -25.9625 -9.54166e-015 1.59028e-015 -4.45955 3.74133 5.41973 90 -1.59028e-015 6.36111e-015 -0.824755 -16.0803 -179.561 -11.092 0 9.93923e-017 7.62779 22.2 2.41957 90 1.19271e-015 -9.54166e-015 
26.9755 89.1496 -46.7537 -87.561 -22.245 179.319 9.33584 4.21407 6.48396 6.78611 1.70754e-006 5.12264e-006 -5.12265e-006 1.70755e-006 -8.53773e-006 1.70748e-006 -8.53774e-006 -4.95189e-005 20.6027 -12.6483 -3.37538 -178.425 -7.8652 -78.641 152.199 -18.9922 123.101 -0.0198139 3.97569e-016 3.18055e-015 171.685 74.69 -173.641 179.927 -0.446418 80.7686 -26.127 -9.46421 -58.7419 -39.4827 -9.54166e-015 -3.18055e-015 38.601 72.1093 -30.3621 -21.4758 12.6197 -166.723 -22.1436 6.36111e-015 7.95139e-016 -5.36978 2.64373 5.62224 90 2.38542e-015 3.18055e-015 -0.46893 -16.2576 -179.361 -11.1979 -2.38542e-015 -0 8.07534 22.083 2.96113 90 -3.97569e-016 -0 
27.7086 88.9648 -47.5099 -87.7424 -22.3808 178.642 8.90587 4.19916 6.88007 6.75026 1.70754e-006 5.12264e-006 -5.12265e-006 1.70755e-006 -8.53773e-006 1.70748e-006 -8.53774e-006 -4.95189e-005 20.4096 -12.1713 -3.5233 -178.328 -8.04432 -78.2164 150.756 -20.6222 122.404 -5.54676e-006 1.39149e-015 -3.18055e-015 169.6 75.0856 -171.848 179.967 -0.206962 80.839 -24.8492 -10.5456 -58.3356 -43.2861 3.18055e-015 1.59028e-015 39.237 72.1031 -31.6901 -21.7306 14.7296 -166.801 -20.3586 -3.18055e-015 1.59028e-015 -5.96205 2.46966 5.38752 90 -1.59028e-015 -6.36111e-015 -0.314745 -16.3691 -179.207 -12.1327 7.95139e-016 1.98785e-016 8.93499 22.1833 3.73753 90 3.97569e-016 -6.36111e-015 
28.551 88.7367 -48.4062 -87.8502 -22.6278 178.035 8.45869 4.14382 7.15029 6.72205 1.70754e-006 5.12264e-006 -5.12265e-006 1.70755e-006 -8.53773e-006 1.70748e-006 -8.53774e-006 -4.95189e-005 20.2811 -11.6537 -3.62894 -178.208 -8.28253 -77.7457 149.208 -22.1049 121.841 -4.96962e-015 2.78299e-015 -3.18055e-015 169.008 75.654 -171.422 -179.991 0.0588383 80.8639 -23.2147 -11.333 -57.44 -48.1607 0 6.36111e-015 38.1943 71.9449 -31.5012 -22.5332 16.3837 -166.882 -21.47 6.36111e-015 1.19271e-015 -3.89409 2.50448 6.77162 90 -1.59028e-015 6.36111e-015 0.0206314 -16.4247 -179.11 -13.0367 2.38542e-015 1.19271e-015 9.85231 22.5181 4.38258 90 7.95139e-016 -0 
29.5161 88.4893 -49.4051 -87.8877 -23.0857 177.563 7.9943 4.05028 7.17301 6.70035 1.70754e-006 5.12264e-006 -5.12265e-006 1.70755e-006 -8.53773e-006 1.70748e-006 -8.53774e-006 -4.95189e-005 20.1502 -11.1624 -3.45253 -178.12 -8.49226 -77.4665 147.766 -23.2606 121.292 -0.0198172 2.78299e-015 -0 169.005 76.6869 -171.629 -179.959 0.256101 80.8648 -21.0819 -11.757 -56.1568 -54.0814 -3.18055e-015 -6.36111e-015 42.2563 74.1664 -36.5307 -22.6379 17.6546 -167.167 -22.5723 0 2.98177e-016 -1.0732 -0.488994 8.1513 90 -3.97569e-015 -1.27222e-014 0.605944 -16.478 -179.089 -13.7773 0 -0 10.7819 23.1229 4.98167 90 -7.95139e-016 6.36111e-015 
30.5762 88.2447 -50.5138 -87.8566 -23.735 177.423 7.58012 3.97852 6.6849 6.63796 1.70754e-006 5.12264e-006 -5.12265e-006 1.70755e-006 -8.53773e-006 1.70748e-006 -8.53774e-006 -4.95189e-005 20.0707 -11.1992 -2.88343 -178.097 -8.57418 -77.4334 146.73 -24.0901 120.845 -0.0523409 -1.59028e-015 -0 170.321 77.9114 -173.198 -179.942 0.358345 80.8261 -18.5143 -11.3159 -54.4514 -60.2866 6.36111e-015 4.77083e-015 46.7492 75.6028 -41.9224 -22.2294 17.1139 -167.774 -24.2079 -6.36111e-015 -1.49089e-015 2.12254 -1.78053 9.70296 90 7.95139e-016 -0 1.39112 -16.3742 -179.319 -14.2748 -1.59028e-015 -7.95139e-016 11.661 23.9962 5.39942 90 -3.97569e-016 -0 
31.6842 88.0263 -51.7647 -87.7184 -24.4157 177.906 7.30253 4.02684 5.41856 6.59648 1.70754e-006 5.12264e-006 -5.12265e-006 1.70755e-006 -8.53773e-006 1.70748e-006 -8.53774e-006 -4.95189e-005 19.9677 -11.3505 -2.05063 -178.112 -8.59183 -77.5573 145.958 -24.7236 120.704 -0.039574 1.98785e-015 -3.18055e-015 173.108 79.6282 -176.247 -179.945 0.340223 80.778 -15.9069 -9.9572 -52.312 -66.7575 3.18055e-015 1.59028e-015 44.3049 76.2061 -39.7511 -21.5945 15.1048 -168.828 -26.4773 -3.18055e-015 2.38542e-015 4.41279 -2.39429 8.92513 90 7.95139e-016 -9.54166e-015 2.13438 -16.1468 179.855 -14.8427 -1.59028e-015 -1.59028e-015 12.6014 25.1858 5.71519 90 3.97569e-016 -0 
32.7911 87.7446 -53.1636 -87.508 -24.8303 178.878 7.13251 4.57007 3.63811 6.61739 1.70754e-006 5.12264e-006 -5.12265e-006 1.70755e-006 -8.53773e-006 1.70748e-006 -8.53774e-006 -4.95189e-005 19.5957 -11.9521 -1.19697 -178.196 -8.49633 -77.9659 145.49 -25.01 120.726 -0.0685287 2.38542e-015 -3.18055e-015 176.04 80.963 -179.352 -179.985 0.0941182 81.0395 -12.6135 -7.44342 -49.9071 -73.9375 3.18055e-015 -6.36111e-015 42.9643 77.8039 -39.1363 -20.7818 14.6298 -170.028 -28.2975 -3.18055e-015 7.95139e-016 6.60889 -0.827059 8.23002 90 -7.95139e-016 -6.36111e-015 2.10179 -15.5775 178.366 -16.6994 1.59028e-015 -0 13.9234 26.7037 5.74975 90 1.98785e-016 -0 
33.8026 87.3842 -54.6504 -87.4869 -25.2278 -179.818 7.0605 4.98106 1.40461 6.56175 1.70754e-006 5.12264e-006 -5.12265e-006 1.70755e-006 -8.53773e-006 1.70748e-006 -8.53774e-006 -4.95189e-005 19.0463 -12.5069 -0.270759 -178.292 -8.47297 -78.5607 145.963 -24.8954 121.03 -0.039568 9.93923e-016 6.36111e-015 179.008 81.7301 177.515 179.947 -0.354584 81.4344 -9.30938 -3.38337 -46.9392 -81.3357 -3.18055e-015 3.18055e-015 43.3662 80.9346 -40.688 -19.7462 15.0601 -171.493 -29.3942 -3.18055e-015 7.95139e-016 8.39967 -0.0723523 6.25647 90 -7.95139e-016 9.54166e-015 -0.566197 -14.027 175.997 -22.8521 1.59028e-015 -0 15.5183 29.268 5.77149 90 -2.98177e-016 6.36111e-015 
34.7203 87.0552 -56.0115 -87.3488 -26.4319 -178.449 7.48207 4.35983 -0.811149 6.40304 1.70754e-006 5.12264e-006 -5.12265e-006 1.70755e-006 -8.53773e-006 1.70748e-006 -8.53774e-006 -4.95189e-005 18.3749 -12.8482 0.62489 -178.421 -8.30929 -79.2026 147.23 -24.516 121.74 4.40277e-007 2.12141e-015 -3.18055e-015 -176.652 82.4423 173.204 179.85 -1.06937 82.0171 -6.66663 2.88391 -43.6885 -87.4984 3.18055e-015 6.36111e-015 36.1428 84.4498 -34.6952 -18.6346 14.3702 -173.516 -30.3373 -6.36111e-015 7.95139e-016 9.90179 -0.00888485 5.19651 90 -3.97569e-016 6.36111e-015 -4.19262 -12.6826 173.576 -31.41 1.59028e-015 3.18056e-015 16.4891 32.9462 7.69564 90 1.98785e-016 3.18055e-015 
35.6275 86.8793 -57.2142 -87.1743 -28.3865 -177.813 7.9425 3.3652 -1.87533 6.29914 1.70754e-006 5.12264e-006 -5.12265e-006 1.70755e-006 -8.53773e-006 1.70748e-006 -8.53774e-006 -4.95189e-005 17.8761 -13.6599 1.23318 -178.588 -7.72953 -79.6123 148.134 -24.0823 122.7 -0.0395935 -1.78906e-015 3.18055e-015 -171.62 83.4685 168.453 179.779 -1.82436 83.0907 -5.02813 10.9953 -40.3562 -90.781 -3.18055e-015 6.36111e-015 -19.9897 86.7846 19.7528 -17.8419 13.1819 -174.787 -31.1402 3.18055e-015 -7.95139e-016 11.1649 0.562179 4.74624 90 3.97569e-016 6.36111e-015 -8.76757 -12.9349 171.889 -41.096 1.59028e-015 -0 15.7255 36.4249 6.47241 90 -3.97569e-016 -6.36111e-015 
36.4933 86.8724 -58.3568 -87.1631 -30.1118 -177.407 8.25016 3.1893 -2.51312 6.3118 1.70754e-006 5.12264e-006 -5.12265e-006 1.70755e-006 -8.53773e-006 1.70748e-006 -8.53774e-006 -4.95189e-005 17.7027 -15.0445 1.75359 -178.79 -6.97875 -80.1387 148.077 -23.391 123.553 -0.0656074 3.97569e-016 -0 -168.766 83.5544 165.596 179.745 -2.68663 84.5778 -4.20394 20.0109 -36.7477 -90.8624 0 -0 -60.069 83.9227 58.9655 -16.8182 12.7987 -175.685 -30.9754 0 1.59028e-015 11.951 1.83109 4.18754 90 1.59028e-015 -0 -14.8085 -12.9747 169.835 -51.4551 -3.18056e-015 -3.18056e-015 10.3951 39.9528 5.3851 90 -2.38542e-015 -0 
37.3439 86.9437 -59.3034 -87.4292 -31.9807 -177.201 8.70664 3.31811 -2.95477 6.09652 1.70754e-006 5.12264e-006 -5.12265e-006 1.70755e-006 -8.53773e-006 1.70748e-006 -8.53774e-006 -4.95189e-005 17.478 -16.7384 2.30152 -178.973 -6.23473 -80.6246 148.721 -22.2622 124.826 1.32104e-005 4.77083e-015 -3.18055e-015 -172.075 82.899 168.844 179.766 -3.5671 86.2478 -5.04106 28.5541 -32.2316 -87.3656 0 -3.18055e-015 -72.7829 80.0849 70.4033 -15.8952 12.3702 -176.433 -30.2186 6.36111e-015 3.18055e-015 12.3018 3.04842 3.46116 90 7.95139e-016 6.36111e-015 -20.3757 -13.1252 167.519 -58.1413 1.59028e-015 1.59028e-015 3.4388 39.4258 6.85796 90 -7.95139e-016 6.36111e-015 
38.2951 87.1095 -60.0035 -87.8867 -34.6625 -177.494 9.2284 3.11146 -2.75264 5.78638 1.70754e-006 5.12264e-006 -5.12265e-006 1.70755e-006 -8.53773e-006 1.70748e-006 -8.53774e-006 -4.95189e-005 17.1691 -18.3818 2.75025 -179.101 -5.40337 -80.5387 150.06 -21.1183 126.831 -0.0568566 1.59028e-015 -0 -173.503 82.6579 170.544 179.878 -4.08399 88.2912 -8.22576 35.6229 -26.8856 -80.1984 0 -0 -81.2665 78.4005 78.7814 -15.2788 11.5724 -176.667 -29.2099 0 -7.95139e-016 12.3638 4.73522 2.77261 90 7.95139e-016 9.54166e-015 -24.5481 -13.7927 165.538 -60.4704 1.59028e-015 3.18056e-015 0.343547 30.8273 12.024 90 7.95139e-016 3.18055e-015 
39.3567 87.3864 -60.512 -88.4542 -38.0012 -177.927 9.8297 2.88933 -2.29562 5.60943 1.70754e-006 5.12264e-006 -5.12265e-006 1.70755e-006 -8.53773e-006 1.70748e-006 -8.53774e-006 -4.95189e-005 16.575 -20.2998 3.2048 -179.268 -4.31932 -80.3676 152.459 -19.3387 128.864 -0.0442609 0 6.36111e-015 -175.175 81.8 172.658 -179.965 -4.42191 90.4478 -12.6532 40.6237 -20.7896 -70.6521 -6.36111e-015 -6.36111e-015 -73.6539 78.3559 72.6453 -14.579 10.3608 -176.834 -27.5795 -6.36111e-015 -1.59028e-015 11.9906 6.66424 2.18406 90 -3.97569e-016 -6.36111e-015 -27.4461 -15.1221 163.948 -57.8162 0 -1.59028e-015 -1.0595 26.3611 14.883 90 -1.68967e-015 3.18055e-015 
40.4736 87.6916 -60.8463 -89.3624 -41.6346 -178.42 10.4082 2.88058 -1.79782 5.52279 1.70754e-006 5.12264e-006 -5.12265e-006 1.70755e-006 -8.53773e-006 1.70748e-006 -8.53774e-006 -4.95189e-005 15.5713 -21.7925 3.164 -179.461 -3.13359 -80.2253 154.755 -17.3727 130.536 -3.7441e-005 3.18055e-015 1.59028e-015 -174.769 80.8493 172.702 -179.761 -5.13807 92.6714 -17.4209 43.2787 -13.9973 -58.6478 -1.27222e-014 -3.18055e-015 -72.1981 78.3056 71.1912 -13.953 9.2331 -177.028 -25.4577 0 2.38542e-015 11.2969 8.98845 1.62815 90 -1.59028e-015 -3.18055e-015 -29.2731 -16.2402 162.818 -51.2198 0 -1.59028e-015 -1.89693 26.1301 14.3566 90 -7.95139e-016 -0 
41.627 87.9353 -60.9738 -90.7512 -45.5674 -179.068 10.8657 3.15882 -1.20111 5.5436 1.70754e-006 5.12264e-006 -5.12265e-006 1.70755e-006 -8.53773e-006 1.70748e-006 -8.53774e-006 -4.95189e-005 14.2257 -21.8533 2.11245 -179.65 -1.93814 -79.7428 156.118 -15.7661 132.273 -0.04875 -6.36111e-015 -0 -172.359 80.7561 170.789 -179.414 -6.2423 95.3716 -20.9952 44.3775 -8.23868 -44.5356 -3.18055e-015 -4.77083e-015 -83.7515 81.6496 84.4881 -14.0249 8.01524 -177.171 -23.7355 6.36111e-015 7.95139e-016 10.1537 11.5123 0.2888 90 0 -0 -29.9142 -16.4703 162.044 -41.833 -3.18056e-015 -3.18056e-015 -4.58489 25.4239 14.2006 90 1.98785e-016 -0 
42.8798 88.0699 -60.8864 -92.6573 -49.7076 -179.985 11.337 3.97916 -0.492581 5.55278 1.70754e-006 5.12264e-006 -5.12265e-006 1.70755e-006 -8.53773e-006 1.70748e-006 -8.53774e-006 -4.95189e-005 12.8243 -19.4576 -0.189474 -179.822 -0.909567 -78.9237 156.543 -14.4677 134.17 -1.89816e-005 3.18055e-015 -1.59028e-015 -173.862 80.4929 173.141 -178.908 -7.56394 98.2398 -22.1443 44.0847 -4.38007 -29.8713 -3.18055e-015 -1.59028e-015 -126.969 86.2331 130.498 -14.6047 6.13345 -177.467 -22.3286 6.36111e-015 -0 9.06207 13.6027 -1.04615 90 -8.94531e-016 -0 -29.8354 -14.7459 161.756 -32.5438 0 -0 -6.81276 21.3692 15.3883 90 0 -0 
44.3019 88.0689 -60.5875 -94.8268 -54.0234 178.902 11.9957 5.19826 0.0573057 5.59839 1.70754e-006 5.12264e-006 -5.12265e-006 1.70755e-006 -8.53773e-006 1.70748e-006 -8.53774e-006 -4.95189e-005 12.488 -14.698 -2.49394 -179.97 -0.151075 -78.7511 156.617 -12.5695 135.055 -0.0721602 6.36111e-015 1.59028e-015 -178.223 79.0928 178.101 -178.571 -7.97406 100.196 -19.8887 43.5791 -3.03531 -22.5296 3.18055e-015 1.59028e-015 -6.04373 80.1409 17.0714 -15.5377 4.57556 -177.619 -21.3813 0 -0 8.4395 16.1174 -2.73337 90 -2.48481e-017 -3.18055e-015 -28.5569 -10.678 161.792 -23.5275 -6.36111e-015 1.59028e-015 -10.1752 14.0939 18.7523 90 0 -0 
45.9843 87.8991 -60.106 -97.198 -59.0974 177.34 12.8123 5.29195 0.538251 5.491 1.70754e-006 5.12264e-006 -5.12265e-006 1.70755e-006 -8.53773e-006 1.70748e-006 -8.53774e-006 -4.95189e-005 14.3986 -7.46564 -4.04675 179.972 0.147943 -79.3982 157.399 -10.4237 134.655 5.06029e-007 0 -3.97569e-015 178.51 77.2391 -178.603 -178.591 -7.33228 100.907 -13.765 48.4231 -4.40785 -22.4768 0 -1.59028e-015 -1.723 85.0697 11.8125 -16.7916 2.35687 -177.6 -21.0091 3.18055e-015 -3.97569e-016 8.26116 18.7496 -4.846 90 1.98785e-016 -0 -26.3239 -4.9558 162.045 -16.999 9.54167e-015 1.59028e-015 -12.0177 7.00373 21.2326 90 3.18055e-015 -6.36111e-015 
47.9628 87.687 -59.5119 -99.8483 -65.1386 174.865 13.602 3.22221 1.71618 5.42704 1.70754e-006 5.12264e-006 -5.12265e-006 1.70755e-006 -8.53773e-006 1.70748e-006 -8.53774e-006 -4.95189e-005 17.923 1.00443 -5.91449 179.988 0.0672623 -79.5009 159.244 -9.54886 134.649 -3.7986e-005 -9.54166e-015 1.98785e-015 -179.113 76.9916 179.492 -179.227 -4.13846 100.586 -12.3989 46.1631 -4.24094 -23.3808 3.18055e-015 1.59028e-015 59.9593 81.4681 -48.8888 -18.0999 -0.64063 -177.187 -20.866 3.18055e-015 3.77691e-015 8.22263 21.4174 -6.95248 90 9.93923e-017 -0 -24.767 -1.9978 162.203 -15.6477 9.54167e-015 3.97569e-016 -12.1309 7.96872 17.2547 90 1.39149e-015 6.36111e-015 
50.1147 87.4743 -58.791 -103.165 -70.9826 171.394 14.5656 -0.174721 2.79923 5.4857 1.70754e-006 5.12264e-006 -5.12265e-006 1.70755e-006 -8.53773e-006 1.70748e-006 -8.53774e-006 -4.95189e-005 22.2249 10.9629 -7.53426 -179.853 -0.841831 -80.0556 161.754 -8.83018 133.976 -2.48068e-005 9.54166e-015 -3.77691e-015 -177.486 77.1098 178.328 -179.907 -0.522087 100.088 -13.3688 44.0716 -5.15081 -25.7268 -3.18055e-015 -1.59028e-015 72.3739 79.1259 -60.9842 -19.2867 -3.6629 -176.497 -20.6429 0 2.88238e-015 8.06615 23.9632 -8.94714 90 -1.98785e-016 -6.36111e-015 -24.2727 -1.77449 162.316 -19.2763 3.18056e-015 -1.98785e-015 -7.8492 11.2 14.977 90 -9.93923e-016 -0 
52.1039 87.4524 -57.9582 -108.258 -74.517 166.175 15.0627 -1.76044 3.4078 5.94924 1.70754e-006 5.12264e-006 -5.12265e-006 1.70755e-006 -8.53773e-006 1.70748e-006 -8.53774e-006 -4.95189e-005 25.697 19.4436 -9.1897 -179.688 -1.90131 -80.6653 163.42 -8.21256 132.739 -0.0217177 0 3.18055e-015 -175.631 77.5291 176.771 179.683 1.758 100.217 -11.934 44.7503 -8.43852 -28.5646 -3.18055e-015 -0 75.4807 76.4316 -63.8835 -20.0449 -5.68883 -175.695 -19.2483 3.18055e-015 -1.83876e-015 6.94218 25.0987 -9.67229 90 -9.93923e-017 -0 -24.9716 -2.63962 162.728 -21.463 0 1.59028e-015 -5.55771 11.9144 13.2708 90 0 -9.54166e-015 
53.7572 87.6026 -57.1047 -114.445 -76.4403 160.192 15.3455 -1.65436 3.50782 6.48618 1.70754e-006 5.12264e-006 -5.12265e-006 1.70755e-006 -8.53773e-006 1.70748e-006 -8.53774e-006 -4.95189e-005 27.8851 24.8228 -10.8796 -179.565 -2.88274 -81.4174 163.442 -7.77246 130.983 -7.59373e-006 0 -2.38542e-015 -175.869 77.9671 176.578 179.383 3.19474 100.931 -8.47729 44.372 -12.9723 -31.4433 -3.18055e-015 3.18055e-015 79.481 74.4671 -67.7067 -20.2184 -6.73412 -175.218 -16.5014 -6.36111e-015 -9.93923e-017 4.74736 24.8623 -9.76863 90 1.98785e-016 -0 -26.3102 -4.87379 162.828 -22.1353 0 7.95139e-016 -4.56332 12.1361 12.1273 90 3.97569e-016 6.36111e-015 
55.2648 87.8362 -56.1606 -123.694 -78.1137 151.228 15.4709 -1.1646 3.43508 6.77987 1.70754e-006 5.12264e-006 -5.12265e-006 1.70755e-006 -8.53773e-006 1.70748e-006 -8.53774e-006 -4.95189e-005 28.9098 28.7401 -12.0022 -179.515 -3.64124 -82.4049 162.27 -7.63645 129.161 1.59028e-015 -3.18055e-015 4.77083e-015 179.828 77.5727 -179.788 179.203 4.00289 101.268 -4.99125 40.4327 -16.4765 -34.0213 -4.77083e-015 3.18055e-015 83.1857 74.2616 -71.4017 -20.4184 -6.33756 -174.842 -12.7175 0 -1.98785e-016 1.53644 24.5502 -9.83833 90 1.98785e-016 -9.54166e-015 -27.4815 -8.22619 162.863 -21.2022 0 7.95139e-016 -4.22376 13.5605 10.7411 90 3.97569e-016 -3.18055e-015 
56.5603 88.1457 -55.2503 -135.94 -79.3538 139.121 15.3925 -1.0132 3.55747 7.01844 1.70754e-006 5.12264e-006 -5.12265e-006 1.70755e-006 -8.53773e-006 1.70748e-006 -8.53774e-006 -4.95189e-005 29.5202 31.7375 -13.5095 -179.487 -4.03137 -82.7385 161.266 -8.43969 128.064 -1.42146e-005 0 3.18055e-015 176.289 76.754 -176.889 179.171 4.39629 100.686 -3.18276 36.9316 -18.7928 -35.3491 7.95139e-016 -1.59028e-015 76.0745 73.6086 -64.6573 -20.7862 -4.48833 -174.767 -8.95277 3.18055e-015 -1.59028e-015 -2.26136 23.0076 -9.43828 90 -1.98785e-016 3.18055e-015 -28.6415 -10.1631 162.967 -20.6145 -3.18056e-015 -1.98785e-016 -4.81289 15.3698 9.613 90 -3.97569e-016 -6.36111e-015 
57.6224 88.3944 -54.5268 -149.375 -80.4307 125.767 15.4552 -1.52356 3.68327 7.24703 1.70754e-006 5.12264e-006 -5.12265e-006 1.70755e-006 -8.53773e-006 1.70748e-006 -8.53774e-006 -4.95189e-005 30.0616 33.7055 -15.265 -179.444 -4.49008 -82.9306 159.951 -10.0226 127.204 -2.07078e-005 -6.36111e-015 1.27222e-014 175.327 76.4618 -176.266 179.236 4.38303 99.8982 -1.95593 34.9218 -21.8751 -36.424 -3.18055e-015 4.37326e-015 64.3698 73.8951 -51.7876 -20.9969 -2.7305 -175.091 -7.61096 0 1.59028e-015 -2.9873 18.0508 -8.1834 90 1.11816e-016 -0 -28.9444 -11.3841 163.012 -19.8647 -3.18056e-015 -1.98785e-015 -5.24827 17.5554 9.00739 90 0 -3.18055e-015 
58.4471 88.5522 -53.9167 -165.932 -81.2932 109.152 15.5847 -1.85642 4.05147 7.31556 1.70754e-006 5.12264e-006 -5.12265e-006 1.70755e-006 -8.53773e-006 1.70748e-006 -8.53774e-006 -4.95189e-005 30.5067 34.537 -16.5645 -179.432 -4.7088 -83.1147 157.728 -11.873 126.412 1.77716e-005 -3.18055e-015 4.77083e-015 172.836 76.0832 -174.048 179.342 4.26732 98.7738 -1.09261 33.2947 -24.1243 -36.9043 0 -3.18055e-015 49.4085 73.2815 -36.0545 -21.1486 -2.03007 -175.331 -9.46601 2.38542e-015 -5.46658e-016 -1.15442 14.3601 -4.98272 90 -2.78299e-015 3.18055e-015 -28.6783 -11.8566 163.123 -19.4276 3.18056e-015 -1.78906e-015 -5.40695 20.247 8.8253 90 1.98785e-016 -0 
58.9901 88.6581 -53.3965 177.497 -81.4061 92.4856 15.3976 -1.54425 4.44284 7.36448 1.70754e-006 5.12264e-006 -5.12265e-006 1.70755e-006 -8.53773e-006 1.70748e-006 -8.53774e-006 -4.95189e-005 30.9461 34.3258 -17.5468 -179.453 -4.49409 -83.0549 155.504 -13.7996 125.712 -0.104699 -9.54166e-015 6.36111e-015 170.481 75.4129 -172.188 179.526 3.7434 97.2271 0.290435 31.6031 -25.2452 -37.5486 4.77083e-015 -3.77691e-015 38.5718 72.2626 -24.8381 -21.0538 -0.565299 -175.161 -12.4877 7.20594e-016 -9.6771e-016 0.154666 13.3237 -1.9748 90 -1.15544e-015 3.18055e-015 -28.6331 -12.7456 162.985 -19.2061 3.18056e-015 -4.96962e-016 -5.40967 21.755 8.79962 90 1.98785e-016 6.36111e-015 
59.3557 88.748 -52.9975 163.562 -81.0001 78.2723 15.083 -1.42642 4.77693 7.37741 1.70754e-006 5.12264e-006 -5.12265e-006 1.70755e-006 -8.53773e-006 1.70748e-006 -8.53774e-006 -4.95189e-005 31.5297 34.1368 -18.7295 -179.399 -4.67932 -82.6683 154.158 -15.7336 125.206 -1.76556e-031 -3.18055e-015 -3.18055e-015 168.477 75.2045 -170.513 179.75 2.7046 95.2879 1.85074 30.4267 -25.8672 -38.4162 -2.78299e-015 2.73329e-016 27.3582 71.0357 -13.6736 -20.8475 0.565149 -174.499 -16.5637 0 1.2424e-015 2.46275 12.6161 0.48311 90 -1.93815e-015 -1.59028e-015 -28.5742 -14.4023 162.799 -18.7606 -6.36111e-015 2.08724e-015 -5.5073 22.2909 8.66435 90 -5.96354e-016 3.18055e-015 
59.6051 88.8254 -52.6632 152.968 -80.3864 67.12 14.8254 -1.47134 5.01968 7.43296 1.70754e-006 5.12264e-006 -5.12265e-006 1.70755e-006 -8.53773e-006 1.70748e-006 -8.53774e-006 -4.95189e-005 31.8238 34.5169 -19.94 -179.315 -5.11128 -82.357 153.628 -17.4381 124.616 0.0342572 6.36111e-015 3.18055e-015 168.965 76.2944 -171.077 179.885 1.9014 93.4609 3.60415 29.9839 -27.0926 -40.2229 6.17475e-015 -2.65874e-015 20.2172 69.5716 -6.53718 -20.6705 1.83649 -173.23 -21.0008 0 -0 5.70229 11.6482 1.68956 90 2.13694e-015 -0 -27.9635 -15.8481 163.036 -17.7635 3.18056e-015 4.96962e-016 -5.90227 22.8725 8.63874 90 -1.98785e-016 -6.36111e-015 
59.6941 88.8894 -52.4087 142.935 -79.4158 56.5599 14.4723 -1.91544 5.01954 7.40494 1.70754e-006 5.12264e-006 -5.12265e-006 1.70755e-006 -8.53773e-006 1.70748e-006 -8.53774e-006 -4.95189e-005 32.2919 35.3596 -20.827 -179.256 -5.55234 -82.3595 153.507 -18.8104 123.807 -1.47105e-005 -3.18055e-015 -1.27222e-014 170.894 77.3341 -173.011 179.915 2.034 92.4026 5.16997 28.812 -29.5727 -43.0276 3.926e-015 -2.90723e-015 12.839 67.0993 0.842995 -20.8002 4.25282 -171.709 -24.7348 0 1.98785e-015 7.29972 10.0219 3.09896 90 -7.70291e-016 1.98785e-016 -27.1347 -17.4813 163.131 -16.4961 3.18056e-015 -8.94531e-016 -6.35576 23.5095 8.72224 90 0 -3.18055e-015 
59.6206 88.9517 -52.2162 134.285 -78.1934 47.3557 14.0626 -2.63896 4.82938 7.34834 1.70754e-006 5.12264e-006 -5.12265e-006 1.70755e-006 -8.53773e-006 1.70748e-006 -8.53774e-006 -4.95189e-005 32.8872 36.2233 -21.5297 -179.2 -5.92632 -82.2929 153.838 -19.9227 123.266 -0.0815779 -3.18055e-015 6.36111e-015 170.465 77.4323 -172.759 179.95 2.36479 91.2058 5.77343 26.6703 -31.2286 -46.7093 -3.57812e-015 1.98785e-015 8.56022 64.7084 5.27333 -21.226 7.98418 -169.838 -26.9897 0 -1.59028e-015 7.51261 7.63052 5.55472 90 5.96354e-016 -0 -26.1614 -19.1304 163.165 -15.2126 -1.59028e-015 -6.95746e-016 -6.95344 24.2525 9.10374 90 0 1.90833e-014 
59.3834 88.9782 -52.0403 127.422 -76.9669 39.8811 13.6982 -3.24885 4.4761 7.35962 1.70754e-006 5.12264e-006 -5.12265e-006 1.70755e-006 -8.53773e-006 1.70748e-006 -8.53774e-006 -4.95189e-005 33.0645 36.9489 -22.0871 -179.152 -6.27357 -82.2819 153.641 -20.9546 122.917 8.90043e-006 0 -0 171.57 77.9077 -173.996 179.961 2.85476 90.7667 6.58241 24.158 -33.8928 -50.6718 2.78299e-015 -4.77083e-015 4.20159 62.9658 10.178 -21.6342 12.2102 -167.78 -26.941 0 2.38542e-015 6.52486 4.89281 7.60259 90 -1.59028e-015 -0 -25.0131 -20.6923 163.248 -13.8928 1.59028e-015 2.31087e-015 -7.67534 24.9081 9.66545 90 5.96354e-016 -6.36111e-015 
58.9816 88.9441 -51.8277 122.239 -75.6817 34.0309 13.25 -3.43227 3.96284 7.3306 1.70754e-006 5.12264e-006 -5.12265e-006 1.70755e-006 -8.53773e-006 1.70748e-006 -8.53774e-006 -4.95189e-005 32.7681 37.3334 -22.0619 -179.122 -6.5653 -82.3675 153.385 -21.2721 122.762 -0.112589 3.18055e-015 -3.18055e-015 168.882 77.5215 -171.454 179.95 3.35246 90.8575 8.00373 20.5378 -37.2574 -55.5758 -7.95139e-016 5.56597e-015 -3.26853 61.3812 18.5573 -22.3361 16.4136 -165.855 -25.3758 -3.18055e-015 3.18055e-015 4.85736 1.68931 9.84928 90 -7.95139e-016 -3.18055e-015 -23.9519 -22.0488 163.325 -12.7294 1.59028e-015 -6.08778e-016 -8.46155 25.4873 10.4063 90 -3.97569e-016 6.36111e-015 
58.4038 88.8085 -51.664 117.326 -74.3632 28.2313 12.8977 -3.64649 3.59273 7.28135 1.70754e-006 5.12264e-006 -5.12265e-006 1.70755e-006 -8.53773e-006 1.70748e-006 -8.53774e-006 -4.95189e-005 32.4105 37.5625 -21.8675 -179.09 -6.7451 -82.2983 154.032 -21.2562 122.946 -0.0325471 3.18055e-015 -0 165.848 76.6956 -168.624 179.995 3.56618 90.082 8.82775 17.387 -39.0836 -59.5804 5.56597e-015 2.38542e-015 -7.92672 59.1977 23.3655 -23.7872 20.7356 -163.603 -24.1632 -6.36111e-015 -6.36111e-015 2.95075 -2.08081 11.2316 90 4.77083e-015 -0 -22.6108 -23.6987 163.508 -11.565 1.59028e-015 -1.2424e-016 -9.16524 25.8291 11.2551 90 -3.97569e-016 -0 
57.6015 88.5141 -51.5323 112.935 -73.0222 22.7029 12.5271 -3.70895 3.52344 7.1663 1.70754e-006 5.12264e-006 -5.12265e-006 1.70755e-006 -8.53773e-006 1.70748e-006 -8.53774e-006 -4.95189e-005 32.382 37.4964 -21.6229 -179.048 -6.94691 -82.1777 154.057 -21.2261 123.18 -1.43575e-005 0 -3.18055e-015 165.538 77.1933 -168.198 -179.968 3.85893 89.5203 9.19927 13.9656 -40.9265 -63.3849 4.77083e-015 4.77083e-015 -13.8215 56.9062 29.7738 -26.6008 23.7293 -160.868 -26.0843 6.36111e-015 -3.18055e-015 2.56345 -4.82592 11.1628 90 -3.18055e-015 6.36111e-015 -21.1756 -24.9193 163.816 -10.966 -1.59028e-015 -4.78326e-016 -9.69888 26.4625 12.3364 90 1.98785e-016 -1.27222e-014 
56.5454 88.0848 -51.4084 108.848 -71.6275 17.3448 12.1763 -3.59023 3.61389 7.05133 1.70754e-006 5.12264e-006 -5.12265e-006 1.70755e-006 -8.53773e-006 1.70748e-006 -8.53774e-006 -4.95189e-005 32.1245 36.7933 -20.9128 -179.001 -7.07661 -81.9431 154.481 -20.7673 123.596 3.69719e-006 -3.18055e-015 -3.18055e-015 165.45 76.6654 -167.976 -179.918 3.98538 88.825 9.72093 11.3098 -42.283 -65.767 0 -1.59028e-015 -15.7992 54.8742 31.5731 -27.9375 22.8984 -159.5 -28.6375 -6.36111e-015 -1.59028e-015 3.9207 -5.79444 7.29982 90 7.95139e-015 -0 -19.6711 -25.5891 164.144 -10.9332 1.59028e-015 -4.1838e-015 -10.1764 27.5756 13.6804 90 -2.98177e-016 3.18055e-015 
55.1689 87.5801 -51.2131 105.189 -70.2212 12.5602 11.8597 -3.41011 3.57891 6.98567 1.70754e-006 5.12264e-006 -5.12265e-006 1.70755e-006 -8.53773e-006 1.70748e-006 -8.53774e-006 -4.95189e-005 31.6133 35.6671 -19.7552 -178.954 -7.07839 -81.5744 155.134 -20.1221 124.094 -0.0197886 -6.36111e-015 1.59028e-015 167.074 76.3807 -169.352 -179.852 3.86143 87.8012 9.59757 8.7987 -42.2504 -67.0237 -1.59028e-015 -0 -17.4932 53.2242 32.826 -27.8964 21.0829 -159.848 -30.6046 6.36111e-015 -1.59028e-015 7.25083 -7.19944 7.94608 90 0 6.36111e-015 -18.3589 -26.3449 164.061 -11.046 -1.59028e-015 -5.97907e-016 -10.8821 28.4608 15.1898 90 1.98785e-016 -0 
53.5015 87.0368 -51.0066 101.714 -68.7885 8.26098 11.5841 -2.9592 3.21876 7.01883 1.70754e-006 5.12264e-006 -5.12265e-006 1.70755e-006 -8.53773e-006 1.70748e-006 -8.53774e-006 -4.95189e-005 30.9264 34.525 -18.3602 -178.922 -7.10442 -81.3496 155.12 -19.2897 124.474 -0.0655851 1.59028e-015 3.18055e-015 168.411 76.3515 -170.31 -179.807 3.77168 87.0735 9.29669 6.08341 -42.2645 -67.323 -3.18055e-015 6.36111e-015 -22.4078 52.2307 37.2067 -27.9283 19.7565 -160.166 -33.2138 -6.36111e-015 -1.59028e-015 10.6763 -6.96574 8.45475 90 1.59028e-015 -0 -17.0732 -26.9714 163.542 -11.1859 -3.18056e-015 -2.92897e-015 -11.8043 29.4823 16.8508 90 5.96354e-016 -0 
51.622 86.536 -50.7497 98.8758 -67.4925 5.12471 11.3076 -2.22861 2.12083 7.0234 1.70754e-006 5.12264e-006 -5.12265e-006 1.70755e-006 -8.53773e-006 1.70748e-006 -8.53774e-006 -4.95189e-005 30.153 33.2321 -16.5624 -178.939 -6.98773 -81.3459 155.209 -18.4526 124.807 -0.0395723 1.59028e-015 1.59028e-015 169.111 76.0189 -170.921 -179.757 3.63423 86.1683 9.35754 4.42051 -42.2136 -66.4198 6.36111e-015 -1.59028e-015 -24.087 51.2116 37.8933 -28.0502 18.6509 -160.534 -36.4254 3.18055e-015 1.59028e-015 13.2789 -5.41193 7.48913 90 -1.59028e-015 9.54166e-015 -16.0252 -26.6069 162.71 -11.4203 0 -1.9102e-015 -12.3051 31.1981 16.7551 90 1.98785e-016 -6.36111e-015 
49.495 86.0171 -50.4528 96.2253 -65.9757 2.6695 11.1807 -1.77597 0.663199 6.99959 1.70754e-006 5.12264e-006 -5.12265e-006 1.70755e-006 -8.53773e-006 1.70748e-006 -8.53774e-006 -4.95189e-005 29.5979 32.1815 -15.2918 -178.972 -6.7722 -81.3465 155.201 -17.9472 125.214 -0.0766366 -1.59028e-015 -1.59028e-015 169.897 75.7339 -171.535 -179.739 3.46143 85.68 9.12479 3.55476 -42.4419 -64.5555 4.77083e-015 -0 -24.8896 50.8416 38.2905 -27.86 18.3274 -161.459 -39.1939 3.18055e-015 -3.18055e-015 15.7186 -3.35885 6.88566 90 0 -0 -15.1886 -25.815 161.046 -11.803 -7.95139e-016 6.71364e-015 -13.2509 32.6023 16.7228 90 -5.96354e-016 3.18055e-015 
47.2027 85.5072 -50.0795 94.3581 -63.981 1.0087 11.0897 -1.57133 -0.468094 6.87168 1.70754e-006 5.12264e-006 -5.12265e-006 1.70755e-006 -8.53773e-006 1.70748e-006 -8.53774e-006 -4.95189e-005 29.2332 31.2836 -14.7724 -178.952 -6.68448 -81.0586 154.892 -17.576 125.929 -0.031344 0 -7.95139e-016 169.743 75.4832 -171.124 -179.747 3.28632 85.5857 8.9225 2.8436 -42.5573 -61.9495 4.77083e-015 -0 -26.6259 50.8177 39.1965 -27.4699 17.7758 -162.863 -41.496 3.18055e-015 1.59028e-015 17.9207 -1.75554 5.96687 90 7.95139e-016 -0 -14.5935 -24.1668 159.13 -12.9826 7.95139e-016 1.8108e-015 -15.4323 34.4333 17.1301 90 7.95139e-016 3.18055e-015 
44.8379 85.1895 -49.6701 92.9915 -61.5821 -0.421135 11.0864 -1.21531 -0.926641 6.75806 1.70754e-006 5.12264e-006 -5.12265e-006 1.70755e-006 -8.53773e-006 1.70748e-006 -8.53774e-006 -4.95189e-005 29.1994 30.1417 -14.7376 -178.904 -6.58026 -80.525 153.848 -17.1397 126.813 -0.0442518 0 2.38542e-015 170.711 75.6095 -171.832 -179.746 3.22871 85.4967 8.81807 2.2489 -42.2417 -58.7939 9.54166e-015 -9.54166e-015 -28.9495 51.6396 40.592 -26.681 15.9228 -165.023 -43.2507 6.36111e-015 -1.59028e-015 19.7574 -1.56399 6.16646 90 3.18055e-015 -1.59028e-014 -14.7082 -21.7947 157.429 -16.1102 -3.97569e-016 8.38623e-016 -18.2997 37.0862 17.1826 90 0 -3.18055e-015 
42.4565 85.0993 -49.3265 91.694 -59.285 -1.61208 11.1135 -0.494764 -1.43922 6.90253 1.70754e-006 5.12264e-006 -5.12265e-006 1.70755e-006 -8.53773e-006 1.70748e-006 -8.53774e-006 -4.95189e-005 29.3418 29.2899 -14.7407 -178.917 -6.52226 -80.5503 152.765 -16.2744 127.044 0.0197779 0 5.96354e-015 173.766 76.0461 -174.915 -179.771 2.91254 85.5122 9.4037 1.93259 -42.2155 -55.8221 -4.77083e-015 3.18055e-015 -29.7846 52.9157 41.2563 -25.1544 14.1863 -167.52 -43.929 -3.18055e-015 1.59028e-015 21.1275 -1.61846 6.85495 90 2.38542e-015 9.54166e-015 -14.9023 -18.8293 156.042 -19.6396 -7.95139e-016 4.99447e-015 -22.5721 40.3227 16.7875 90 0 -0 
40.1681 85.2286 -49.0801 90.8926 -57.1076 -2.25479 11.0645 0.290615 -2.00537 6.99073 1.70754e-006 5.12264e-006 -5.12265e-006 1.70755e-006 -8.53773e-006 1.70748e-006 -8.53774e-006 -4.95189e-005 29.8085 28.681 -14.8224 -178.939 -6.68153 -80.9527 151.553 -15.4095 127.019 -0.0370541 -7.95139e-016 -1.39149e-015 176.773 77.0014 -178.144 -179.807 2.47919 85.5494 9.71249 1.86491 -42.403 -51.9263 -7.95139e-015 6.36111e-015 -31.8008 54.2716 42.4575 -23.3202 12.8041 -169.986 -43.5268 -1.59028e-014 -1.59028e-015 21.95 -1.4881 7.74735 90 -2.38542e-015 9.54166e-015 -14.3824 -14.6167 155.761 -22.6785 1.59028e-015 -1.39149e-015 -27.1481 43.0497 15.3118 90 0 -0 
38.1073 85.6682 -48.937 90.7997 -54.6591 -2.8229 10.8811 0.839691 -1.85344 6.92762 1.70754e-006 5.12264e-006 -5.12265e-006 1.70755e-006 -8.53773e-006 1.70748e-006 -8.53774e-006 -4.95189e-005 30.4665 28.0137 -15.1046 -178.937 -6.74144 -81.0163 150.592 -15.0649 127.608 -0.00997183 -1.04362e-015 1.68656e-015 179.662 78.2002 178.778 -179.808 2.26818 85.1671 9.18631 2.27382 -42.1736 -46.9337 -1.59028e-015 -3.18055e-015 -36.9448 55.603 46.1326 -21.5338 11.084 -171.826 -42.052 0 -0 22.0952 -1.21784 8.70291 90 7.95139e-016 -3.18055e-015 -14.6126 -10.7052 157.218 -28.4281 -3.18056e-015 2.98177e-015 -23.6461 39.604 13.6308 90 -1.59028e-015 3.18055e-015 
36.0978 86.2984 -48.9714 90.6323 -51.8122 -3.49273 10.8411 0.833621 -1.44785 6.87906 1.70754e-006 5.12264e-006 -5.12265e-006 1.70755e-006 -8.53773e-006 1.70748e-006 -8.53774e-006 -4.95189e-005 30.8331 26.9318 -15.3906 -178.924 -6.70017 -80.856 149.848 -15.2016 128.594 -0.0721523 -3.97569e-015 1.19271e-015 -176.508 79.7029 174.813 -179.813 1.89382 84.3704 9.51776 3.23813 -41.6947 -43.1022 -4.77083e-015 -3.18055e-015 -40.0006 57.2994 48.6922 -19.1803 9.30142 -173.414 -39.5589 3.18055e-015 -0 21.7191 -0.560918 9.45179 90 -1.59028e-015 9.54166e-015 -15.2438 -8.44345 159.574 -34.1094 -3.18056e-015 -7.95139e-016 -19.2559 36.7856 12.7115 90 6.36111e-015 -0 
34.055 86.9607 -49.1106 90.5959 -48.8437 -3.77077 10.7232 0.462676 -1.14986 6.89944 1.70754e-006 5.12264e-006 -5.12265e-006 1.70755e-006 -8.53773e-006 1.70748e-006 -8.53774e-006 -4.95189e-005 30.942 25.5654 -15.5116 -178.953 -6.60076 -80.9697 149.326 -15.6398 129.325 -9.49714e-007 1.59028e-015 -1.98785e-015 -170.015 81.559 167.989 -179.851 1.39669 83.8995 10.719 3.72934 -41.5217 -40.5662 9.54166e-015 6.36111e-015 -43.8079 59.9839 51.876 -16.4327 7.91704 -174.934 -36.2775 -3.18055e-015 4.77083e-015 20.994 0.600734 9.83938 90 -7.95139e-016 -0 -16.8231 -8.06737 161.675 -39.1199 3.18056e-015 -0 -16.4246 35.2598 12.8557 90 -1.59028e-015 -1.59028e-015 
32.0582 87.5497 -49.2705 90.9463 -45.8521 -3.66152 10.4552 -0.218691 -0.845889 6.90861 1.70754e-006 5.12264e-006 -5.12265e-006 1.70755e-006 -8.53773e-006 1.70748e-006 -8.53774e-006 -4.95189e-005 30.8511 24.1902 -15.2879 -178.982 -6.64712 -81.2729 148.98 -16.1067 129.934 6.36111e-015 7.95139e-016 -1.19271e-015 -163.24 83.2842 160.793 -179.879 1.12378 83.8374 11.6791 3.78931 -41.5718 -37.7105 1.59028e-015 3.18055e-015 -47.1446 59.793 54.012 -13.8535 6.76652 -176.193 -32.7472 -1.27222e-014 1.59028e-015 20.1025 2.16732 9.94233 90 1.59028e-015 -3.18055e-015 -19.3377 -9.26067 163.472 -43.0437 -3.18056e-015 2.38542e-015 -14.3564 34.4258 13.2543 90 -3.18055e-015 3.18055e-015 
30.0139 87.9869 -49.4789 91.262 -42.7269 -3.41752 10.2484 -1.27447 -0.580963 6.92 1.70754e-006 5.12264e-006 -5.12265e-006 1.70755e-006 -8.53773e-006 1.70748e-006 -8.53774e-006 -4.95189e-005 30.6563 22.1476 -14.6453 -178.992 -6.76335 -81.5032 148.45 -17.0357 130.656 -0.0721562 1.59028e-015 2.78299e-015 -146.499 84.766 143.785 -179.898 0.942677 83.8346 13.6486 3.72147 -41.5919 -38.3081 1.59028e-015 6.36111e-015 -46.6961 59.4919 53.1474 -11.2355 5.42772 -177.448 -29.2979 -6.36111e-015 -1.59028e-015 19.2763 3.75864 9.92893 90 7.95139e-016 6.36111e-015 -22.2835 -11.2882 164.914 -46.0107 0 -3.18056e-015 -12.235 33.8888 13.0323 90 2.38542e-015 7.95139e-016 
27.9264 88.2427 -49.7562 91.3633 -39.4369 -3.2764 10.2731 -2.57342 -0.32377 6.90532 1.70754e-006 5.12264e-006 -5.12265e-006 1.70755e-006 -8.53773e-006 1.70748e-006 -8.53774e-006 -4.95189e-005 30.2868 18.6124 -13.0633 -179.01 -6.8555 -81.7588 148.234 -18.0106 131.37 -0.0198137 -2.38542e-015 1.98785e-015 -125.176 85.3842 122.314 -179.888 1.08881 84.1376 16.1907 3.59107 -42.0043 -39.6049 -6.36111e-015 -0 -46.1726 60.1601 52.3307 -8.66457 3.72809 -178.576 -26.352 -6.36111e-015 -0 18.7326 5.29221 9.96058 90 1.59028e-015 -3.18055e-015 -24.9815 -13.6173 166.323 -47.3501 -3.18056e-015 -0 -9.74394 33.4655 12.3568 90 -4.17448e-015 -1.59028e-015 
25.8627 88.2958 -49.9381 91.8083 -36.6306 -2.61779 10.0424 -3.53279 -0.47382 6.89718 1.70754e-006 5.12264e-006 -5.12265e-006 1.70755e-006 -8.53773e-006 1.70748e-006 -8.53774e-006 -4.95189e-005 29.9892 12.9697 -10.4809 -179.038 -6.92949 -82.0753 148.538 -18.6503 132.027 2.01989e-006 2.38542e-015 -4.77083e-015 -109.632 85.4213 106.616 -179.868 1.36844 84.4911 19.0103 3.12712 -42.4859 -41.3693 3.18055e-015 -3.18055e-015 -45.1747 60.3847 50.8297 -6.63201 2.41419 -179.814 -23.8816 3.18055e-015 2.38542e-015 18.4208 6.70444 10.0393 90 1.19271e-015 1.59028e-014 -27.911 -15.508 167.534 -46.7472 3.18056e-015 -0 -7.4317 31.7916 12.18 90 -3.72721e-016 -1.49089e-016 
23.6876 88.1896 -50.2052 91.8505 -33.7179 -2.0848 10.0979 -4.68112 -0.78844 6.96642 1.70754e-006 5.12264e-006 -5.12265e-006 1.70755e-006 -8.53773e-006 1.70748e-006 -8.53774e-006 -4.95189e-005 30.2224 5.59723 -7.15859 -179.052 -7.07433 -82.3436 149.413 -18.9115 132.715 -0.0127711 -7.95139e-016 -4.77083e-015 -102.582 85.1515 99.5522 -179.828 1.81289 84.5732 21.5363 2.07914 -42.6538 -44.1475 6.36111e-015 6.36111e-015 -43.6173 60.5883 49.5784 -4.33272 1.04461 179.034 -21.6798 -3.18055e-015 7.95139e-016 18.3437 8.20911 9.76696 90 0 -3.18055e-015 -29.8461 -17.4326 168.601 -43.6261 3.18056e-015 2.38542e-015 -6.57975 29.0247 13.0448 90 -1.98785e-016 1.59028e-015 
21.4409 87.959 -50.4827 91.9223 -30.8074 -1.53351 10.0696 -6.05539 -1.05638 7.18014 1.70754e-006 5.12264e-006 -5.12265e-006 1.70755e-006 -8.53773e-006 1.70748e-006 -8.53774e-006 -4.95189e-005 31.2738 -2.70114 -3.4855 -179.056 -7.26388 -82.5716 151.171 -18.6453 133.241 -0.0593796 0 -8.74653e-015 -103.262 85.1284 100.278 -179.758 2.50032 84.4702 23.439 0.816509 -42.4322 -47.0445 6.36111e-015 -0 -41.6295 60.7721 47.7423 -2.23877 -0.211145 178.008 -20.0247 6.36111e-015 1.59028e-015 18.6469 9.79568 9.84797 90 -7.95139e-016 -0 -30.8647 -19.2855 170.405 -37.8257 0 1.59028e-015 -5.60969 27.2376 9.25471 90 -3.97569e-016 -0 
19.0626 87.623 -50.7911 91.8418 -28.0052 -1.12124 10.1758 -7.71657 -1.17054 7.50685 1.70754e-006 5.12264e-006 -5.12265e-006 1.70755e-006 -8.53773e-006 1.70748e-006 -8.53774e-006 -4.95189e-005 33.137 -10.3263 0.35203 -179.046 -7.72463 -82.9361 153.128 -18.1769 133.261 -0.11342 0 -0 -107.688 85.2203 104.825 -179.656 3.46262 84.3193 24.8952 -0.294198 -42.2255 -50.2551 -1.59028e-015 3.18055e-015 -39.8141 61.4138 46.1078 -0.234503 -1.40896 177.201 -18.9642 -6.36111e-015 -0 19.166 11.2003 9.54415 90 -7.95139e-016 -1.27222e-014 -31.7204 -20.3447 171.758 -31.8859 9.54167e-015 -0 -5.54183 26.4554 9.95986 90 0 -0 
16.5173 87.1797 -51.0949 91.6818 -25.5487 -0.657874 10.3351 -9.4329 -1.26076 7.89367 1.70754e-006 5.12264e-006 -5.12265e-006 1.70755e-006 -8.53773e-006 1.70748e-006 -8.53774e-006 -4.95189e-005 35.441 -16.5089 4.49803 -179.086 -8.1242 -83.5593 155.136 -18.0718 132.563 -2.11843e-005 -1.59028e-015 4.77083e-015 -115.929 85.1929 113.105 -179.548 4.43083 84.1666 26.2025 -1.19898 -42.1764 -53.4221 -3.18055e-015 3.18055e-015 -39.2641 61.6136 45.8129 1.57204 -2.17836 176.32 -18.7857 -6.36111e-015 -0 20.0724 12.3322 9.69533 90 3.97569e-016 3.18055e-015 -32.0436 -20.7474 172.9 -24.8137 3.18056e-015 1.59028e-015 -8.68661 25.5293 12.8206 90 -1.59028e-015 -0 
13.7785 86.6611 -51.3452 91.6136 -23.6994 -0.048971 10.3541 -11.0565 -1.29374 8.24524 1.70754e-006 5.12264e-006 -5.12265e-006 1.70755e-006 -8.53773e-006 1.70748e-006 -8.53774e-006 -4.95189e-005 38.0081 -21.3843 8.56659 -179.136 -8.40337 -84.1059 156.748 -18.7699 131.391 0.0197692 1.59028e-015 1.59028e-015 -122.116 85.2044 119.509 -179.443 5.15634 83.8248 27.7039 -1.60421 -41.947 -56.5714 4.77083e-015 3.18055e-015 -38.1053 61.5926 44.8916 3.29875 -1.9538 175.255 -19.0958 0 7.95139e-016 21.075 13.3023 10.2066 90 3.97569e-016 -3.18055e-015 -32.0968 -21.5559 173.665 -17.506 -6.36111e-015 1.59028e-015 -13.5897 23.4539 18.9071 90 0 3.18055e-015 
10.8296 86.1051 -51.5496 91.6108 -22.5319 0.593269 10.176 -12.522 -1.16976 8.58361 1.70754e-006 5.12264e-006 -5.12265e-006 1.70755e-006 -8.53773e-006 1.70748e-006 -8.53774e-006 -4.95189e-005 40.7756 -25.2142 12.2499 -179.177 -8.72857 -84.5896 156.991 -20.3919 129.674 -0.0559607 -4.77083e-015 4.77083e-015 -123.941 85.4256 121.436 -179.335 5.95027 83.6142 28.9529 -1.4006 -41.8152 -59.9604 4.77083e-015 -6.36111e-015 -34.8002 61.3689 42.1238 4.97338 -1.11166 174.149 -19.8123 6.36111e-015 7.95139e-016 21.8971 14.2412 10.6405 90 0 -3.18055e-015 -31.9462 -22.6279 174.452 -12.1449 -6.36111e-015 3.97569e-015 -15.6622 19.5598 24.5297 90 3.18055e-015 3.18055e-015 
7.65739 85.5381 -51.7623 91.56 -21.7365 0.9294 9.99328 -13.9494 -0.499156 8.86683 1.70754e-006 5.12264e-006 -5.12265e-006 1.70755e-006 -8.53773e-006 1.70748e-006 -8.53774e-006 -4.95189e-005 43.5954 -28.1534 15.4126 -179.238 -9.02571 -85.1527 156.085 -22.4431 127.227 -0.0656073 1.59028e-015 1.59028e-015 -135.043 85.8146 132.396 -179.235 6.98128 83.7271 29.4298 -1.24599 -41.7734 -63.4486 3.18055e-015 -3.18055e-015 -32.6418 61.7326 39.9938 6.36657 -0.663639 173.405 -21.3187 3.18055e-015 7.95139e-016 22.3987 15.1894 10.4909 90 0 -0 -31.7799 -22.185 175.499 -10.6215 -6.36111e-015 1.59028e-015 -15.4338 17.0744 26.1016 90 3.97569e-015 -6.36111e-015 
4.27801 84.9859 -51.9662 91.4617 -21.3061 0.699848 10.0461 -15.1631 1.11772 9.02923 1.70754e-006 5.12264e-006 -5.12265e-006 1.70755e-006 -8.53773e-006 1.70748e-006 -8.53774e-006 -4.95189e-005 46.0383 -30.6005 17.8966 -179.274 -9.18866 -85.4609 154.881 -24.3514 124.453 -1.47707e-005 3.18055e-015 1.59028e-015 -163.844 85.2465 160.947 -179.176 7.82903 83.9735 29.4718 -1.16787 -41.3389 -66.2658 1.59028e-015 -6.36111e-015 -32.3982 63.1691 39.6509 7.18102 0.213288 173.409 -24.1891 3.18055e-015 7.95139e-016 22.396 16.8642 9.44915 90 -1.59028e-015 9.54166e-015 -31.6989 -18.3024 176.914 -12.9407 0 -3.18056e-015 -15.2119 16.3189 22.1228 90 -3.18055e-015 -0 
0.933311 84.76 -52.0943 91.29 -21.8238 -0.932342 11.2726 -15.5311 4.66898 8.98519 1.70754e-006 5.12264e-006 -5.12265e-006 1.70755e-006 -8.53773e-006 1.70748e-006 -8.53774e-006 -4.95189e-005 47.3864 -32.9646 19.471 -179.146 -9.40433 -84.7905 154.252 -25.3829 122.265 -0.0568183 -4.77083e-015 -6.36111e-015 176.17 82.7147 -179.498 -179.128 8.05009 83.7972 29.6758 -0.0537574 -40.5066 -68.7221 3.18055e-015 -6.36111e-015 -27.6592 62.3505 35.1662 8.10768 1.25911 174.353 -26.9154 3.18055e-015 -0 21.6769 18.8237 11.2845 90 0 -0 -32.1207 -11.0938 179.175 -17.4806 -3.18056e-015 1.59028e-015 -13.8621 21.6912 14.8817 90 -3.18055e-015 -3.18055e-015 
-2.4541 84.7214 -52.1338 90.6965 -23.3627 -2.41063 12.7929 -15.3426 7.45344 9.08801 1.70754e-006 5.12264e-006 -5.12265e-006 1.70755e-006 -8.53773e-006 1.70748e-006 -8.53774e-006 -4.95189e-005 48.1392 -34.2706 20.4309 -179.238 -9.43005 -85.3596 154.881 -25.4633 119.032 -1.37437e-005 -1.59028e-015 -0 168.661 79.4548 -172.341 -179.208 7.83959 84.216 29.6161 0.680216 -40.6694 -71.9894 -7.95139e-016 -9.54166e-015 -21.3499 59.1644 29.5302 7.64869 5.39005 175.251 -32.9935 0 1.59028e-015 18.8802 23.0969 15.1485 90 0 -3.18055e-015 -32.019 -8.96778 -179.497 -21.608 3.18056e-015 1.98785e-015 -12.6883 18.952 7.88185 90 1.59028e-015 -3.18055e-015 
-5.58524 84.8015 -52.1687 90.3853 -24.4745 -3.03755 13.6323 -14.8706 8.87028 9.14275 1.70754e-006 5.12264e-006 -5.12265e-006 1.70755e-006 -8.53773e-006 1.70748e-006 -8.53774e-006 -4.95189e-005 49.9326 -35.2918 22.7361 -179.429 -9.01255 -86.361 154.878 -25.7227 116.631 -0.0686762 -1.59028e-015 -0 161.424 76.5411 -165.38 -179.14 8.27517 84.0437 29.1774 1.7291 -40.8854 -73.5963 7.95139e-016 3.18055e-015 -19.1789 58.0583 27.6629 5.23974 9.90296 176.472 -41.0523 0 -0 12.8428 29.2875 20.812 90 1.59028e-015 -0 -31.2395 -7.13546 -178.926 -23.8446 0 3.97569e-015 -10.4983 18.8576 5.43682 90 -7.95139e-016 -6.36111e-015 
-8.32041 85.0875 -51.8569 90.6381 -25.4231 -2.78473 14.0263 -14.0327 9.51131 9.02967 1.70754e-006 5.12264e-006 -5.12265e-006 1.70755e-006 -8.53773e-006 1.70748e-006 -8.53774e-006 -4.95189e-005 51.1821 -36.5359 25.0118 -179.477 -8.66199 -86.5283 154.027 -26.0358 116.284 -2.91424e-005 6.36111e-015 3.18055e-015 157.815 74.151 -161.409 -179.06 8.53981 83.6965 29.3276 3.15564 -41.1954 -74.3206 3.97569e-015 3.18055e-015 -17.086 57.7585 26.1499 -3.70153 11.8753 178.919 -54.894 3.18055e-015 1.59028e-015 9.26839 26.7121 9.44495 90 -3.18055e-015 -0 -30.7684 -5.8822 -179.447 -25.2972 0 1.59028e-015 -8.53139 18.6531 5.25035 90 7.95139e-016 3.18055e-015 
-10.8992 85.6665 -51.3481 90.6347 -26.5799 -2.52919 14.735 -13.0834 9.6994 8.88688 1.70754e-006 5.12264e-006 -5.12265e-006 1.70755e-006 -8.53773e-006 1.70748e-006 -8.53774e-006 -4.95189e-005 51.5743 -37.3974 26.5656 -179.521 -8.53863 -86.7793 154.697 -25.4181 116.771 1.37435e-006 4.77083e-015 1.59028e-015 157.104 72.2707 -160.163 -179.098 8.15337 83.6675 29.1955 4.17085 -41.668 -74.3185 6.36111e-015 3.18055e-015 -16.5807 56.7214 25.7548 -11.3539 14.0929 -177.983 -61.9264 1.59028e-015 1.59028e-015 4.31312 11.0996 9.04755 90 4.77083e-015 -3.18055e-015 -29.3035 -5.10212 179.678 -25.0283 3.18056e-015 1.59028e-015 -7.68623 17.518 5.85068 90 -7.95139e-016 1.90833e-014 
-13.296 86.3158 -50.835 90.5395 -27.5836 -2.04271 15.1017 -12.33 9.007 8.93759 1.70754e-006 5.12264e-006 -5.12265e-006 1.70755e-006 -8.53773e-006 1.70748e-006 -8.53774e-006 -4.95189e-005 52.0471 -37.6485 28.013 -179.638 -8.27435 -87.4839 156.486 -24.3476 117.642 -0.0593596 3.18055e-015 -1.59028e-015 158.453 72.1963 -161.271 -179.07 7.72804 83.115 28.3285 5.30763 -41.5639 -73.0346 2.38542e-015 -3.18055e-015 -17.5527 56.0381 26.5902 -17.9044 13.8675 -173.633 -64.7476 0 -0 1.08701 4.5971 5.19595 90 1.59028e-015 1.59028e-015 -27.4542 -3.8993 178.679 -23.8822 0 -3.97569e-016 -7.40379 17.2919 6.71594 90 3.97569e-016 3.18055e-015 
-15.5699 86.9681 -50.0861 90.6193 -28.6715 -1.10055 15.2557 -11.6372 7.80148 8.89059 1.70754e-006 5.12264e-006 -5.12265e-006 1.70755e-006 -8.53773e-006 1.70748e-006 -8.53774e-006 -4.95189e-005 51.9349 -37.9601 28.7495 -179.72 -7.82369 -87.9409 158.438 -23.4205 119.205 -2.06562e-006 0 -3.18055e-015 162.74 72.5911 -165.045 -179.074 7.42111 82.8666 27.133 6.54966 -41.51 -71.2876 6.36111e-015 -0 -18.6642 56.0653 27.0509 -22.2134 12.1433 -170.705 -64.428 0 -3.18055e-015 4.48667 3.80787 5.94315 90 3.18055e-015 1.59028e-015 -25.789 -2.65857 177.161 -22.3586 0 -0 -7.60939 16.9675 7.81319 90 1.19271e-015 -9.54166e-015 
-17.8136 87.4327 -49.1108 90.7653 -30.3827 -0.174612 15.3515 -10.452 6.60325 8.79488 1.70754e-006 5.12264e-006 -5.12265e-006 1.70755e-006 -8.53773e-006 1.70748e-006 -8.53774e-006 -4.95189e-005 50.9606 -38.5784 28.5957 -179.748 -7.47062 -88.0636 160.143 -22.2991 121.299 -0.0198184 0 -1.59028e-015 166.268 72.6671 -167.953 -179.179 6.93933 83.2355 26.1085 7.5564 -41.4336 -69.972 5.56597e-015 -0 -19.2045 56.8938 27.1041 -24.5533 10.2478 -168.233 -59.795 0 1.59028e-015 8.84683 1.44399 8.21406 90 -6.36111e-015 -1.59028e-015 -24.4927 -1.81714 175.514 -21.0384 -6.36111e-015 -3.97569e-015 -7.69007 15.7286 9.09064 90 1.59028e-015 3.18055e-015 
-20.0969 87.645 -47.9991 90.8518 -32.7594 0.524094 15.4529 -9.01648 5.42792 8.72636 1.70754e-006 5.12264e-006 -5.12265e-006 1.70755e-006 -8.53773e-006 1.70748e-006 -8.53774e-006 -4.95189e-005 49.5817 -39.2108 27.8232 -179.736 -7.35291 -87.937 161.933 -20.9173 123.684 -0.1156 -3.18055e-015 6.36111e-015 167.616 72.3036 -169.022 -179.312 6.14868 83.6024 24.706 9.00227 -40.681 -68.3971 0 -3.18055e-015 -19.5113 58.7895 27.1639 -24.8038 9.09354 -165.624 -50.4313 1.59028e-015 -3.18055e-015 10.0569 -0.354889 10.8105 90 -3.18055e-015 -0 -23.6287 -0.98407 173.993 -20.2988 -6.36111e-015 7.95139e-016 -7.52503 13.7996 10.3443 90 -3.97569e-016 3.18055e-015 
-22.4174 87.5341 -46.7487 90.958 -35.3469 0.83959 15.5348 -7.86702 4.61932 8.71606 1.70754e-006 5.12264e-006 -5.12265e-006 1.70755e-006 -8.53773e-006 1.70748e-006 -8.53774e-006 -4.95189e-005 47.8696 -39.8384 26.4756 -179.694 -7.24887 -87.5772 163.97 -19.6938 126.147 -0.0442654 -2.38542e-015 -1.59028e-015 169.858 71.3297 -170.919 -179.403 5.42008 83.7047 22.2324 11.1314 -39.1572 -66.5961 3.97569e-015 -3.18055e-015 -19.7659 60.4513 26.619 -23.5512 7.93059 -163.035 -38.0479 0 -0 6.83342 0.591817 11.9265 90 0 -0 -23.4461 -0.325596 172.651 -20.5308 -1.27222e-014 -0 -6.90826 11.3786 11.6801 90 3.97569e-016 -1.59028e-014 
-24.7196 87.1554 -45.2949 91.0862 -37.4342 0.765337 15.8218 -7.4881 4.42289 8.6477 1.70754e-006 5.12264e-006 -5.12265e-006 1.70755e-006 -8.53773e-006 1.70748e-006 -8.53774e-006 -4.95189e-005 46.0407 -40.5513 25.068 -179.644 -7.0051 -87.0815 165.372 -18.5245 128.512 -2.96744e-005 6.36111e-015 -1.59028e-015 173.894 71.6176 -174.117 -179.476 4.6975 83.6253 19.1303 14.1696 -37.3419 -64.2907 3.18055e-015 -3.18055e-015 -19.7325 61.4018 25.7504 -21.7356 5.41088 -160.972 -26.3024 0 -1.59028e-015 2.75998 4.07807 9.62717 90 -6.36111e-015 6.36111e-015 -23.7462 -0.0940543 171.402 -21.27 3.18056e-015 7.95139e-016 -6.29254 9.21118 12.8815 90 0 6.36111e-015 
-27.058 86.6282 -43.3129 91.4712 -39.5439 1.38483 16.2103 -7.398 3.85657 8.47386 1.70754e-006 5.12264e-006 -5.12265e-006 1.70755e-006 -8.53773e-006 1.70748e-006 -8.53774e-006 -4.95189e-005 44.0989 -41.0192 23.846 -179.623 -6.37343 -86.6099 165.617 -17.1354 130.554 -0.0559595 2.38542e-015 4.77083e-015 178.976 74.0717 -178.454 -179.566 3.91645 83.674 16.1336 18.4143 -35.8854 -61.9281 3.18055e-015 -3.18055e-015 -16.3361 61.969 22.2344 -20.4329 1.21729 -160.5 -19.5647 -3.18055e-015 -0 3.58938 11.3827 3.26717 90 -3.18055e-015 9.54166e-015 -24.57 1.302 169.552 -22.1839 3.18056e-015 7.95139e-015 -6.17541 7.89392 14.45 90 3.97569e-016 -9.54166e-015 
-29.5059 86.0259 -40.9161 91.4942 -41.7203 2.18172 17.0927 -7.22631 3.00749 8.35032 1.70754e-006 5.12264e-006 -5.12265e-006 1.70755e-006 -8.53773e-006 1.70748e-006 -8.53774e-006 -4.95189e-005 42.3619 -41.3165 23.3307 -179.671 -5.14571 -86.3371 164.443 -15.3754 132.34 -0.0395795 -3.97569e-016 -3.97569e-015 -176.905 75.2136 178.131 -179.667 3.3197 84.2617 13.2461 22.6787 -34.7898 -59.7491 -2.78299e-015 -3.18055e-015 -11.8607 60.7808 17.7278 -20.0506 -3.09158 -161.615 -17.7411 6.36111e-015 1.59028e-015 4.07955 18.716 -5.10651 90 -5.56597e-015 3.18055e-015 -24.868 3.80358 167.254 -22.5143 3.18056e-015 -3.18056e-015 -6.78511 7.36517 16.5715 90 1.19271e-015 3.18055e-015 
-32.067 85.3449 -38.227 91.4361 -44.1011 2.45629 18.0619 -6.75421 2.76361 8.32222 1.70754e-006 5.12264e-006 -5.12265e-006 1.70755e-006 -8.53773e-006 1.70748e-006 -8.53774e-006 -4.95189e-005 41.0092 -42.142 23.161 -179.772 -3.24784 -85.9767 162.267 -13.3236 134.076 -0.0785151 -7.7526e-015 1.78906e-015 -175.647 75.807 177.37 -179.779 2.52888 85.0024 9.83768 26.4255 -32.4321 -57.0207 1.98785e-015 -1.59028e-015 -11.4071 61.2507 16.3907 -21.1579 -5.64343 -163.609 -19.9283 3.18055e-015 3.18055e-015 2.70774 23.7917 -10.3852 90 -1.19271e-015 6.36111e-015 -24.091 7.18751 165.381 -21.0254 0 -1.59028e-015 -8.57291 7.93199 19.337 90 0 3.18055e-015 
-34.8516 84.6392 -35.3583 91.5026 -47.7261 2.03238 18.9951 -5.60592 3.1499 8.20126 1.70754e-006 5.12264e-006 -5.12265e-006 1.70755e-006 -8.53773e-006 1.70748e-006 -8.53774e-006 -4.95189e-005 39.5795 -43.2168 22.4556 -179.867 -1.57872 -85.1643 159.161 -11.3406 135.927 -0.0721458 -2.38542e-015 3.18055e-015 -170.762 77.3869 173.558 -179.923 1.0546 85.8317 5.75778 29.7157 -28.6806 -53.6679 -3.57812e-015 -3.18055e-015 -10.2549 62.478 14.0935 -22.109 -7.52477 -165.45 -24.8947 -9.54166e-015 -4.77083e-015 6.24537 19.0599 -10.9444 90 -3.97569e-016 6.36111e-015 -22.6188 9.44134 163.839 -16.5857 6.36111e-015 1.59028e-015 -12.4923 7.68569 22.9342 90 3.97569e-016 -0 
-37.6254 84.0835 -32.1381 93.405 -53.4356 3.52853 19.104 -3.85619 2.22194 7.89191 1.70754e-006 5.12264e-006 -5.12265e-006 1.70755e-006 -8.53773e-006 1.70748e-006 -8.53774e-006 -4.95189e-005 37.4343 -43.3827 21.5233 -179.914 -0.909605 -84.5595 155.828 -9.01167 137.662 -0.0862582 1.59028e-015 -6.36111e-015 -166.277 77.8784 169.475 179.953 -0.855636 86.8447 1.18021 32.7628 -25.1564 -51.1901 3.18055e-015 -1.59028e-015 -6.70367 62.7994 9.81756 -26.2085 -2.92274 -166.059 -31.6871 -3.18055e-015 3.18055e-015 9.82882 18.0809 -10.7893 90 1.98785e-016 -0 -23.479 9.84554 162.614 -11.8112 1.27222e-014 -0 -14.8249 9.48505 17.562 90 2.60905e-016 3.18055e-015 
-39.9795 83.7236 -29.2876 95.5346 -57.9489 5.66403 19.2103 -2.95496 0.857609 7.63168 1.70754e-006 5.12264e-006 -5.12265e-006 1.70755e-006 -8.53773e-006 1.70748e-006 -8.53774e-006 -4.95189e-005 35.2803 -42.8045 20.9467 179.904 1.04623 -84.7328 154.034 -6.87543 139.556 -0.0216784 -3.18055e-015 1.59028e-015 -164.526 76.3719 168.385 179.918 -2.06576 87.7146 -2.67447 34.1466 -22.7705 -51.2587 1.98785e-015 -4.77083e-015 -4.03527 60.3712 6.44618 -29.7964 1.53279 -166.592 -36.6273 6.36111e-015 4.77083e-015 11.4446 17.6922 -9.06443 90 1.39149e-015 -9.54166e-015 -26.0003 4.71721 160.966 -8.95685 3.18056e-015 -1.59028e-015 -11.6091 14.1799 13.6145 90 3.97569e-016 -3.18055e-015 
-42.0597 83.7044 -26.7173 98.1475 -62.1762 7.81269 19.1157 -1.52684 0.581788 7.49471 1.70754e-006 5.12264e-006 -5.12265e-006 1.70755e-006 -8.53773e-006 1.70748e-006 -8.53774e-006 -4.95189e-005 32.3366 -42.9267 19.1352 179.658 3.39782 -84.2491 151.842 -5.47691 142.365 -3.18055e-015 -3.18055e-015 -4.77083e-015 -158.087 75.8874 162.94 179.945 -3.11084 88.9777 -5.28969 34.4996 -21.096 -52.0081 -6.75868e-015 -1.59028e-015 -3.74639 60.6349 5.32032 -32.3029 6.29731 -165.998 -38.9432 0 3.18055e-015 12.194 17.9878 -7.7072 90 1.98785e-016 6.36111e-015 -31.4081 -6.48892 159.536 -8.55206 7.95139e-015 1.59028e-015 -10.5073 18.34 13.4996 90 2.98177e-016 -7.95139e-016 
-43.8477 84.1163 -24.4935 101.666 -66.5365 11.0517 18.9121 -0.589187 -0.101164 7.32768 1.70754e-006 5.12264e-006 -5.12265e-006 1.70755e-006 -8.53773e-006 1.70748e-006 -8.53774e-006 -4.95189e-005 29.7188 -42.1263 17.7125 179.522 4.71003 -84.1927 149.84 -3.69856 144.213 -7.40556e-006 3.18055e-015 2.38542e-015 -154.973 73.9017 160.609 -179.999 -4.55696 90.015 -7.43552 34.1313 -20.2522 -53.5894 -1.78906e-015 1.59028e-015 -4.17003 60.9906 4.74185 -33.3861 10.0146 -165.785 -39.034 -1.27222e-014 -3.18055e-015 11.783 16.6342 -5.86177 90 3.97569e-016 -0 -36.3792 -11.8603 158.5 -13.9619 -9.93923e-016 -2.68359e-015 -10.8761 19.898 13.7444 90 0 -3.18055e-015 
-45.2778 84.8262 -22.6016 106.297 -70.7286 15.3114 18.827 -0.35124 -0.745529 7.12285 1.70754e-006 5.12264e-006 -5.12265e-006 1.70755e-006 -8.53773e-006 1.70748e-006 -8.53774e-006 -4.95189e-005 27.0869 -40.7548 16.6378 179.504 5.51658 -84.8533 148.784 -1.66524 144.395 -0.0325665 6.36111e-015 -4.37326e-015 -150.717 72.1302 157.038 -179.947 -5.48538 90.5538 -10.418 34.1802 -19.7533 -56.4022 1.78906e-015 1.59028e-015 -2.86984 59.3209 3.17966 -33.5935 12.6855 -165.728 -37.7717 6.36111e-015 1.59028e-015 10.5814 14.0451 -3.75742 90 4.96962e-016 -0 -38.2217 -10.689 159.217 -21.2851 1.98785e-016 2.83268e-015 -12.5065 20.1983 15.0216 90 -9.93923e-016 3.18055e-015 
-46.4097 85.6978 -21.0113 111.667 -74.2004 19.9399 18.863 -0.737954 -0.60348 6.90014 1.70754e-006 5.12264e-006 -5.12265e-006 1.70755e-006 -8.53773e-006 1.70748e-006 -8.53774e-006 -4.95189e-005 24.8858 -39.4231 15.7509 179.439 6.46249 -85.0262 146.971 -1.42219 145.112 -2.18653e-005 -6.36111e-015 -4.96962e-015 -145.475 69.4895 152.62 -179.927 -5.99867 90.7003 -14.1164 34.2024 -18.8226 -59.5619 -3.73964e-015 -0 -1.83674 57.2729 1.74317 -33.2001 14.378 -165.513 -35.5405 -3.18055e-015 7.95139e-016 8.95837 11.335 -1.99301 90 9.93923e-016 -0 -38.5307 -10.5781 160.442 -27.6867 -7.95139e-016 -3.23025e-015 -12.8589 21.4963 15.6527 90 -9.93923e-017 3.18055e-015 
-47.4177 86.5574 -19.6571 118.885 -77.3185 26.6161 18.7996 -1.09226 -0.502386 6.71542 1.70754e-006 5.12264e-006 -5.12265e-006 1.70755e-006 -8.53773e-006 1.70748e-006 -8.53774e-006 -4.95189e-005 23.6677 -38.5215 15.8179 179.243 8.13045 -84.665 144.777 -2.07811 146.535 -0.0593583 3.18055e-015 9.54166e-015 -146.323 67.8666 154.547 -179.864 -6.393 91.2206 -16.9156 33.8275 -18.3439 -62.8665 -4.22417e-015 -1.59028e-015 -0.980228 57.5643 0.524597 -32.2333 15.4474 -165.645 -32.8364 3.18055e-015 -0 7.42479 8.61064 -0.532234 90 0 -0 -38.1541 -11.3217 161.416 -33.0885 -1.59028e-015 3.32964e-015 -11.9337 24.6601 15.2419 90 -1.59028e-015 3.18055e-015 
-48.3262 87.2334 -18.5528 131.372 -80.1802 39.033 18.2655 -1.37445 -0.952239 6.6552 1.70754e-006 5.12264e-006 -5.12265e-006 1.70755e-006 -8.53773e-006 1.70748e-006 -8.53774e-006 -4.95189e-005 22.8939 -38.1537 16.6461 179.034 9.74442 -84.3106 141.644 -3.27463 148.268 -0.0593789 6.36111e-015 -2.38542e-015 -142.529 66.525 151.867 -179.798 -6.62728 91.7523 -19.4429 33.0168 -17.9512 -65.9193 2.08724e-015 1.59028e-015 -0.560929 58.7245 -0.521727 -31.3106 17.0854 -165.833 -30.2741 0 -0 6.28136 6.4184 0.420517 90 3.97569e-016 3.18055e-015 -37.797 -12.6559 161.879 -37.5248 0 1.59028e-015 -10.88 27.9086 13.8035 90 0 3.18055e-015 
-49.1639 87.685 -17.6562 155.578 -82.4602 63.5579 17.5743 -1.70431 -1.88457 6.48217 1.70754e-006 5.12264e-006 -5.12265e-006 1.70755e-006 -8.53773e-006 1.70748e-006 -8.53774e-006 -4.95189e-005 22.0222 -38.1782 17.4506 178.875 11.1174 -84.1861 140.146 -2.45899 149.671 -0.072171 1.27222e-014 -1.59028e-015 -142.57 64.0017 153.268 -179.736 -6.90036 92.2004 -22.2063 31.2621 -17.3998 -69.0805 3.37934e-015 -3.18055e-015 -1.38566 60.192 -0.687259 -30.5383 19.3893 -165.915 -28.203 3.18055e-015 1.59028e-015 5.71881 4.51671 1.24773 90 3.97569e-016 3.18055e-015 -37.4998 -14.6845 162.015 -40.1248 -3.18056e-015 -3.97569e-015 -10.687 30.4745 12.385 90 0 -6.36111e-015 
-49.9557 87.9427 -16.8929 -166.051 -82.5657 102.464 16.9323 -1.71911 -3.00239 6.28526 1.70754e-006 5.12264e-006 -5.12265e-006 1.70755e-006 -8.53773e-006 1.70748e-006 -8.53774e-006 -4.95189e-005 20.9116 -38.8446 18.2939 178.776 12.2093 -84.2304 140.564 0.433978 151.224 0.019785 0 3.18055e-015 -138.004 62.0671 148.758 -179.677 -6.91994 92.6832 -24.9297 29.6462 -17.3219 -73.0006 7.55382e-015 -1.59028e-015 -0.5998 61.3712 -1.67132 -29.8125 21.3677 -166.123 -26.8071 -6.36111e-015 -0 5.53911 1.65144 2.28068 90 5.96354e-016 -0 -37.7493 -17.8585 161.797 -40.9254 -3.18056e-015 4.77083e-015 -12.3957 33.1244 11.4855 90 0 -6.36111e-015 
-50.6733 88.0963 -16.3308 -136.606 -79.7319 132.595 16.2624 -1.84092 -4.12703 6.18637 1.70754e-006 5.12264e-006 -5.12265e-006 1.70755e-006 -8.53773e-006 1.70748e-006 -8.53774e-006 -4.95189e-005 20.1172 -40.7802 19.4552 178.722 12.7142 -84.2136 141.566 4.33042 153.608 -1.01603e-005 -6.36111e-015 -0 -130.626 58.4603 142.417 -179.685 -6.82135 92.6467 -28.4882 28.4121 -17.4212 -75.7455 -5.96354e-016 -1.59028e-015 0.0529206 62.1231 -3.50326 -28.8325 22.7296 -166.585 -25.7386 0 -3.97569e-016 5.45723 -2.19082 3.42675 90 -1.98785e-016 3.18055e-015 -38.7842 -21.56 161.285 -42.1676 6.36111e-015 -1.59028e-015 -10.8573 36.0215 11.8579 90 -1.59028e-015 -0 
-51.2086 88.1843 -16.0229 -120.818 -75.3192 148.996 15.5377 -2.28195 -5.09395 6.06631 1.70754e-006 5.12264e-006 -5.12265e-006 1.70755e-006 -8.53773e-006 1.70748e-006 -8.53774e-006 -4.95189e-005 20.48 -43.6407 21.2098 178.819 13.1973 -84.8387 143.225 7.84525 156.379 -5.42604e-006 0 -3.18055e-015 -127.353 52.3867 141.501 -179.754 -7.10358 91.9893 -32.8663 26.9851 -17.9546 -77.1787 -1.98785e-016 1.59028e-015 -0.0954373 64.0577 -4.66721 -27.9877 24.2319 -166.606 -25.4654 1.59028e-015 3.97569e-016 6.2077 -5.94264 4.36917 90 -3.97569e-016 -0 -39.1483 -24.9674 161.506 -42.3415 6.36111e-015 -3.18056e-015 -8.63475 37.7768 12.2144 90 0 2.38542e-015 
-51.5442 88.1496 -16.0198 -111.42 -70.3347 158.786 14.8089 -3.20937 -5.66072 6.07999 1.70754e-006 5.12264e-006 -5.12265e-006 1.70755e-006 -8.53773e-006 1.70748e-006 -8.53774e-006 -4.95189e-005 21.7426 -46.9353 23.5128 179.169 13.6148 -86.4743 146.632 11.3589 158.134 -0.0685614 0 -9.54166e-015 -126.897 47.4427 144.252 -179.834 -7.28853 91.3072 -38.2098 24.9659 -19.1876 -77.7103 9.93923e-016 1.59028e-015 -1.60598 61.0942 -4.75086 -27.1822 25.4854 -166.244 -26.2928 1.59028e-015 1.39149e-015 7.69328 -9.83939 5.80275 90 -9.93923e-016 -3.18055e-015 -38.0264 -27.5761 162.555 -40.9563 -3.18056e-015 -1.59028e-015 -6.60637 38.5084 14.1211 90 -1.49089e-016 1.98785e-016 
-51.6933 87.9776 -16.2929 -104.736 -64.8083 165.507 14.3102 -4.22942 -5.72666 6.10395 1.70754e-006 5.12264e-006 -5.12265e-006 1.70755e-006 -8.53773e-006 1.70748e-006 -8.53774e-006 -4.95189e-005 23.7114 -49.914 26.2906 179.469 13.1358 -87.663 150.431 13.4186 159.926 -0.0919403 3.18055e-015 -9.54166e-015 -126.465 42.9783 146.691 -179.963 -7.35687 90.2857 -44.4155 22.1375 -20.307 -77.2779 1.31198e-014 1.59028e-015 -4.39167 58.3524 -3.65393 -26.4327 25.9171 -165.447 -28.5201 -7.95139e-016 1.98785e-016 9.81774 -13.9277 7.37592 90 3.97569e-016 -3.18055e-015 -34.8817 -27.8869 165.359 -36.4915 0 -7.95139e-016 -2.77871 36.7964 9.2497 90 -9.93923e-017 -3.97569e-016 
-51.7127 87.6255 -16.8382 -99.9776 -58.517 170.056 13.7568 -4.75578 -5.33191 6.24247 1.70754e-006 5.12264e-006 -5.12265e-006 1.70755e-006 -8.53773e-006 1.70748e-006 -8.53774e-006 -4.95189e-005 25.4865 -52.3251 28.587 179.644 11.89 -88.2736 154.568 13.1402 161.185 -0.0791641 -3.18055e-015 -6.36111e-015 -124.413 38.9621 146.117 179.927 -7.53262 89.4501 -50.0603 19.2189 -21.7853 -76.9349 6.65929e-015 -0 -3.99721 59.2769 -4.42419 -24.8022 24.3786 -164.769 -31.4973 3.97569e-016 -1.59028e-015 12.5272 -17.6227 7.93321 90 -1.98785e-016 1.59028e-015 -31.2485 -24.858 168.575 -33.8043 -6.36111e-015 -1.59028e-015 0.909192 33.4925 7.39128 90 0 -7.95139e-016 
-51.6246 87.0921 -17.4794 -96.9929 -51.7537 172.566 13.2708 -4.46245 -4.36396 6.35802 1.70754e-006 5.12264e-006 -5.12265e-006 1.70755e-006 -8.53773e-006 1.70748e-006 -8.53774e-006 -4.95189e-005 26.4743 -54.0868 30.4791 179.775 10.2723 -88.7381 158.969 5.5549 160.989 -0.0442298 3.18055e-015 -0 -114.293 38.7166 140.402 179.865 -7.26622 88.9364 -54.6676 17.1583 -23.6864 -77.2564 -1.32875e-014 -1.59028e-015 -3.30703 60.5874 -5.02451 -23.263 20.1264 -163.922 -37.3159 -1.59028e-015 -1.59028e-015 15.6395 -18.202 7.36016 90 8.44835e-016 7.95139e-016 -28.7516 -21.039 171.347 -32.835 0 -1.59028e-015 4.13005 29.6088 7.32055 90 7.95139e-016 4.96962e-017 
-51.6606 86.6757 -18.1469 -94.8342 -45.233 174.207 13.7244 -4.25142 -3.30086 6.55148 1.70754e-006 5.12264e-006 -5.12265e-006 1.70755e-006 -8.53773e-006 1.70748e-006 -8.53774e-006 -4.95189e-005 26.7072 -55.0207 33.3244 179.746 7.82915 -88.1371 166.114 3.79192 158.41 -0.0313641 0 -3.18055e-015 -113.656 42.8201 141.901 179.773 -6.52646 88.0042 -58.4692 15.2475 -24.8431 -78.4531 4.77083e-015 -0 -3.64812 57.412 -3.55812 -24.1084 16.1349 -162.598 -47.0951 0 -3.18055e-015 16.1812 -16.9049 8.15043 90 -1.39149e-015 1.59028e-015 -28.957 -18.4997 172.589 -34.5235 3.18056e-015 -3.97569e-015 4.45723 25.4661 7.14202 90 -1.59028e-015 -9.62863e-017 
-51.6874 86.2679 -18.9976 -92.9627 -39.5511 175.784 14.4506 -3.66092 -2.48895 6.80851 1.70754e-006 5.12264e-006 -5.12265e-006 1.70755e-006 -8.53773e-006 1.70748e-006 -8.53774e-006 -4.95189e-005 27.5516 -55.8253 35.5625 179.779 5.34139 -87.6293 169.379 1.93856 153.908 -0.0766542 -3.18055e-015 -3.18055e-015 -112.077 34.9676 140.191 179.758 -6.38339 87.8255 -58.873 14.1488 -27.4202 -79.5332 2.38542e-015 -7.95139e-016 -3.7534 57.0296 -2.60278 -25.624 12.831 -161.594 -56.9189 6.36111e-015 -0 13.1943 -13.7261 9.51652 90 3.57812e-015 -0 -28.7557 -16.9184 172.981 -35.7881 6.36111e-015 1.59028e-015 5.48815 20.8994 7.28457 90 -1.59028e-015 -9.93923e-017 
-51.7918 85.8791 -19.9832 -91.6568 -35.0085 176.936 15.261 -2.63227 -1.44642 6.95691 1.70754e-006 5.12264e-006 -5.12265e-006 1.70755e-006 -8.53773e-006 1.70748e-006 -8.53774e-006 -4.95189e-005 27.6992 -57.33 36.3618 179.727 3.87712 -85.966 174.638 4.598 148.313 -1.30395e-005 3.18055e-015 -6.36111e-015 -115.465 33.4161 142.423 179.812 -5.63206 88.0899 -57.8066 13.2961 -30.5508 -79.651 4.82053e-015 -1.19271e-015 -9.23925 56.9815 3.03107 -26.1291 9.33838 -161.427 -62.165 1.27222e-014 7.95139e-015 9.98203 -9.04351 8.48221 90 -7.95139e-016 -9.54166e-015 -28.7383 -15.0222 173.036 -37.1018 0 7.95139e-016 6.27605 17.6429 7.84927 90 0 1.98785e-016 
-51.9909 85.5995 -21.0734 -91.0652 -31.3354 177.991 15.6784 -1.85647 -1.10612 6.92104 1.70754e-006 5.12264e-006 -5.12265e-006 1.70755e-006 -8.53773e-006 1.70748e-006 -8.53774e-006 -4.95189e-005 27.6302 -57.6449 36.2073 179.8 2.04559 -84.4058 178.322 6.20588 144.527 -0.0325686 -3.18055e-015 -3.18055e-015 -118.846 31.745 143.847 179.854 -4.94253 88.3042 -54.726 12.8967 -34.5067 -79.5268 1.98785e-015 -0 -12.908 57.7992 7.46278 -26.4395 6.51844 -161.923 -63.1057 -3.18055e-015 -0 8.72859 -6.47922 8.81814 90 -7.95139e-016 -0 -29.2659 -12.724 172.644 -38.3055 3.18056e-015 -7.95139e-016 6.54262 15.7471 8.38277 90 0 9.93923e-017 
-52.1347 85.3931 -22.2181 -90.5617 -28.6128 178.803 16.0076 -1.42114 -0.784436 6.90845 1.70754e-006 5.12264e-006 -5.12265e-006 1.70755e-006 -8.53773e-006 1.70748e-006 -8.53774e-006 -4.95189e-005 24.8002 -54.8881 32.8655 179.932 0.55253 -83.0244 179.764 4.96689 144.905 3.31989e-006 0 1.27222e-014 -120.755 32.0085 146.124 179.853 -4.55289 88.1437 -50.1105 11.3654 -38.2785 -79.4321 0 -0 -20.3799 59.1764 14.7388 -26.4913 4.20835 -161.947 -60.6787 3.18055e-015 -1.59028e-015 9.10569 -5.82519 9.2897 90 -2.5345e-015 -0 -29.4389 -10.7309 172.223 -39.1087 0 -7.95139e-016 6.69498 14.5097 9.04348 90 0 1.98785e-016 
-52.2501 85.2327 -23.3823 -90.1548 -26.7283 179.017 16.1296 -0.821757 0.00299068 6.81821 1.70754e-006 5.12264e-006 -5.12265e-006 1.70755e-006 -8.53773e-006 1.70748e-006 -8.53774e-006 -4.95189e-005 20.9694 -47.7628 27.8168 -179.979 -0.164918 -82.7316 -179.835 2.89558 146.53 -0.0685408 6.36111e-015 -3.18055e-015 -121.07 34.0067 145.342 179.785 -4.31463 87.147 -43.9631 8.27147 -41.0136 -79.7425 3.18055e-015 1.59028e-015 -27.619 62.6647 22.3396 -26.1361 2.71614 -161.093 -54.8578 -3.18055e-015 -5.56597e-015 10.0121 -5.58709 9.83636 90 2.38542e-015 3.18055e-015 -29.2586 -9.52494 171.973 -39.4295 3.18056e-015 7.95139e-016 6.74994 13.5843 10.0245 90 -7.95139e-016 -1.98785e-016 
-52.4737 85.1309 -24.7455 -89.9224 -24.9634 179.111 15.9227 0.23747 0.783377 6.65714 1.70754e-006 5.12264e-006 -5.12265e-006 1.70755e-006 -8.53773e-006 1.70748e-006 -8.53774e-006 -4.95189e-005 18.4527 -37.4291 23.4388 -179.943 -0.483586 -83.2296 -179.911 2.07799 147.798 -0.108111 0 1.59028e-014 -121.885 37.0899 142.793 179.699 -3.97784 85.6666 -37.114 4.44265 -42.596 -79.326 1.59028e-015 4.77083e-015 -34.4972 67.0638 30.6004 -24.9094 1.88853 -160.424 -46.483 3.18055e-015 1.63997e-015 10.3489 -2.90783 9.41662 90 0 -6.36111e-015 -29.097 -8.29619 171.618 -39.3863 1.59028e-015 1.59028e-015 6.4027 12.6869 10.918 90 -7.95139e-016 -9.93923e-017 
-52.8205 85.1128 -26.447 -89.6393 -23.4278 179.342 15.6898 0.808031 1.62687 6.46079 1.70754e-006 5.12264e-006 -5.12265e-006 1.70755e-006 -8.53773e-006 1.70748e-006 -8.53774e-006 -4.95189e-005 17.2997 -25.8121 19.9639 -179.949 -0.464094 -83.6817 -179.586 3.39379 148.479 -0.0395945 0 3.18055e-015 -123.787 38.6825 141.362 179.662 -3.4847 84.461 -30.8698 1.34325 -43.5609 -77.0717 3.18055e-015 -6.36111e-015 -39.3997 70.031 35.7949 -22.3118 -0.22826 -160.566 -37.8359 -9.54166e-015 5.56597e-015 10.3165 4.58853 4.18389 90 -6.36111e-015 -3.18055e-015 -28.6721 -6.95584 170.964 -38.8342 1.59028e-015 -2.38542e-015 5.55483 11.9722 11.5518 90 0 -9.93923e-017 
-53.3932 85.1649 -28.6104 -89.343 -21.6665 179.562 15.6605 0.494332 2.77716 6.32442 1.70754e-006 5.12264e-006 -5.12265e-006 1.70755e-006 -8.53773e-006 1.70748e-006 -8.53774e-006 -4.95189e-005 16.1794 -13.5302 16.7818 -179.92 -0.749355 -83.9154 -178.823 5.87695 148.838 -5.31719e-006 -4.77083e-015 3.18055e-015 -126.741 39.8527 140.294 179.654 -3.12038 83.6715 -25.3483 -0.93896 -43.7965 -74.7908 9.54166e-015 -0 -38.7622 71.7748 36.3281 -18.926 -3.92224 -161.499 -31.4342 3.18055e-015 -1.59028e-015 10.8339 9.91205 -0.953313 90 -3.18055e-015 -0 -27.977 -5.49992 170.024 -37.5123 -1.59028e-015 -0 4.11153 11.0416 12.5926 90 -1.59028e-015 -0 
-54.2862 85.2927 -31.2354 -89.4821 -18.4469 179.37 15.6409 0.63721 4.29703 6.245 1.70754e-006 5.12264e-006 -5.12265e-006 1.70755e-006 -8.53773e-006 1.70748e-006 -8.53774e-006 -4.95189e-005 14.9014 -3.45594 13.7429 -179.851 -1.45047 -84.1369 -178.705 6.90952 149.499 -2.01809e-005 1.59028e-015 -3.18055e-015 -129.829 40.9232 142.383 179.677 -2.61827 82.9713 -20.8349 -2.76263 -42.7683 -73.4374 6.36111e-015 3.18055e-015 -45.8758 76.1379 44.111 -16.4827 -5.66704 -162.307 -29.106 0 -1.59028e-015 11.2852 8.7773 -6.49678 90 0 -0 -27.4561 -3.38288 169.351 -34.941 -3.18056e-015 1.59028e-015 1.64766 9.53844 14.7873 90 -7.95139e-016 -0 
-55.434 85.4863 -34.2144 -90.1531 -13.3161 178.672 15.5404 1.47369 6.04787 6.19317 1.70754e-006 5.12264e-006 -5.12265e-006 1.70755e-006 -8.53773e-006 1.70748e-006 -8.53774e-006 -4.95189e-005 13.337 4.38094 10.9352 -179.786 -2.18422 -84.4085 -179.265 5.00223 150.432 -0.079144 4.77083e-015 -6.36111e-015 -128.106 42.6872 140.575 179.704 -2.2717 82.5658 -17.8219 -4.12931 -40.8491 -72.9946 -3.18055e-015 -1.59028e-015 -53.5382 77.0121 51.8099 -15.234 -1.51162 -162.87 -27.7206 0 4.77083e-015 13.3592 5.32219 -6.47755 90 1.59028e-015 1.59028e-015 -27.2478 -0.85667 169.173 -30.6318 -1.59028e-015 -3.18056e-015 -2.13339 7.1189 18.3795 90 0 -9.93923e-017 
-56.6989 85.9069 -37.2293 -91.4121 -7.16183 178.375 15.4339 1.88349 6.89965 5.9488 1.70754e-006 5.12264e-006 -5.12265e-006 1.70755e-006 -8.53773e-006 1.70748e-006 -8.53774e-006 -4.95189e-005 11.6075 11.2635 9.01872 -179.731 -3.03159 -84.9275 -179.268 2.06764 150.521 -0.0713443 -7.95139e-016 -9.54166e-015 -125.217 45.0198 136.448 179.713 -2.04371 82.0087 -16.8302 -3.87076 -38.8119 -72.4627 6.36111e-015 1.11319e-014 -47.1476 77.78 45.4961 -16.4314 5.11655 -162.91 -27.6858 3.18055e-015 1.59028e-015 13.7674 5.55139 -6.90499 90 7.95139e-016 1.59028e-015 -27.3217 1.03204 168.606 -24.3027 -1.59028e-015 -1.59028e-015 -7.29036 4.51673 24.6747 90 -1.59028e-015 3.97569e-016 
-57.5952 86.469 -40.1091 -92.5556 -1.1072 178.605 15.1161 1.40041 7.44964 5.87953 1.70754e-006 5.12264e-006 -5.12265e-006 1.70755e-006 -8.53773e-006 1.70748e-006 -8.53774e-006 -4.95189e-005 10.8757 17.178 6.88109 -179.625 -4.33085 -85.0492 -179.655 -0.784906 150.474 -0.0395753 -3.97569e-016 3.18055e-015 -124.215 47.731 133.811 179.733 -2.02646 82.4908 -17.019 -2.576 -38.9497 -72.7723 0 -0 -41.7679 79.9513 40.2458 -17.7676 12.6616 -163.047 -27.5718 6.36111e-015 -2.38542e-015 13.8833 5.9601 -5.48915 90 -1.59028e-015 3.18055e-015 -28.6427 -3.68976 167.342 -20.413 -7.95139e-016 -4.77083e-015 -10.3544 7.40575 28.1601 90 6.36111e-015 -3.18055e-015 
-58.0755 87.0246 -42.8085 -93.4017 4.67292 179.186 14.5267 1.48795 8.15365 5.74992 1.70754e-006 5.12264e-006 -5.12265e-006 1.70755e-006 -8.53773e-006 1.70748e-006 -8.53774e-006 -4.95189e-005 11.6421 19.9433 4.59484 -179.552 -4.46731 -84.2619 179.134 -2.09524 151.329 -0.0231579 -5.1684e-015 3.18055e-015 -125.039 44.5684 133.562 179.778 -1.89122 83.3033 -16.7947 -1.77766 -40.1166 -74.768 -9.54166e-015 2.38542e-015 -52.0298 82.0176 50.1858 -17.5404 17.6798 -164.35 -26.8523 0 7.95139e-016 14.0724 3.77291 -3.65284 90 0 -1.59028e-015 -33.3701 -13.1911 165.281 -26.8834 -6.36111e-015 -7.95139e-016 -8.32832 18.0453 22.9004 90 4.77083e-015 -3.18055e-015 
-58.2782 87.4098 -45.1854 -94.4349 10.4487 -179.588 13.4431 1.97733 8.30007 5.58874 1.70754e-006 5.12264e-006 -5.12265e-006 1.70755e-006 -8.53773e-006 1.70748e-006 -8.53774e-006 -4.95189e-005 12.6104 21.1838 2.57451 -179.612 -3.71988 -84.0481 178.982 -2.03507 151.109 -0.0564003 -3.97569e-015 -6.36111e-015 -131.31 36.0595 137.082 179.854 -1.46261 84.2812 -16.7221 -0.835568 -42.3439 -76.8264 -3.18055e-015 2.78299e-015 -59.1959 84.1026 57.2952 -16.9506 20.067 -166.793 -26.8554 3.18055e-015 2.38542e-015 14.4686 -0.373502 -1.64847 90 0 -0 -37.0905 -15.7094 163.907 -37.431 -3.18056e-015 -1.39149e-015 -4.8219 27.9285 12.3553 90 0 -0 
-58.1412 87.4536 -47.0734 -94.9381 16.0741 -178.592 13.0023 1.81267 8.4462 5.52084 1.70754e-006 5.12264e-006 -5.12265e-006 1.70755e-006 -8.53773e-006 1.70748e-006 -8.53774e-006 -4.95189e-005 13.2053 23.5204 0.77445 -179.541 -4.43735 -84.0811 179.916 0.99174 151.089 -2.1065e-005 5.1684e-015 3.18055e-015 -131.614 28.3745 141.936 179.88 -1.34772 84.9072 -17.3293 -0.336178 -44.2033 -78.9243 3.18055e-015 1.09332e-015 -39.5422 84.5573 37.6355 -17.687 22.1639 -167.722 -30.1326 0 7.95139e-016 15.598 -3.04334 -0.450805 90 0 -0 -34.7217 -12.6446 165.064 -40.8962 6.36111e-015 -3.77691e-015 -5.62038 28.1526 12.1535 90 7.95139e-016 -6.36111e-015 
-58.0571 87.0677 -48.5159 -95.1646 19.9595 -177.384 13.0683 1.03412 8.27829 5.3853 1.70754e-006 5.12264e-006 -5.12265e-006 1.70755e-006 -8.53773e-006 1.70748e-006 -8.53774e-006 -4.95189e-005 13.4631 26.2656 -0.0340826 -179.549 -5.3683 -85.189 -179.114 6.94937 150.345 -0.0815531 -7.95139e-016 -6.36111e-015 -133.524 25.8896 150.909 179.914 -0.928839 84.7182 -17.1674 -0.577876 -44.8278 -81.3167 -3.18055e-015 2.38542e-015 -27.5588 83.4895 25.0311 -20.3374 22.0114 -167.298 -37.2389 -1.59028e-015 -0 15.9608 -1.36642 -2.33109 90 7.95139e-016 -0 -31.3481 -10.5855 164.959 -42.1154 3.18056e-015 -3.97569e-015 -2.19185 32.0083 14.6972 90 7.95139e-016 -3.18055e-015 
-58.3174 86.2169 -49.7576 -95.6299 22.663 -175.705 13.2912 0.996396 7.88959 5.07084 1.70754e-006 5.12264e-006 -5.12265e-006 1.70755e-006 -8.53773e-006 1.70748e-006 -8.53774e-006 -4.95189e-005 13.5818 27.9022 -0.823902 -179.707 -5.4745 -86.9325 -178.369 12.3652 151.356 -0.0766473 3.18055e-015 -1.59028e-015 -150.747 32.7977 164.886 -179.987 0.147679 84.9184 -15.1363 -0.1903 -45.7705 -82.7989 -3.18055e-015 7.95139e-016 -13.7607 83.3717 10.8238 -25.5695 19.9197 -165.601 -47.7741 7.95139e-016 -0 13.5878 5.211 -6.17594 90 -3.97569e-016 -3.97569e-016 -29.4041 -9.99053 163.333 -42.4656 -3.18056e-015 2.38542e-015 1.74779 34.5234 17.309 90 0 -0 
-58.7536 84.9501 -51.0536 -96.103 25.5644 -174.666 13.9266 1.6784 8.47871 4.92681 1.70754e-006 5.12264e-006 -5.12265e-006 1.70755e-006 -8.53773e-006 1.70748e-006 -8.53774e-006 -4.95189e-005 13.5471 30.0082 -2.27783 -179.972 -5.16854 -89.6988 -177.909 14.0032 154.225 -0.108078 1.19271e-015 -3.18055e-015 -174.537 36.526 171.09 -179.924 0.806631 84.6515 -12.7751 -0.353135 -44.186 -82.68 0 1.59028e-015 -17.1071 83.6089 14.4391 -29.6719 16.1918 -163.809 -56.0431 2.38542e-015 -3.18055e-015 12.351 16.6941 -5.64605 90 0 -0 -28.4548 -8.50352 162.726 -39.9659 0 -1.19271e-015 7.63761 30.5526 13.5924 90 3.97569e-016 -3.18055e-015 
-59.1085 83.6897 -52.7497 -96.8747 29.1336 -173.744 15.0294 1.94354 9.61632 4.74432 1.70754e-006 5.12264e-006 -5.12265e-006 1.70755e-006 -8.53773e-006 1.70748e-006 -8.53774e-006 -4.95189e-005 14.2648 33.7838 -4.62776 179.757 -5.86491 -92.3831 -176.011 16.2235 156.056 -0.0593327 -7.95139e-016 7.95139e-016 174.06 35.5572 174.071 -179.908 0.842944 83.8198 -10.8847 0.161519 -40.4694 -79.0254 -9.54166e-015 3.18055e-015 -3.70357 84.5896 1.34917 -31.2685 12.9578 -162.478 -59.8078 2.5842e-015 3.18055e-015 14.0893 29.7349 -3.33031 90 0 -9.54166e-015 -32.4868 -7.56232 161.196 -42.7685 6.36111e-015 2.78299e-015 8.47356 26.1456 13.1414 90 9.93923e-017 6.36111e-015 
-58.8465 82.8889 -54.5846 -97.3853 32.9377 -172.692 16.2742 1.53928 10.5778 4.79204 1.70754e-006 5.12264e-006 -5.12265e-006 1.70755e-006 -8.53773e-006 1.70748e-006 -8.53774e-006 -4.95189e-005 15.8501 37.6887 -7.37702 179.431 -7.34407 -94.4394 -175.59 15.7115 158.568 -3.18055e-015 1.98785e-015 -0 171.366 42.4237 178.197 -179.878 1.01111 83.1089 -8.51645 2.09179 -37.8376 -71.4811 -3.18055e-015 -0 43.174 85.1696 -44.3224 -32.4671 11.0867 -161.425 -62.8868 -6.36111e-015 -3.18055e-015 12.4215 27.5155 -4.43853 90 -3.18055e-015 1.27222e-014 -35.4503 -6.2158 159.693 -44.2224 -3.18056e-015 3.97569e-015 7.37782 22.694 13.5698 90 0 9.54166e-015 
-58.0712 82.4838 -56.1998 -97.1541 35.8399 -172.438 17.3073 1.10508 11.9635 5.15383 1.70754e-006 5.12264e-006 -5.12265e-006 1.70755e-006 -8.53773e-006 1.70748e-006 -8.53774e-006 -4.95189e-005 17.3308 40.367 -9.37592 179.138 -7.98751 -96.1789 -176.744 13.2478 161.815 -0.108273 -7.95139e-016 -3.18055e-015 168.869 49.06 -176.861 -179.751 1.72901 81.813 -3.85382 3.78022 -35.7975 -64.5992 2.59662e-015 3.18055e-015 60.5528 85.4068 -61.1228 -32.5715 8.3145 -160.237 -64.7366 2.38542e-015 -0 8.66669 8.51879 -7.83417 90 0 -0 -35.6556 -4.00549 159.272 -43.7536 6.36111e-015 1.39149e-015 5.57307 22.1864 14.7395 90 -9.93923e-017 -0 
-57.0986 82.3829 -57.8761 -97.4563 38.2974 -172.12 17.8777 0.929062 13.3787 5.33317 1.70754e-006 5.12264e-006 -5.12265e-006 1.70755e-006 -8.53773e-006 1.70748e-006 -8.53774e-006 -4.95189e-005 17.9034 42.4011 -10.6745 179.002 -8.5479 -96.6816 -177.857 9.94317 164.478 -0.0765851 1.59028e-015 6.36111e-015 173.093 55.3549 -177.123 -179.457 3.21553 80.4146 2.03102 5.35847 -34.1669 -60.9648 1.59028e-015 -0 117.676 83.1157 -118.734 -29.973 6.23719 -160.762 -61.4992 3.18055e-015 -3.18055e-015 10.1718 -8.91902 2.73222 90 -3.18055e-015 -2.38542e-015 -35.3889 -1.4731 159.252 -42.2693 -3.18056e-015 -6.4605e-016 3.05503 22.1501 16.7527 90 9.93923e-017 -3.18055e-015 
-55.9113 82.3606 -59.5927 -98.0526 40.7562 -171.933 18.2569 0.183942 14.6294 5.70225 1.70754e-006 5.12264e-006 -5.12265e-006 1.70755e-006 -8.53773e-006 1.70748e-006 -8.53774e-006 -4.95189e-005 18.0526 45.3727 -12.1021 178.854 -10.0106 -96.5717 -177.56 7.07111 165.23 -0.140809 0 3.18055e-015 -178.366 60.9044 179.572 -179.136 4.97715 80.1528 7.36832 7.34702 -34.1127 -59.6533 1.59028e-015 -3.18055e-015 133.784 75.1922 -135.695 -26.2398 4.17164 -160.486 -55.2485 -4.77083e-015 3.18055e-015 12.6582 -11.3576 6.09533 90 -3.18055e-015 1.59028e-015 -35.2409 -0.708826 158.771 -39.7499 0 4.57205e-015 0.424447 20.654 18.6848 90 5.96354e-016 3.18055e-015 
-54.5733 82.1605 -61.3237 -98.4365 42.9751 -171.824 18.6023 -0.682884 15.1048 6.02015 1.70754e-006 5.12264e-006 -5.12265e-006 1.70755e-006 -8.53773e-006 1.70748e-006 -8.53774e-006 -4.95189e-005 17.4002 48.5002 -12.2232 178.701 -11.7451 -96.3568 -176.545 4.9492 165.437 -0.0593477 3.18055e-015 -0 -168.836 67.4532 174.498 -178.81 7.05714 80.4024 12.5089 9.58111 -34.7108 -61.2042 6.36111e-015 3.18055e-015 131.378 72.387 -133.623 -23.3352 3.34169 -159.661 -50.3375 1.59028e-015 -0 14.7718 -11.0293 6.31794 90 0 4.77083e-015 -35.3544 -1.18796 157.5 -37.3017 -3.18056e-015 -3.97569e-016 -2.05063 18.3615 20.6069 90 0 1.59028e-015 
-53.2225 81.6656 -63.0427 -98.6777 44.9309 -172.101 18.7145 -1.13016 15.1967 6.16036 1.70754e-006 5.12264e-006 -5.12265e-006 1.70755e-006 -8.53773e-006 1.70748e-006 -8.53774e-006 -4.95189e-005 16.1155 51.5883 -11.671 178.141 -13.6472 -97.8338 -172.96 8.90832 162.673 -0.0862593 -1.59028e-015 -6.36111e-015 165.87 63.5019 -163.074 -178.46 9.9132 81.1276 17.7401 13.9084 -36.0814 -64.8723 -3.18055e-015 9.54166e-015 128.64 66.6093 -131.547 -22.4485 3.79511 -157.988 -47.8996 -6.36111e-015 -0 14.6026 -14.1149 10.3433 90 6.36111e-015 -3.18055e-015 -35.5713 -1.59753 156.558 -35.3556 3.18056e-015 4.77083e-015 -4.14854 16.2922 22.2984 90 -3.97569e-016 -1.59028e-015 
-51.8035 80.8559 -64.785 -98.2714 46.6612 -173.403 18.7044 -1.5136 15.165 6.38868 1.70754e-006 5.12264e-006 -5.12265e-006 1.70755e-006 -8.53773e-006 1.70748e-006 -8.53774e-006 -4.95189e-005 14.1862 54.5969 -10.4086 177.547 -15.0082 -99.3938 -171.107 9.2687 161.723 -0.0666058 -3.18055e-015 -0 163.746 66.1625 -158.81 -178.329 12.3537 82.2353 21.8542 19.3666 -36.3843 -70.4805 1.11319e-014 -3.18055e-015 131.586 62.896 -135.377 -21.9359 2.93303 -156.149 -48.2281 -6.36111e-015 -3.18055e-015 14.4199 -17.4649 13.9277 90 9.54166e-015 1.59028e-015 -35.6025 -2.00733 156.065 -34.0439 -3.18056e-015 7.95139e-016 -6.0087 14.3471 23.9754 90 3.97569e-016 -1.59028e-015 
-50.162 79.7689 -66.5456 -96.8223 48.2338 -175.685 18.6119 -1.93829 14.7904 6.47444 1.70754e-006 5.12264e-006 -5.12265e-006 1.70755e-006 -8.53773e-006 1.70748e-006 -8.53774e-006 -4.95189e-005 13.3288 57.2921 -8.80485 177.081 -15.5838 -100.749 -168.567 9.00356 161.725 -0.0396242 -3.18055e-015 3.18055e-015 161.575 68.4196 -155.503 -178.573 14.2016 84.2038 24.1566 26.2139 -35.4828 -78.7542 1.05356e-014 -2.38542e-015 130.678 59.5158 -135.436 -22.0487 2.47505 -154.201 -51.7095 6.36111e-015 -0 15.6574 -19.2047 14.3593 90 3.18055e-015 1.59028e-015 -34.8332 -2.14821 155.552 -33.0174 -3.18056e-015 -4.77083e-015 -7.84963 13.4061 26.1762 90 9.93923e-017 -0 
-48.1785 78.4074 -67.9442 -93.2758 49.4305 -179.72 18.1979 -2.48848 13.8911 6.48355 1.70754e-006 5.12264e-006 -5.12265e-006 1.70755e-006 -8.53773e-006 1.70748e-006 -8.53774e-006 -4.95189e-005 14.7226 58.8638 -6.94611 176.764 -15.3702 -102.043 -166.301 8.75168 161.842 -0.0685495 0 -0 168.385 69.6058 -160.686 -179.218 15.6222 87.0989 22.8341 33.4329 -33.1378 -89.4256 4.10304e-015 -0 132.236 52.2771 -140.045 -22.5242 4.27371 -151.243 -56.8893 -1.59028e-015 6.36111e-015 19.0103 -18.0635 9.34498 90 9.54166e-015 -1.59028e-015 -32.4277 -1.00837 155.373 -33.2431 -3.18056e-015 6.36111e-015 -9.71971 15.3343 28.7981 90 -2.98177e-016 -0 
-46.0277 77.0172 -68.7504 -87.8287 45.9523 175.588 17.1092 -5.04663 12.0184 6.22189 1.70754e-006 5.12264e-006 -5.12265e-006 1.70755e-006 -8.53773e-006 1.70748e-006 -8.53774e-006 -4.95189e-005 13.3269 57.2247 -1.10147 176.719 -13.0234 -104.272 -168.484 9.94261 162.257 -0.104675 3.18055e-015 -0 179.811 71.2275 -169.194 -179.934 15.7413 89.7559 20.3036 41.3092 -30.4898 -99.2354 1.59028e-015 -3.18055e-015 131.296 43.5478 -143.332 -22.466 4.4599 -151.211 -58.7062 3.18055e-015 -0 24.7941 -18.201 11.5602 90 -6.36111e-015 3.18055e-015 -27.0033 1.588 154.64 -36.3239 3.18056e-015 -2.38542e-015 -8.9116 22.2611 29.3185 90 4.96962e-017 -2.38542e-015 
-44.7103 75.8595 -68.2972 -84.3576 33.1709 173.251 14.0318 -9.69048 8.34355 5.38205 1.70754e-006 5.12264e-006 -5.12265e-006 1.70755e-006 -8.53773e-006 1.70748e-006 -8.53774e-006 -4.95189e-005 4.15937 50.5149 13.1604 178.157 -5.98993 -107.143 179.762 12.0064 167.798 -0.0676766 -7.95139e-016 -3.18055e-015 173.957 77.4579 -161.67 -179.964 14.5952 89.8578 24.8045 52.0405 -37.2361 -109.244 -3.18055e-015 -3.18055e-015 128.511 42.2611 -141.647 -26.1621 -1.65238 -150.595 -61.6946 -2.38542e-015 -3.18055e-015 20.7725 -14.6283 0.13089 90 -3.18055e-015 -0 -17.9956 2.37231 154.755 -42.3116 -3.18056e-015 3.18056e-015 -3.62541 35.3565 26.163 90 1.44119e-015 -0 
-43.8208 75.3263 -66.5444 -83.829 16.3897 173.532 9.35233 -11.6964 1.18477 2.58789 1.70754e-006 5.12264e-006 -5.12265e-006 1.70755e-006 -8.53773e-006 1.70748e-006 -8.53774e-006 -4.95189e-005 2.65889 36.7512 23.4273 -178.488 5.25007 -106.095 159.493 0.150777 -176.987 -0.0963878 0 -1.59028e-015 -81.2267 83.9634 92.5689 -178.989 9.61021 83.9681 27.6706 64.9886 -45.649 -116.854 3.18055e-015 -0 123.092 36.4842 -141.988 -28.3459 -9.15929 -151.752 -58.4842 -3.37934e-015 -0 17.7943 -4.74067 -6.05498 90 6.36111e-015 -0 -8.86512 1.83276 158.51 -49.3871 3.18056e-015 -7.95139e-015 2.88021 45.8758 19.155 90 5.96354e-016 4.77083e-015 
-42.7445 75.2664 -64.2496 -84.2227 -2.82626 174.572 7.87445 -8.52891 -6.31495 0.249044 1.70754e-006 5.12264e-006 -5.12265e-006 1.70755e-006 -8.53773e-006 1.70748e-006 -8.53774e-006 -4.95189e-005 5.88995 13.925 21.4672 -177.091 13.6263 -102.171 -47.6406 -35.1796 1.07587 -33.0428 0 -7.95139e-016 -11.8387 -50.1982 -9.22413 -179.789 2.0308 84.0643 25.4049 63.6126 -46.8136 -116.907 6.36111e-015 -3.18055e-015 112.334 25.1865 -138.098 -33.4106 -13.8921 -154.492 -50.7047 -1.59028e-015 3.18055e-015 8.86133 3.88562 -10.4144 90 0 -7.95139e-016 -2.62915 -4.80823 164.244 -57.5784 -3.18056e-015 3.18056e-015 10.0791 47.6205 10.9311 90 8.34896e-015 -6.36111e-015 
-40.9492 75.4401 -62.3942 -82.9242 -19.2253 176.41 11.2822 -0.893637 -11.6294 1.83715 1.70754e-006 5.12264e-006 -5.12265e-006 1.70755e-006 -8.53773e-006 1.70748e-006 -8.53774e-006 -4.95189e-005 4.83089 -9.06344 9.32748 -178.248 12.9708 -97.758 -58.3259 -34.869 14.5097 -56.8584 -3.18055e-015 -3.18055e-015 -19.7673 -51.757 -13.0661 -179.788 -2.7548 94.3991 14.6949 49.8646 -45.5871 -92.4191 0 4.77083e-015 122.872 30.9938 -140.638 -36.8392 -13.0862 -158.286 -43.0644 3.18055e-015 -0 -0.11721 11.1581 -8.63732 90 1.59028e-015 -0 4.93966 -11.7466 169.4 -59.9605 1.59028e-015 -3.18056e-015 9.9303 46.2305 13.9421 90 6.36111e-015 -3.18055e-015 
-38.7518 76.326 -61.3014 -82.5363 -29.0919 178.999 14.6484 7.0804 -17.9089 3.00557 1.70754e-006 5.12264e-006 -5.12265e-006 1.70755e-006 -8.53773e-006 1.70748e-006 -8.53774e-006 -4.95189e-005 9.60286 -23.4796 3.94304 -179.963 9.50954 -90.2226 -52.7267 -15.9247 30.3256 -81.9498 3.18055e-015 3.18055e-015 -27.178 -44.2051 -12.4618 -179.246 -5.75282 97.4792 -14.9582 26.5854 -24.57 -50.2699 -1.59028e-015 7.95139e-016 103.281 61.5965 -101.723 -36.841 -9.56622 -161.146 -34.9914 9.54166e-015 3.18055e-015 -7.0939 16.6126 -8.93467 90 7.95139e-016 -0 8.97248 -10.0361 174.572 -59.6559 2.38542e-015 -6.36111e-015 5.93925 47.904 13.0991 90 4.77083e-015 9.54166e-015 
-36.6806 77.1724 -60.9233 -83.4213 -38.2208 179.669 18.0517 10.3643 -21.0196 4.72039 1.70754e-006 5.12264e-006 -5.12265e-006 1.70755e-006 -8.53773e-006 1.70748e-006 -8.53774e-006 -4.95189e-005 7.89503 -33.9999 2.38978 179.773 1.3708 -80.616 -39.6128 4.1218 33.8666 -90.2705 3.18055e-015 -0 -25.9927 -51.8538 -14.5249 -179.009 -5.11726 100.973 -37.9099 -11.3709 -24.5477 -42.697 -9.54166e-015 -1.27222e-014 84.8982 48.7525 -77.8014 -38.0717 -7.68438 -164.36 -29.9326 -3.18055e-015 -0 -12.5338 18.4718 -7.18912 90 -1.19271e-015 -3.18055e-015 10.2093 -10.5483 177.99 -58.9158 -3.97569e-015 -3.18056e-015 2.35991 44.8897 13.407 90 3.18055e-015 -6.36111e-015 
-34.9216 77.6301 -61.0894 -86.4594 -44.7662 177.22 19.6866 11.2667 -22.781 5.12708 1.70754e-006 5.12264e-006 -5.12265e-006 1.70755e-006 -8.53773e-006 1.70748e-006 -8.53774e-006 -4.95189e-005 7.40479 -41.9432 6.49972 -178.044 -6.48849 -73.183 -18.8199 5.36148 26.2191 -77.9752 -2.38542e-015 -0 -7.14589 -57.3877 -4.71371 -179.241 -4.74353 99.1003 -38.6849 -0.993929 -38.3031 -38.8694 -3.18055e-015 3.18055e-015 90.2544 56.2457 -83.9207 -41.8899 -5.89251 -166.18 -29.8672 6.36111e-015 1.59028e-015 -13.8615 18.9888 -4.18495 90 7.95139e-016 6.36111e-015 9.98753 -11.2036 179.83 -58.0795 -3.18056e-015 -3.18056e-015 2.44242 34.8487 14.2596 90 3.18055e-015 -0 
-33.6371 77.5235 -61.7525 -88.7834 -48.4882 174.39 20.8379 12.7866 -22.1394 5.79666 1.70754e-006 5.12264e-006 -5.12265e-006 1.70755e-006 -8.53773e-006 1.70748e-006 -8.53774e-006 -4.95189e-005 5.06296 -43.9866 5.45205 -177.289 -10.5396 -75.4863 -6.05837 -0.955633 29.0889 -57.7402 3.18055e-015 3.18055e-015 -36.1121 -70.6056 -36.7075 -179.752 -3.60204 93.9384 -34.0057 9.52205 -48.268 -35.5117 3.18055e-015 -1.11319e-014 89.9184 61.2407 -83.8525 -44.5353 -7.63223 -167.038 -32.0235 0 -1.59028e-015 -12.4571 19.9206 -4.38636 90 3.97569e-016 -0 10.7122 -7.67594 -178.187 -56.553 3.18056e-015 1.59028e-014 1.08714 23.8139 19.1002 90 -3.18055e-015 -0 
-33.2342 76.9488 -62.6109 -89.7016 -49.7374 173.856 22.9571 13.6487 -22.3284 6.2972 1.70754e-006 5.12264e-006 -5.12265e-006 1.70755e-006 -8.53773e-006 1.70748e-006 -8.53774e-006 -4.95189e-005 3.22522 -41.7273 5.0579 -178.082 -10.6804 -79.7593 4.94279 4.42676 30.9595 -56.2438 -9.54166e-015 -3.18055e-015 -49.441 -80.1266 -50.593 -179.807 -4.91897 92.2533 -42.217 5.68322 -49.8681 -38.1154 -6.36111e-015 4.77083e-015 79.6299 58.5202 -73.9264 -48.1099 -4.30141 -167.878 -36.6695 9.54166e-015 -7.95139e-016 -11.8237 17.9574 -1.37377 90 0 3.18055e-015 10.8754 -6.41541 -179.293 -56.4148 -1.59028e-015 -0 -2.54237 14.2315 19.8386 90 0 1.98785e-016 
-33.6112 76.3148 -63.6565 -92.4111 -48.538 172.12 22.8756 13.1591 -22.1987 6.35844 1.70754e-006 5.12264e-006 -5.12265e-006 1.70755e-006 -8.53773e-006 1.70748e-006 -8.53774e-006 -4.95189e-005 1.2084 -42.8271 4.67537 -177.865 -13.0214 -80.6003 11.0457 11.2613 31.9663 -62.2923 -6.36111e-015 -0 -35.1599 -75.8854 -34.1823 -179.835 -5.17305 91.8336 -48.085 6.01031 -50.2096 -45.231 3.18055e-015 -9.54166e-015 76.814 60.3828 -71.8093 -52.0182 -0.0457587 -167.898 -40.1544 1.59028e-014 -7.95139e-016 -10.2125 13.7524 2.63709 90 1.19271e-015 -0 8.68808 -6.11742 178.417 -57.1982 -2.38542e-015 3.18056e-015 -6.03203 8.61769 17.1149 90 3.18055e-015 6.95746e-016 
-34.1622 76.1458 -65.0152 -94.6129 -47.1166 171.128 22.8633 12.8838 -21.6753 6.4217 1.70754e-006 5.12264e-006 -5.12265e-006 1.70755e-006 -8.53773e-006 1.70748e-006 -8.53774e-006 -4.95189e-005 1.19406 -44.1319 5.14077 -177.936 -14.2322 -81.661 12.5855 13.8178 38.5568 -65.0018 9.54166e-015 1.59028e-015 -47.023 -75.7083 -46.8817 -179.826 -4.23786 92.3555 -47.3 10.1172 -52.2799 -54.6106 0 3.18055e-015 83.3786 60.5025 -79.7982 -53.3784 -0.725994 -168.666 -41.6546 -3.18055e-015 -2.38542e-015 -7.89828 11.7942 0.93569 90 -7.95139e-016 3.18055e-015 7.88979 -3.68084 177.215 -56.092 1.59028e-015 -0 -7.91107 8.05188 17.3778 90 0 -1.59028e-015 
-34.7999 76.6712 -66.7958 -95.1758 -45.1632 171.538 23.3994 12.6863 -20.9889 6.25423 1.70754e-006 5.12264e-006 -5.12265e-006 1.70755e-006 -8.53773e-006 1.70748e-006 -8.53774e-006 -4.95189e-005 3.34754 -43.9735 6.14613 -177.61 -14.1482 -80.3084 12.1522 12.9551 45.0264 -66.6339 -3.18055e-015 -0 -47.286 -77.0679 -47.8962 -179.804 -4.22505 92.6579 -46.4624 11.8788 -52.9803 -62.6196 -9.54166e-015 -0 86.8956 61.9729 -84.1829 -52.5964 -1.44036 -170.002 -42.1405 -9.54166e-015 1.59028e-015 -6.13328 9.25405 1.43772 90 1.19271e-015 -0 8.57482 -1.26062 175.278 -53.4048 -7.95139e-015 -0 -9.92387 8.23877 18.8909 90 0 7.95139e-016 
-35.4952 77.8243 -68.6006 -96.3426 -42.3578 170.723 22.7266 12.8536 -19.5814 5.95857 1.70754e-006 5.12264e-006 -5.12265e-006 1.70755e-006 -8.53773e-006 1.70748e-006 -8.53774e-006 -4.95189e-005 5.57919 -42.9601 7.58539 -177.047 -13.3736 -77.426 9.38191 11.1237 49.3318 -68.7553 -9.54166e-015 -0 -55.435 -77.8443 -56.6316 -179.804 -4.51134 92.4895 -45.9244 11.9934 -52.8333 -67.4377 6.36111e-015 -3.18055e-015 88.3324 63.0317 -85.9373 -51.6584 -2.84935 -170.726 -41.6684 0 5.56597e-015 -5.02432 7.25434 2.47671 90 -3.97569e-016 -6.36111e-015 6.65826 0.871677 173.775 -51.8015 1.59028e-015 -0 -17.4284 11.4825 21.515 90 -3.18055e-015 -6.36111e-015 
-35.978 79.2562 -70.3092 -97.7154 -40.098 169.688 21.5461 12.1892 -18.2597 5.87893 1.70754e-006 5.12264e-006 -5.12265e-006 1.70755e-006 -8.53773e-006 1.70748e-006 -8.53774e-006 -4.95189e-005 6.43355 -40.981 9.69009 -177.601 -11.4666 -78.0976 6.01989 10.0361 54.5215 -71.8433 0 -6.36111e-015 -61.2534 -77.8008 -62.1651 -179.805 -4.27808 92.6081 -44.7253 12.057 -53.3322 -70.0014 -4.77083e-015 -3.18055e-015 86.9911 62.8662 -84.2109 -50.458 -2.04097 -170.755 -39.7012 3.18055e-015 7.95139e-016 -4.50781 8.09069 3.69846 90 7.95139e-016 -3.18055e-015 3.5963 0.822457 172.084 -49.8981 1.59028e-015 6.36111e-015 -28.2961 13.719 22.1969 90 3.18055e-015 3.18055e-015 
-36.0624 80.7041 -72.084 -98.5092 -38.2525 168.965 20.1338 10.8503 -17.0021 5.72621 1.70754e-006 5.12264e-006 -5.12265e-006 1.70755e-006 -8.53773e-006 1.70748e-006 -8.53774e-006 -4.95189e-005 7.46099 -38.2972 11.0375 -178.347 -9.57533 -80.1571 1.02522 10.3049 56.6656 -76.9959 0 9.54166e-015 -68.9883 -75.6916 -69.6168 -179.832 -4.15302 92.3201 -43.4864 11.1232 -53.3974 -70.6462 -1.27222e-014 3.18055e-015 85.9239 63.7118 -82.8933 -48.9062 1.33962 -169.57 -37.0039 -6.36111e-015 -3.97569e-015 -3.88516 8.12078 4.11043 90 -1.19271e-015 9.54166e-015 1.32206 0.323063 170.591 -47.5264 -6.36111e-015 -3.18056e-015 -35.2689 16.2197 23.2233 90 0 3.18055e-015 
-35.9462 81.9664 -73.8941 -99.1143 -36.4499 168.342 18.4101 9.27747 -15.8087 5.46526 1.70754e-006 5.12264e-006 -5.12265e-006 1.70755e-006 -8.53773e-006 1.70748e-006 -8.53774e-006 -4.95189e-005 8.56758 -35.5008 11.8459 -178.686 -8.57223 -81.2506 -3.08233 9.1517 54.2053 -82.9802 0 3.18055e-015 -56.9845 -75.2742 -56.3726 -179.912 -3.88257 91.3035 -41.9548 9.17766 -52.6391 -70.711 -3.18055e-015 1.59028e-015 84.4364 64.1029 -80.9185 -47.9313 5.88709 -167.609 -34.9272 6.36111e-015 -7.95139e-016 -2.83982 6.14679 4.82632 90 0 -3.18055e-015 -0.660344 0.526612 170.286 -46.1065 -4.77083e-015 -0 -37.257 18.6367 22.8331 90 3.18055e-015 -0 
-35.7577 83.0883 -75.6445 -98.9745 -35.3216 168.263 17.482 7.43339 -14.6243 5.46664 1.70754e-006 5.12264e-006 -5.12265e-006 1.70755e-006 -8.53773e-006 1.70748e-006 -8.53774e-006 -4.95189e-005 8.74142 -33.704 12.6416 -178.885 -8.03996 -82.0779 -6.2012 5.65722 49.4453 -87.0682 -3.18055e-015 -0 -43.9135 -73.9186 -41.6943 -179.986 -3.6067 90.2184 -39.0831 7.20431 -51.5628 -71.0554 -1.59028e-015 -0 83.0948 63.3209 -79.2649 -46.1277 8.87013 -166.652 -32.8343 9.54166e-015 5.96354e-016 -2.09342 7.33115 3.84563 90 0 -3.18055e-015 -2.3341 -0.509127 169.78 -46.6891 -1.59028e-015 -3.18056e-015 -34.6824 14.4153 26.0681 90 3.18055e-015 3.18055e-015 
-35.6994 83.9726 -77.3264 -98.2754 -34.361 168.687 17.2267 6.10598 -13.4185 5.57124 1.70754e-006 5.12264e-006 -5.12265e-006 1.70755e-006 -8.53773e-006 1.70748e-006 -8.53774e-006 -4.95189e-005 8.71281 -33.0145 12.7878 -179.217 -6.73227 -83.3501 -8.14446 0.622014 44.616 -88.3295 -1.19271e-015 -9.54166e-015 -42.2115 -72.6005 -39.4244 179.962 -3.56256 89.3834 -35.3626 5.23115 -50.1786 -70.9374 7.95139e-016 7.95139e-015 84.2343 64.3505 -80.5024 -43.6318 9.11653 -167.165 -31.1701 0 -1.78906e-015 -2.03651 7.91298 2.65939 90 -1.98785e-016 -0 -4.69181 -3.36493 169.092 -48.3657 -3.18056e-015 -9.54167e-015 -34.7545 11.5918 28.0431 90 -3.18055e-015 -0 
-35.714 84.6038 -78.9618 -97.4834 -32.88 169.253 16.9763 5.36631 -12.3872 5.53026 1.70754e-006 5.12264e-006 -5.12265e-006 1.70755e-006 -8.53773e-006 1.70748e-006 -8.53774e-006 -4.95189e-005 8.74947 -31.8626 12.5802 -179.559 -5.20442 -85.1499 -8.96123 -5.07625 40.5246 -87.8574 0 3.18055e-015 -48.1476 -73.8537 -45.568 179.908 -3.49977 88.4893 -32.2562 3.29197 -48.366 -69.6295 -7.15625e-015 1.59028e-015 86.4757 66.6271 -82.9031 -41.4575 9.08875 -167.734 -30.2682 -1.27222e-014 -4.77083e-015 -1.51029 7.87423 2.57686 90 3.97569e-016 9.54166e-015 -8.43791 -5.31732 169.05 -51.9319 -3.97569e-015 3.18056e-015 -35.1371 12.4726 26.5938 90 0 6.36111e-015 
-35.6531 85.1491 -80.5264 -96.7125 -31.1155 170.055 16.6579 4.74699 -11.8936 5.39554 1.70754e-006 5.12264e-006 -5.12265e-006 1.70755e-006 -8.53773e-006 1.70748e-006 -8.53774e-006 -4.95189e-005 8.72398 -30.1465 12.6757 -179.782 -4.28221 -87.0783 -9.43559 -11.4988 37.0398 -86.3428 -4.77083e-015 -0 -45.4198 -74.5001 -43.0495 179.867 -3.4527 87.7855 -29.4703 2.17174 -47.1184 -67.1767 4.17448e-015 4.87022e-015 82.917 67.6469 -78.7587 -39.4601 10.311 -167.932 -29.335 -9.54166e-015 1.14301e-015 -0.63597 7.80234 2.08048 90 0 -3.18055e-015 -12.7691 -7.55664 168.7 -56.1581 -2.78299e-015 -3.18056e-015 -30.9153 17.5604 26.1029 90 -2.78299e-015 3.18055e-015 
-35.5342 85.7109 -82.0521 -95.9106 -29.6163 170.924 16.3588 3.96613 -11.3729 5.23581 1.70754e-006 5.12264e-006 -5.12265e-006 1.70755e-006 -8.53773e-006 1.70748e-006 -8.53774e-006 -4.95189e-005 8.65783 -28.2261 12.4752 -179.896 -3.64292 -88.3565 -10.0449 -17.8375 33.6692 -84.1291 0 -3.18055e-015 -38.6924 -73.4462 -36.1723 179.827 -3.62287 87.2688 -26.5705 1.82475 -46.6121 -63.7387 2.78299e-015 -5.96354e-016 75.8035 69.3313 -70.6679 -37.192 11.6693 -168.337 -27.9444 -3.18055e-015 -7.45443e-016 -0.30758 7.7411 2.01249 90 1.98785e-016 6.36111e-015 -16.4052 -10.9628 168.209 -58.7012 -5.96354e-016 -0 -21.9799 22.6491 24.3291 90 -1.06847e-015 -3.18055e-015 
-35.3401 86.1892 -83.4539 -95.2162 -28.7653 171.534 15.9372 2.94582 -10.4669 5.09596 1.70754e-006 5.12264e-006 -5.12265e-006 1.70755e-006 -8.53773e-006 1.70748e-006 -8.53774e-006 -4.95189e-005 8.99082 -25.9329 12.0417 -179.969 -2.96863 -89.4041 -10.5871 -23.4155 31.3377 -82.0623 3.18055e-015 -0 -35.6475 -71.9249 -33.3142 179.797 -3.55328 86.7282 -23.5658 2.06225 -46.7345 -59.7273 7.95139e-016 -3.97569e-016 65.8281 71.9761 -59.5723 -34.9877 12.02 -169.164 -26.7519 -6.36111e-015 1.98785e-016 -0.0191022 7.28835 2.40027 90 0 6.36111e-015 -19.5656 -14.6475 167.885 -60.1471 -2.28602e-015 -0 -16.3798 24.883 22.681 90 1.59028e-015 -3.18055e-015 
-35.0981 86.6205 -84.6872 -94.6029 -27.9831 172.018 15.4216 2.19251 -9.57409 5.03236 1.70754e-006 5.12264e-006 -5.12265e-006 1.70755e-006 -8.53773e-006 1.70748e-006 -8.53774e-006 -4.95189e-005 9.69602 -24.0091 11.7793 179.967 -2.43428 -90.7664 -10.6025 -28.4541 31.1468 -80.5488 3.18055e-015 -6.36111e-015 -31.8022 -71.5925 -30.7059 179.779 -3.30299 86.1684 -20.1474 2.95454 -47.4648 -55.4946 3.18055e-015 -3.97569e-016 53.8147 74.8084 -46.8696 -33.0169 12.4188 -169.805 -25.6856 -9.54166e-015 3.97569e-016 0.439033 6.91623 2.49289 90 1.98785e-016 -9.54166e-015 -22.303 -17.057 167.817 -61.2677 2.18663e-015 -0 -13.5599 23.6542 23.398 90 0 6.36111e-015 
-34.8032 87.0509 -85.8523 -93.803 -26.8907 172.591 14.9847 1.73357 -8.77377 5.00226 1.70754e-006 5.12264e-006 -5.12265e-006 1.70755e-006 -8.53773e-006 1.70748e-006 -8.53774e-006 -4.95189e-005 10.7355 -21.7834 11.1957 179.95 -2.27662 -91.2548 -10.8322 -32.6885 31.2567 -79.4539 3.18055e-015 -6.36111e-015 -25.9941 -71.098 -26.0183 179.736 -3.48833 85.6736 -16.1877 3.83989 -48.5029 -51.8508 -3.18055e-015 2.38542e-015 41.2735 77.1529 -33.7941 -30.8137 13.1663 -170.312 -24.3625 -9.54166e-015 1.98785e-015 0.691055 6.4571 2.81372 90 1.98785e-016 3.18055e-015 -24.139 -18.3734 167.961 -61.2936 0 -0 -11.8689 22.2103 23.5898 90 3.18055e-015 -0 
-34.441 87.4564 -86.9766 -92.9445 -26.0259 173.279 14.5753 1.20356 -8.02311 5.02772 1.70754e-006 5.12264e-006 -5.12265e-006 1.70755e-006 -8.53773e-006 1.70748e-006 -8.53774e-006 -4.95189e-005 11.9853 -19.6385 10.322 179.962 -2.19856 -90.9855 -11.2703 -35.512 31.4851 -79.1124 -3.18055e-015 -0 -24.9829 -68.9218 -24.8926 179.706 -3.53774 85.2493 -12.3684 4.56567 -49.6749 -48.6537 -3.18055e-015 1.78906e-015 32.3113 78.9472 -24.6626 -28.372 13.9331 -171.048 -22.8158 6.36111e-015 -1.98785e-016 1.05834 6.06429 3.02092 90 0 3.18055e-015 -25.2002 -19.2953 167.965 -60.4461 1.19271e-015 -1.59028e-015 -10.674 22.9224 22.3838 90 3.18055e-015 -0 
-34.0432 87.8188 -87.9904 -92.2613 -25.6493 173.969 14.1131 0.324338 -7.3569 5.06716 1.70754e-006 5.12264e-006 -5.12265e-006 1.70755e-006 -8.53773e-006 1.70748e-006 -8.53774e-006 -4.95189e-005 13.1769 -17.963 9.54525 179.965 -2.21759 -90.9079 -10.6198 -36.8951 33.3074 -80.1548 -3.18055e-015 -0 -25.0699 -67.2638 -24.8122 179.717 -3.17935 84.9121 -9.48131 4.85664 -50.8564 -45.7609 0 6.95746e-015 30.2898 80.9444 -22.6983 -26.0188 14.6285 -171.941 -21.1868 3.18055e-015 3.18055e-015 1.58453 6.42271 2.26819 90 -1.98785e-016 -3.18055e-015 -25.9169 -19.8903 167.64 -59.2108 -1.19271e-015 3.18056e-015 -10.1366 24.3254 21.3058 90 1.59028e-015 -0 
-33.5982 88.1412 -88.8772 -91.7678 -25.4189 174.556 13.5384 -0.490602 -6.79168 5.04785 1.70754e-006 5.12264e-006 -5.12265e-006 1.70755e-006 -8.53773e-006 1.70748e-006 -8.53774e-006 -4.95189e-005 14.5398 -16.1006 8.9987 179.98 -2.41199 -90.4864 -9.95944 -36.8582 35.6023 -81.8217 3.18055e-015 3.18055e-015 -25.7848 -67.7937 -25.8058 179.743 -2.72474 84.6179 -7.51307 4.09407 -51.8874 -43.5018 -3.18055e-015 -3.18055e-015 31.6358 82.363 -23.6126 -24.0644 15.3972 -172.72 -19.9337 0 -1.98785e-015 2.49685 6.51991 1.64284 90 4.96962e-016 3.18055e-015 -26.2615 -20.2136 167.286 -57.4038 -3.97569e-016 -0 -9.40819 24.9872 20.3654 90 -1.59028e-015 -3.18055e-015 
-33.0926 88.4072 -89.6307 -91.2528 -25.2605 175.094 12.9913 -1.13953 -6.31538 5.11834 1.70754e-006 5.12264e-006 -5.12265e-006 1.70755e-006 -8.53773e-006 1.70748e-006 -8.53774e-006 -4.95189e-005 15.8946 -14.7004 8.69597 -179.983 -2.84966 -89.661 -9.79571 -35.6462 37.8377 -83.4794 0 -0 -25.8422 -68.2934 -25.6976 179.787 -2.05898 84.0916 -6.66457 2.46138 -52.4722 -41.8803 6.36111e-015 3.18055e-015 32.2691 81.9408 -23.6958 -22.4338 15.6035 -173.526 -19.4422 6.36111e-015 7.95139e-016 3.89437 6.57534 1.81575 90 0 -3.18055e-015 -26.2963 -20.3998 166.884 -55.5728 7.95139e-016 -1.59028e-015 -9.0815 25.3012 19.8652 90 -4.77083e-015 3.18055e-015 
-32.5377 88.5805 -90.2613 -90.6385 -25.2593 175.628 12.6424 -1.75274 -5.92842 5.25045 1.70754e-006 5.12264e-006 -5.12265e-006 1.70755e-006 -8.53773e-006 1.70748e-006 -8.53774e-006 -4.95189e-005 16.9073 -13.8338 8.63864 -179.942 -3.31529 -88.9999 -9.59593 -32.9122 40.2053 -85.4654 6.36111e-015 9.54166e-015 -25.6089 -68.9015 -25.7814 179.848 -1.34164 83.5277 -6.59335 0.119977 -52.9541 -40.9687 3.18055e-015 -5.56597e-015 33.9475 80.2651 -25.2084 -20.6968 14.7976 -174.491 -19.0026 -9.54166e-015 -3.97569e-016 5.16114 6.08308 2.39047 90 1.98785e-016 3.18055e-015 -26.1514 -20.3357 166.404 -54.2701 -3.97569e-016 -7.95139e-016 -9.23808 25.1109 19.9224 90 3.18055e-015 -3.18055e-015 
-31.9847 88.7078 -90.7359 -90.0967 -25.0613 176.043 12.3736 -2.08392 -5.64307 5.37885 1.70754e-006 5.12264e-006 -5.12265e-006 1.70755e-006 -8.53773e-006 1.70748e-006 -8.53774e-006 -4.95189e-005 17.6385 -13.0586 8.72741 -179.885 -3.8103 -88.2567 -9.60908 -28.9653 42.1661 -87.2798 9.54166e-015 3.18055e-015 -24.4538 -70.4915 -24.8781 179.916 -0.697755 83.1875 -7.05728 -2.50789 -53.8711 -40.4383 6.36111e-015 7.95139e-015 36.7728 78.6221 -27.8586 -19.224 14.3883 -175.07 -18.5914 -6.36111e-015 -3.97569e-016 6.18098 5.80344 3.0464 90 7.95139e-016 -0 -25.8284 -19.7353 166.279 -52.8661 0 -0 -9.28041 25.0951 19.7271 90 -1.59028e-015 -0 
-31.4636 88.8058 -91.083 -89.6628 -24.5829 176.402 12.13 -2.32143 -5.51894 5.49728 1.70754e-006 5.12264e-006 -5.12265e-006 1.70755e-006 -8.53773e-006 1.70748e-006 -8.53774e-006 -4.95189e-005 18.2767 -12.4633 8.65623 -179.781 -4.63022 -87.2885 -10.1889 -24.0675 43.4366 -88.466 0 -0 -24.0028 -71.628 -24.5788 179.978 -0.182738 82.9816 -8.1667 -4.88628 -55.2568 -39.7965 3.18055e-015 -3.18055e-015 39.6698 77.0088 -30.3054 -18.1358 14.9697 -175.185 -18.2268 9.54166e-015 3.97569e-016 6.52432 5.73329 3.17837 90 3.97569e-016 -3.18055e-015 -25.4596 -18.8106 166.338 -50.9974 7.95139e-016 -0 -9.30461 26.1575 19.1952 90 4.77083e-015 -3.18055e-015 
-30.9712 88.8742 -91.3083 -89.4014 -24.2705 176.687 11.8677 -2.86234 -5.43642 5.62333 1.70754e-006 5.12264e-006 -5.12265e-006 1.70755e-006 -8.53773e-006 1.70748e-006 -8.53774e-006 -4.95189e-005 18.7289 -12.0398 8.53537 -179.654 -5.53262 -86.415 -10.8684 -18.336 44.5857 -89.0111 6.36111e-015 -6.36111e-015 -23.3305 -71.6893 -24.3926 -179.975 0.200536 82.9045 -9.61466 -6.89494 -57.065 -39.1859 0 -0 40.0131 74.5315 -30.1361 -17.2572 15.5442 -175.245 -17.668 3.18055e-015 1.98785e-015 6.21533 5.37243 3.12417 90 -3.97569e-016 -3.18055e-015 -25.1539 -18.3138 166.136 -48.5478 -7.95139e-016 -0 -9.2478 26.8296 18.5361 90 0 -0 
-30.5119 88.916 -91.4254 -89.3215 -24.1848 176.96 11.6422 -3.39779 -5.41211 5.71712 1.70754e-006 5.12264e-006 -5.12265e-006 1.70755e-006 -8.53773e-006 1.70748e-006 -8.53774e-006 -4.95189e-005 18.9478 -11.7766 8.49825 -179.531 -6.21317 -85.6716 -11.456 -12.4623 46.0356 -88.5874 -3.18055e-015 -0 -19.8111 -72.6779 -21.1678 -179.909 0.716715 82.7773 -11.0861 -8.52163 -58.9911 -38.8934 0 4.77083e-015 39.8425 71.2546 -29.3077 -16.7037 16.0306 -175.292 -17.3461 -9.54166e-015 -1.98785e-015 6.19407 4.60587 3.01964 90 7.95139e-016 1.59028e-014 -24.808 -17.9978 165.715 -45.3514 -1.19271e-015 1.59028e-015 -9.40612 26.5705 18.6147 90 -1.59028e-015 -3.18055e-015 
-30.0699 88.9593 -91.4513 -89.3154 -24.0727 177.153 11.4665 -3.70842 -5.33635 5.87116 1.70754e-006 5.12264e-006 -5.12265e-006 1.70755e-006 -8.53773e-006 1.70748e-006 -8.53774e-006 -4.95189e-005 18.9474 -11.871 8.64287 -179.391 -6.70798 -84.7996 -11.4084 -7.5177 47.9099 -87.3245 -6.36111e-015 -0 -8.42343 -71.7561 -9.84559 -179.865 1.03893 82.6086 -12.5021 -9.99417 -60.8517 -38.9309 3.18055e-015 -5.56597e-015 40.373 68.4037 -29.2487 -16.3365 16.4879 -175.254 -17.2029 0 -0 6.39885 4.19957 2.85115 90 0 6.36111e-015 -24.5165 -17.8171 165.253 -41.8574 9.93923e-016 -0 -8.56767 26.3207 18.4597 90 2.38542e-015 -0 
-29.6193 89 -91.3938 -89.2873 -23.9078 177.291 11.4395 -3.87547 -5.19832 6.00907 1.70754e-006 5.12264e-006 -5.12265e-006 1.70755e-006 -8.53773e-006 1.70748e-006 -8.53774e-006 -4.95189e-005 18.8765 -12.0001 8.82756 -179.239 -7.25142 -83.9936 -11.2427 -2.97295 49.9604 -85.7774 6.36111e-015 -3.18055e-015 -2.63846 -69.0234 -4.33564 -179.84 1.23382 82.6075 -14.0335 -11.1916 -62.7029 -39.2888 0 -1.59028e-015 41.4669 66.0271 -29.929 -15.9687 16.8654 -175.116 -16.9834 -6.36111e-015 -0 6.37762 3.88188 2.62716 90 -3.97569e-016 -0 -24.0085 -17.8649 164.805 -37.5242 -6.95746e-016 -1.59028e-015 -8.39231 26.0274 18.5139 90 7.95139e-016 -0 
-29.1707 89.0308 -91.2645 -89.2907 -23.7476 177.442 11.418 -3.97944 -5.08201 6.16318 1.70754e-006 5.12264e-006 -5.12265e-006 1.70755e-006 -8.53773e-006 1.70748e-006 -8.53774e-006 -4.95189e-005 18.9836 -12.1737 9.0442 -179.108 -7.82831 -83.4798 -11.2559 1.25677 52.204 -83.9171 -6.36111e-015 -6.36111e-015 -0.245942 -67.4141 -2.94277 -179.814 1.44436 82.6659 -15.9402 -12.0872 -64.2837 -39.8371 -3.18055e-015 -7.95139e-016 42.4656 64.0951 -30.6186 -15.6776 17.0855 -175.006 -16.8608 9.54166e-015 2.38542e-015 6.46484 3.75803 2.35318 90 3.97569e-016 6.36111e-015 -23.3518 -18.0068 164.375 -32.4766 9.93923e-017 -1.59028e-015 -8.84227 25.2594 18.6388 90 -7.95139e-016 -0 
-28.7116 89.045 -91.0651 -89.3776 -23.5333 177.6 11.3199 -3.88345 -4.99359 6.2769 1.70754e-006 5.12264e-006 -5.12265e-006 1.70755e-006 -8.53773e-006 1.70748e-006 -8.53774e-006 -4.95189e-005 19.2863 -12.5178 9.15595 -179.043 -8.2937 -83.3956 -11.4232 4.81625 54.7219 -81.0951 -3.18055e-015 -0 4.59559 -66.9924 0.594251 -179.808 1.50419 82.7377 -17.6657 -12.8065 -65.4501 -40.8741 -3.18055e-015 1.19271e-015 43.8312 62.3807 -31.7865 -15.5148 17.62 -174.813 -16.7405 -3.18055e-015 -0 6.48323 3.71623 2.05019 90 0 9.54166e-015 -22.7597 -18.2734 164.021 -27.2973 -7.95139e-016 -0 -8.94238 23.8435 18.9873 90 -7.95139e-016 3.18055e-015 
-28.2521 89.0307 -90.8063 -89.5061 -23.205 177.873 11.1966 -3.57774 -5.01711 6.35909 1.70754e-006 5.12264e-006 -5.12265e-006 1.70755e-006 -8.53773e-006 1.70748e-006 -8.53774e-006 -4.95189e-005 19.5377 -12.9107 9.17547 -179.007 -8.53703 -83.3423 -11.9905 7.96085 56.7069 -77.4947 -1.59028e-015 1.59028e-015 8.64212 -66.5703 3.64084 -179.809 1.52196 82.8589 -19.0896 -13.1631 -66.1937 -42.2445 0 -9.93923e-016 44.3647 61.3278 -32.1945 -15.3784 18.22 -174.702 -16.6151 6.36111e-015 -0 6.44578 3.69083 1.7097 90 -3.97569e-016 -0 -22.4512 -18.4492 163.715 -22.5215 -6.70898e-016 3.18056e-015 -9.6418 22.6403 19.6387 90 0 -0 
-27.7696 88.9854 -90.4683 -89.5978 -22.8399 178.283 11.1166 -3.30532 -5.19426 6.417 1.70754e-006 5.12264e-006 -5.12265e-006 1.70755e-006 -8.53773e-006 1.70748e-006 -8.53774e-006 -4.95189e-005 19.7031 -13.1373 9.10822 -178.981 -8.67056 -83.2695 -13.0049 10.8064 57.9822 -73.7073 1.59028e-015 -0 11.9657 -65.5734 5.97756 -179.824 1.43683 83.0172 -20.3402 -13.0882 -66.4706 -43.5965 3.18055e-015 3.97569e-015 41.7695 59.8584 -29.2587 -15.2422 18.7102 -174.66 -16.6233 6.36111e-015 -3.97569e-016 6.5049 3.67183 1.29836 90 3.97569e-016 3.18055e-015 -22.5042 -19.2921 163.25 -18.3027 -3.97569e-016 -0 -10.871 21.386 20.4914 90 0 -6.36111e-015 
-27.2283 88.9137 -90.0466 -89.6204 -22.6035 178.818 11.0474 -3.17346 -5.48498 6.47534 1.70754e-006 5.12264e-006 -5.12265e-006 1.70755e-006 -8.53773e-006 1.70748e-006 -8.53774e-006 -4.95189e-005 19.9386 -13.2284 9.03714 -178.97 -8.6446 -83.1769 -14.1316 13.3526 58.5981 -70.3825 3.97569e-015 -0 16.7711 -63.4469 9.28672 -179.835 1.39395 83.2516 -21.3185 -12.5455 -66.2687 -44.7508 0 4.96962e-016 37.6601 55.8962 -24.0693 -15.0018 19.1184 -174.661 -16.5871 6.36111e-015 7.95139e-016 6.42017 3.59893 0.813796 90 -7.95139e-016 -3.18055e-015 -22.7663 -20.3438 162.817 -15.3444 -1.98785e-016 -0 -10.5065 20.338 20.578 90 1.59028e-015 -6.36111e-015 
-26.6454 88.8186 -89.5192 -89.6244 -22.4574 179.419 10.9633 -3.02462 -5.80704 6.50672 1.70754e-006 5.12264e-006 -5.12265e-006 1.70755e-006 -8.53773e-006 1.70748e-006 -8.53774e-006 -4.95189e-005 20.3433 -13.366 8.90516 -178.985 -8.4658 -83.1373 -15.5999 15.5383 58.7951 -67.1032 -7.95139e-016 -3.18055e-015 20.2793 -61.1481 12.1011 -179.85 1.30998 83.4563 -21.8176 -11.7966 -65.6068 -45.3679 -9.54166e-015 -1.78906e-015 36.1165 54.7957 -22.3677 -14.7197 19.3846 -174.674 -16.4855 -3.18055e-015 -1.98785e-016 6.17245 3.36657 0.257352 90 0 6.36111e-015 -22.8093 -20.3377 162.745 -13.5046 0 -0 -10.0816 19.6814 20.2971 90 1.59028e-015 -0 
-25.9651 88.6983 -88.9121 -89.5196 -22.5083 -179.908 10.8981 -2.93399 -6.06136 6.54625 1.70754e-006 5.12264e-006 -5.12265e-006 1.70755e-006 -8.53773e-006 1.70748e-006 -8.53774e-006 -4.95189e-005 20.8222 -13.6091 8.66085 -178.994 -8.28172 -83.0485 -17.516 17.3469 58.6038 -63.7013 0 3.18055e-015 21.9895 -59.7753 13.6385 -179.883 1.0337 83.5325 -21.1162 -10.8367 -64.6284 -45.8519 0 3.97569e-016 38.468 59.1754 -26.1133 -14.3576 19.5481 -174.665 -16.4075 0 -7.95139e-016 5.84719 3.24274 -0.371515 90 3.97569e-016 -3.18055e-015 -22.5133 -19.7385 162.909 -12.6471 -9.93923e-017 -0 -10.357 19.1551 20.2272 90 1.59028e-015 3.18055e-015 
-25.1855 88.5665 -88.2091 -89.3737 -22.779 -179.2 10.7987 -2.89986 -6.24452 6.57032 1.70754e-006 5.12264e-006 -5.12265e-006 1.70755e-006 -8.53773e-006 1.70748e-006 -8.53774e-006 -4.95189e-005 21.2747 -13.9488 8.35534 -178.999 -8.01815 -82.8572 -18.9455 18.5547 58.0161 -60.8295 1.59028e-015 -0 24.1688 -57.3504 15.027 -179.917 0.736326 83.5546 -19.6776 -9.62429 -63.6047 -46.3476 6.36111e-015 -6.36111e-015 42.068 64.0724 -31.2178 -13.9067 19.5707 -174.641 -16.2397 9.54166e-015 1.49089e-015 5.43589 3.36662 -1.09682 90 -1.98785e-016 -3.18055e-015 -22.1201 -18.9188 163.198 -12.9582 4.47266e-016 1.59028e-015 -10.2017 19.0361 19.4282 90 3.18055e-015 -0 
-24.3332 88.4526 -87.4171 -89.2279 -23.3906 -178.611 10.6827 -2.99625 -6.13435 6.56512 1.70754e-006 5.12264e-006 -5.12265e-006 1.70755e-006 -8.53773e-006 1.70748e-006 -8.53774e-006 -4.95189e-005 21.6446 -14.4559 7.99807 -178.983 -7.85833 -82.6045 -19.484 18.778 57.2184 -58.6552 -1.59028e-015 1.59028e-015 26.0856 -53.1231 15.7694 -179.931 0.6093 83.5573 -18.06 -8.21517 -62.5676 -46.9451 0 -5.1684e-015 42.393 66.8513 -32.2543 -13.4762 19.2746 -174.509 -15.9733 6.36111e-015 8.44835e-016 5.00729 3.55495 -1.84887 90 5.96354e-016 9.54166e-015 -21.5181 -17.7329 163.456 -13.2579 -3.97569e-016 1.59028e-015 -11.2562 20.2086 19.1794 90 -1.59028e-015 -3.18055e-015 
-23.4022 88.423 -86.545 -88.9951 -24.145 -178.397 10.6525 -3.11422 -5.43631 6.54879 1.70754e-006 5.12264e-006 -5.12265e-006 1.70755e-006 -8.53773e-006 1.70748e-006 -8.53774e-006 -4.95189e-005 21.9304 -15.0666 7.55997 -178.958 -7.90252 -82.4613 -19.1402 17.7244 56.6973 -56.4701 -3.18055e-015 1.59028e-015 26.57 -50.2325 15.4453 -179.95 0.443467 83.6026 -16.5638 -6.70785 -61.5389 -47.2557 6.36111e-015 -5.1684e-015 38.1476 67.9012 -28.2528 -13.3459 18.7361 -173.929 -16.1426 -3.18055e-015 3.97569e-016 4.83061 4.01284 -1.94154 90 -1.98785e-016 6.36111e-015 -21.2466 -17.4053 163.704 -14.0749 3.97569e-016 -0 -12.71 21.6723 18.916 90 0 3.18055e-015 
-22.4138 88.4247 -85.6093 -88.8615 -24.784 -178.408 10.4569 -3.04056 -4.54695 6.53291 1.70754e-006 5.12264e-006 -5.12265e-006 1.70755e-006 -8.53773e-006 1.70748e-006 -8.53774e-006 -4.95189e-005 22.2503 -15.6227 7.24333 -179.025 -7.73814 -82.7939 -17.2677 15.6192 56.9594 -54.3749 2.38542e-015 -1.59028e-015 24.946 -50.2747 13.6041 -179.968 0.285234 83.5977 -15.5619 -5.41282 -60.4225 -47.1408 -3.18055e-015 3.18055e-015 33.9151 68.4853 -24.0453 -13.3076 18.2563 -173.094 -16.2038 -3.18055e-015 1.68967e-015 4.69136 4.44764 -2.04955 90 7.95139e-016 -6.36111e-015 -21.3241 -17.0634 164.268 -15.8511 0 -0 -12.0596 22.0098 18.145 90 0 3.18055e-015 
-21.3961 88.4356 -84.6084 -88.7342 -25.3109 -178.545 10.3365 -2.89887 -3.55077 6.45078 1.70754e-006 5.12264e-006 -5.12265e-006 1.70755e-006 -8.53773e-006 1.70748e-006 -8.53774e-006 -4.95189e-005 22.4146 -16.008 7.0682 -179.094 -7.63009 -83.2065 -14.5351 12.8022 57.5158 -52.4066 -7.95139e-016 3.18055e-015 22.1144 -52.908 11.3453 -179.989 0.0961127 83.4561 -14.8127 -4.13638 -59.1897 -46.5641 9.54166e-015 -3.97569e-015 31.7419 69.2204 -22.1405 -13.3425 17.6334 -172.087 -16.3957 3.18055e-015 2.98177e-015 4.81456 4.86331 -2.1687 90 3.97569e-016 -3.18055e-015 -21.3328 -16.9912 165.156 -17.5823 1.59028e-015 -0 -10.4623 22.5153 16.6034 90 0 -0 
-20.3456 88.4421 -83.5903 -88.6341 -25.7746 -178.731 10.1785 -2.71999 -2.50535 6.38352 1.70754e-006 5.12264e-006 -5.12265e-006 1.70755e-006 -8.53773e-006 1.70748e-006 -8.53774e-006 -4.95189e-005 22.4689 -16.3095 6.95675 -179.13 -7.58824 -83.4383 -11.8253 9.8854 58.0283 -50.8004 0 -3.18055e-015 18.7902 -56.6712 8.64482 179.983 -0.143587 83.2208 -14.1058 -3.06401 -57.9414 -45.9585 0 1.19271e-014 31.5986 69.7197 -22.0912 -13.3964 17.0472 -171.035 -16.5785 3.18055e-015 1.98785e-015 4.86709 5.09655 -2.11835 90 -3.97569e-016 -0 -21.2985 -17.6508 166.018 -19.0313 -7.95139e-016 -2.38542e-015 -8.42129 22.6756 15.0885 90 -1.59028e-015 -0 
-19.255 88.4322 -82.5478 -88.4602 -26.301 -178.961 10.1111 -2.57422 -1.35731 6.32012 1.70754e-006 5.12264e-006 -5.12265e-006 1.70755e-006 -8.53773e-006 1.70748e-006 -8.53774e-006 -4.95189e-005 22.4942 -16.5521 6.90758 -179.16 -7.43932 -83.5363 -9.69949 7.25569 58.4231 -49.5069 3.97569e-015 3.18055e-015 15.154 -59.7207 5.41179 179.967 -0.268539 83.0534 -13.6681 -2.14163 -56.8848 -45.1832 -3.18055e-015 -1.59028e-015 31.5687 70.4029 -22.089 -13.3748 16.4881 -169.881 -16.6282 6.36111e-015 1.98785e-015 4.705 5.46787 -2.05584 90 1.19271e-015 -9.54166e-015 -21.0432 -18.3922 166.949 -20.4061 0 -7.95139e-016 -6.24098 22.7776 13.9828 90 1.59028e-015 -0 
-18.1518 88.3814 -81.5152 -88.3027 -26.7846 -179.149 10.0513 -2.4876 -0.25881 6.24715 1.70754e-006 5.12264e-006 -5.12265e-006 1.70755e-006 -8.53773e-006 1.70748e-006 -8.53774e-006 -4.95189e-005 22.4997 -16.743 6.75108 -179.194 -7.25284 -83.6385 -8.29802 5.25359 58.7304 -48.8273 5.56597e-015 3.18055e-015 11.9997 -60.9259 2.42213 179.955 -0.367805 83.0481 -13.4477 -1.39153 -56.1682 -44.2805 0 -3.97569e-015 31.2188 70.8744 -21.8494 -13.3496 15.985 -168.74 -16.6706 0 1.19271e-015 4.4697 5.86712 -1.98472 90 -7.95139e-016 -0 -20.7317 -19.0737 167.942 -21.5917 0 -7.95139e-016 -4.25196 22.9147 12.2513 90 0 3.18055e-015 
-17.0746 88.2988 -80.5188 -88.1536 -27.094 -179.249 10.0517 -2.444 0.736367 6.19213 1.70754e-006 5.12264e-006 -5.12265e-006 1.70755e-006 -8.53773e-006 1.70748e-006 -8.53774e-006 -4.95189e-005 22.4129 -16.8887 6.47987 -179.214 -7.10821 -83.6694 -7.63503 3.94626 58.7887 -48.7806 -2.78299e-015 3.18055e-015 10.3598 -60.8652 0.89508 179.938 -0.506819 83.0277 -13.4364 -0.841969 -55.5175 -43.4571 0 3.18055e-015 30.9841 71.192 -21.5653 -13.2087 15.4729 -167.763 -16.6272 0 -4.37326e-015 4.21485 6.27365 -1.97652 90 0 -3.18055e-015 -20.4567 -19.3689 168.948 -22.7715 1.59028e-015 -0 -2.46114 23.26 10.352 90 -7.95139e-016 -3.18055e-015 
-16.0005 88.1841 -79.5647 -87.9673 -27.1419 -179.24 10.1331 -2.38132 1.60194 6.1562 1.70754e-006 5.12264e-006 -5.12265e-006 1.70755e-006 -8.53773e-006 1.70748e-006 -8.53774e-006 -4.95189e-005 22.2787 -16.8743 6.06843 -179.211 -6.96209 -83.5159 -7.77725 3.52207 58.3922 -49.2044 3.18055e-015 9.54166e-015 10.1116 -60.8842 0.907897 179.919 -0.645174 82.8493 -13.8308 -0.477422 -54.8022 -42.4377 3.18055e-015 -3.97569e-015 30.8607 71.4606 -21.5706 -12.9089 15.0591 -166.898 -16.4907 -6.36111e-015 -1.98785e-015 3.61523 6.5173 -1.64209 90 7.95139e-016 3.18055e-015 -20.1815 -19.0885 170.015 -24.0313 -7.95139e-016 -3.97569e-016 -0.799572 23.8052 8.36083 90 -7.95139e-016 -0 
-14.9321 88.0267 -78.6563 -87.764 -26.9716 -179.209 10.2706 -2.38266 2.43206 6.12532 1.70754e-006 5.12264e-006 -5.12265e-006 1.70755e-006 -8.53773e-006 1.70748e-006 -8.53774e-006 -4.95189e-005 22.1922 -16.5649 5.42943 -179.214 -6.82327 -83.4106 -8.359 3.78946 57.9817 -49.9754 -3.81729e-015 -0 10.4412 -61.2348 1.43363 179.887 -0.883275 82.7142 -14.3889 -0.221381 -54.2697 -41.3444 0 -6.36111e-015 31.0508 71.7713 -21.7675 -12.7935 14.6444 -165.965 -16.9403 0 -2.78299e-015 3.55358 6.46809 -1.43588 90 -1.59028e-015 -3.18055e-015 -19.8853 -18.4629 171.17 -25.2796 7.95139e-016 -0 0.776939 24.5237 6.31338 90 1.59028e-015 -3.18055e-015 
-13.8594 87.8593 -77.7979 -87.5977 -26.6714 -179.114 10.3765 -2.45295 3.13816 6.14239 1.70754e-006 5.12264e-006 -5.12265e-006 1.70755e-006 -8.53773e-006 1.70748e-006 -8.53774e-006 -4.95189e-005 22.1711 -16.2312 4.80363 -179.207 -6.84937 -83.3773 -9.11988 4.31749 57.7343 -50.8408 -3.18055e-015 -0 11.3223 -60.7467 2.49143 179.864 -1.04584 82.5667 -14.8451 0.103211 -53.9898 -40.2933 6.36111e-015 5.56597e-015 31.0904 71.6525 -21.5887 -12.616 13.8019 -165.229 -17.7756 3.18055e-015 -0 4.3268 6.13729 -1.26315 90 1.59028e-015 -0 -19.6923 -18.1051 172.135 -26.482 1.59028e-015 3.97569e-016 2.35838 24.8704 4.34063 90 3.97569e-016 3.18055e-015 
-12.804 87.7135 -76.9768 -87.454 -26.3273 -178.99 10.5097 -2.55594 3.77829 6.1834 1.70754e-006 5.12264e-006 -5.12265e-006 1.70755e-006 -8.53773e-006 1.70748e-006 -8.53774e-006 -4.95189e-005 22.127 -15.8441 4.22493 -179.202 -6.8192 -83.3091 -9.69915 4.92439 57.6649 -51.7497 7.55382e-015 3.18055e-015 12.1891 -60.1259 3.53693 179.851 -1.09519 82.257 -15.292 0.365624 -53.7522 -39.2199 -1.27222e-014 7.15625e-015 30.8736 71.7272 -21.3232 -12.4014 12.7176 -164.7 -18.7847 0 7.95139e-016 5.27781 5.81269 -0.548283 90 3.97569e-015 9.54166e-015 -19.3856 -17.6277 173.086 -27.464 0 3.97569e-016 3.93023 25.2807 2.80433 90 0 -0 
-11.7896 87.613 -76.2377 -87.3314 -25.9534 -178.878 10.6783 -2.70635 4.45081 6.22295 1.70754e-006 5.12264e-006 -5.12265e-006 1.70755e-006 -8.53773e-006 1.70748e-006 -8.53774e-006 -4.95189e-005 22.1101 -15.2828 3.65793 -179.202 -6.75734 -83.2472 -10.116 5.50821 57.9715 -52.5004 -1.59028e-015 -6.36111e-015 12.2839 -59.75 3.69199 179.837 -1.15618 81.9826 -15.5614 0.541399 -53.6798 -38.2023 0 -6.36111e-015 30.529 72.0729 -20.9837 -12.1958 11.6244 -164.355 -19.9155 -6.36111e-015 -0 6.33236 5.48071 0.771183 90 0 -0 -18.8549 -16.8558 174.116 -28.0286 -3.18056e-015 -1.98785e-016 5.26403 25.8602 1.47309 90 -1.98785e-016 -3.18055e-015 
-10.8181 87.5886 -75.6257 -87.2762 -25.6492 -178.731 10.7505 -2.96312 5.06726 6.25688 1.70754e-006 5.12264e-006 -5.12265e-006 1.70755e-006 -8.53773e-006 1.70748e-006 -8.53774e-006 -4.95189e-005 22.2629 -14.7766 3.24055 -179.208 -6.76992 -83.3142 -10.5554 5.9475 58.7694 -52.8809 7.95139e-016 3.18055e-015 12.7153 -59.5073 4.10229 179.831 -1.18595 81.8777 -15.6631 0.537015 -53.8696 -37.2555 0 -7.95139e-016 30.5447 72.2677 -20.9014 -11.8359 10.4002 -164.428 -20.9175 0 7.95139e-016 7.45344 5.14359 2.62985 90 -1.59028e-015 3.18055e-015 -18.2517 -16.4411 174.904 -28.2137 -1.59028e-015 -9.93923e-016 6.39909 26.1147 0.422963 90 -1.98785e-016 -3.18055e-015 
-9.90037 87.6617 -75.1467 -87.2379 -25.3462 -178.599 10.7764 -3.1497 5.68135 6.3048 1.70754e-006 5.12264e-006 -5.12265e-006 1.70755e-006 -8.53773e-006 1.70748e-006 -8.53774e-006 -4.95189e-005 22.4698 -14.5309 3.07622 -179.226 -6.74406 -83.4419 -11.0393 6.30971 59.9131 -53.0972 0 6.36111e-015 13.3553 -58.9635 4.57494 179.856 -1.00372 81.8408 -15.9564 0.32266 -54.0574 -36.2225 0 5.1684e-015 30.5919 72.5565 -20.8709 -11.3971 9.03251 -164.931 -22.0461 9.54166e-015 3.18055e-015 8.65609 4.09649 5.42866 90 1.59028e-015 -6.36111e-015 -17.427 -16.3155 175.579 -27.8619 0 5.46658e-016 7.15586 26.0904 -0.484744 90 1.98785e-016 -3.18055e-015 
-9.02054 87.8417 -74.7913 -87.113 -24.9206 -178.448 10.8838 -3.16729 6.23985 6.35052 1.70754e-006 5.12264e-006 -5.12265e-006 1.70755e-006 -8.53773e-006 1.70748e-006 -8.53774e-006 -4.95189e-005 22.6649 -14.4966 3.11308 -179.251 -6.70173 -83.6051 -11.7677 6.81021 61.1758 -53.3487 -1.59028e-015 -6.36111e-015 14.0876 -58.1915 5.20337 179.88 -0.840789 81.8472 -16.2028 -0.169167 -54.2219 -35.2501 3.18055e-015 -7.95139e-016 30.9993 72.6028 -21.1612 -10.7795 7.86234 -165.956 -23.2456 -6.36111e-015 -0 9.93913 2.26626 9.07354 90 1.59028e-015 -3.18055e-015 -16.1922 -15.7806 176.336 -26.9428 4.77083e-015 7.95139e-016 7.57408 26.3399 -0.95853 90 -9.93923e-017 -6.36111e-015 
-8.19448 88.1131 -74.5532 -86.9998 -24.3989 -178.229 10.9975 -3.02465 6.64349 6.40951 1.70754e-006 5.12264e-006 -5.12265e-006 1.70755e-006 -8.53773e-006 1.70748e-006 -8.53774e-006 -4.95189e-005 22.7229 -14.4389 3.29853 -179.28 -6.65418 -83.8133 -12.7994 7.50765 62.4147 -53.8309 7.95139e-016 -3.18055e-015 14.8224 -57.5101 5.86314 179.912 -0.622898 81.9243 -16.3497 -0.745106 -54.4368 -34.3413 -9.54166e-015 -5.56597e-015 31.5254 72.368 -21.4104 -10.6746 6.96491 -167.3 -25.185 -3.18055e-015 -1.98785e-015 10.9159 1.00458 11.5888 90 -6.36111e-015 -3.18055e-015 -14.7586 -14.8843 177.041 -25.5507 -1.59028e-015 -1.98785e-016 7.63971 26.8026 -1.20573 90 0 -3.18055e-015 
-7.40805 88.4246 -74.4024 -86.9332 -23.8119 -177.944 11.0673 -2.73076 6.85586 6.47736 1.70754e-006 5.12264e-006 -5.12265e-006 1.70755e-006 -8.53773e-006 1.70748e-006 -8.53774e-006 -4.95189e-005 22.7228 -14.3854 3.61331 -179.318 -6.54356 -84.0372 -14.0667 8.45954 63.453 -54.6602 -1.59028e-015 -0 15.9029 -56.5826 6.9089 179.941 -0.416283 81.9854 -16.3829 -1.47958 -54.6284 -33.5158 -3.18055e-015 -7.95139e-016 31.3031 72.2769 -21.0638 -11.8249 6.18447 -168.58 -28.7236 -3.18055e-015 2.18663e-015 11.0503 1.2386 10.904 90 -3.18055e-015 6.36111e-015 -13.3343 -14.0575 177.53 -23.9848 -3.18056e-015 -5.96354e-016 7.52042 27.0838 -1.33022 90 -9.93923e-017 -0 
-6.65992 88.7269 -74.3326 -86.9595 -23.1596 -177.637 11.08 -2.35614 6.92701 6.529 1.70754e-006 5.12264e-006 -5.12265e-006 1.70755e-006 -8.53773e-006 1.70748e-006 -8.53774e-006 -4.95189e-005 22.7171 -14.3223 3.91402 -179.323 -6.54094 -84.0809 -15.5637 9.56156 64.053 -55.7743 -1.59028e-015 3.18055e-015 17.331 -55.6305 8.29959 179.96 -0.28241 82.0043 -16.3531 -2.32546 -54.7271 -32.7857 -3.18055e-015 3.97569e-016 31.79 72.2956 -21.4002 -13.2121 6.1197 -170.053 -31.4612 0 -3.47873e-015 10.5934 3.26618 9.57303 90 3.18055e-015 3.18055e-015 -11.9972 -13.4028 177.81 -22.3396 -1.59028e-015 -5.96354e-016 7.41821 27.0863 -1.26129 90 1.98785e-016 6.36111e-015 
-5.92537 88.9618 -74.2926 -87.0526 -22.3717 -177.469 11.0848 -1.8562 7.00661 6.60374 1.70754e-006 5.12264e-006 -5.12265e-006 1.70755e-006 -8.53773e-006 1.70748e-006 -8.53774e-006 -4.95189e-005 22.6554 -14.3351 4.18445 -179.307 -6.62438 -84.0174 -16.933 10.6426 64.344 -57.0553 0 -3.18055e-015 18.5188 -55.0148 9.60269 179.974 -0.187115 82.0508 -16.2809 -3.07867 -54.8113 -32.1796 3.18055e-015 6.95746e-015 32.6397 72.0253 -21.9929 -14.6842 6.40082 -171.467 -32.9939 0 1.39149e-015 9.4784 5.4459 8.38041 90 3.18055e-015 -0 -10.7602 -12.8259 178.131 -20.7788 -3.18056e-015 -1.19271e-015 7.34665 26.8295 -1.29941 90 0 -0 
-5.15826 89.1193 -74.2768 -87.0822 -21.5545 -177.431 11.1869 -1.37207 7.15166 6.69732 1.70754e-006 5.12264e-006 -5.12265e-006 1.70755e-006 -8.53773e-006 1.70748e-006 -8.53774e-006 -4.95189e-005 22.5909 -14.2541 4.26766 -179.289 -6.74519 -83.9675 -17.9101 11.5243 64.5374 -58.1773 1.59028e-015 3.18055e-015 19.1746 -54.7017 10.3985 179.986 -0.102963 82.1581 -16.2519 -3.72698 -54.9246 -31.7129 0 1.98785e-016 32.6499 71.8808 -21.8153 -16.0161 7.0447 -172.736 -32.9704 0 2.18663e-015 7.80209 5.62112 8.31692 90 -1.59028e-015 -9.54166e-015 -9.5557 -12.3439 178.523 -19.4942 0 3.97569e-016 7.451 26.4951 -1.29394 90 0 -3.18055e-015 
-4.36512 89.2123 -74.2957 -87.1437 -20.701 -177.469 11.2879 -0.982933 7.25895 6.79061 1.70754e-006 5.12264e-006 -5.12265e-006 1.70755e-006 -8.53773e-006 1.70748e-006 -8.53774e-006 -4.95189e-005 22.5943 -14.0516 4.25751 -179.263 -6.9279 -83.9139 -18.4142 12.1177 64.6585 -58.8983 0 -0 19.5409 -54.7981 10.9613 179.989 -0.08438 82.2887 -16.064 -4.06422 -55.0833 -31.2396 -3.18055e-015 1.2921e-015 32.6746 71.6442 -21.8074 -17.0463 8.16545 -173.933 -30.9998 9.54166e-015 -9.93923e-016 5.55032 5.17161 8.88441 90 1.59028e-015 -3.18055e-015 -8.49726 -11.9765 178.912 -18.42 0 1.19271e-015 7.6156 26.0654 -1.47599 90 0 -6.36111e-015 
-3.51294 89.2693 -74.3445 -87.1688 -19.8355 -177.607 11.4092 -0.656786 7.38013 6.88099 1.70754e-006 5.12264e-006 -5.12265e-006 1.70755e-006 -8.53773e-006 1.70748e-006 -8.53774e-006 -4.95189e-005 22.7074 -13.6694 4.1291 -179.246 -7.05123 -83.8862 -18.3942 12.3544 64.7832 -59.0251 1.59028e-015 -0 19.3754 -54.7556 10.8434 179.988 -0.0887351 82.3498 -15.7711 -4.2541 -55.1754 -30.9932 9.54166e-015 6.60959e-015 32.4468 71.6879 -21.5227 -17.682 9.61133 -175.036 -27.4011 -6.36111e-015 1.59028e-015 2.73287 5.29028 8.51277 90 -2.38542e-015 3.18055e-015 -7.39544 -11.5619 179.398 -17.435 1.59028e-015 5.96354e-016 7.77803 25.6289 -1.7856 90 0 -6.36111e-015 
-2.58287 89.2854 -74.4206 -87.1724 -18.8979 -177.877 11.493 -0.3498 7.52218 6.97824 1.70754e-006 5.12264e-006 -5.12265e-006 1.70755e-006 -8.53773e-006 1.70748e-006 -8.53774e-006 -4.95189e-005 22.8917 -13.1127 3.94802 -179.23 -7.16667 -83.8546 -18.0981 12.3239 64.8145 -58.5603 3.18055e-015 -3.18055e-015 18.9527 -54.8664 10.3427 179.985 -0.113455 82.421 -15.4673 -4.3528 -55.2733 -30.9558 -1.27222e-014 -4.17448e-015 32.4188 71.7756 -21.4987 -18.46 11.1582 -175.907 -24.0816 -6.36111e-015 8.94531e-016 2.04753 5.74208 7.46006 90 1.59028e-015 6.36111e-015 -6.2327 -11.1276 179.989 -16.5234 1.59028e-015 -5.96354e-016 8.05809 25.1607 -1.98862 90 1.98785e-016 -0 
-1.55137 89.2586 -74.5463 -87.1192 -17.8 -178.319 11.5506 -0.0350746 7.74085 7.08303 1.70754e-006 5.12264e-006 -5.12265e-006 1.70755e-006 -8.53773e-006 1.70748e-006 -8.53774e-006 -4.95189e-005 23.0812 -12.3235 3.66638 -179.21 -7.2661 -83.7751 -17.6333 12.1757 64.7392 -57.6031 3.18055e-015 -0 18.9039 -54.9969 10.2558 179.979 -0.156784 82.5219 -15.3486 -4.42123 -55.344 -31.0551 -3.18055e-015 1.73937e-015 32.6107 71.7835 -21.733 -18.9803 12.6912 -176.575 -20.1845 6.36111e-015 -6.70898e-016 0.195257 6.73909 6.33364 90 0 -3.18055e-015 -4.82884 -10.7201 -179.266 -15.4503 -1.59028e-015 -0 8.32725 24.4288 -2.24403 90 9.93923e-017 6.36111e-015 
-0.426884 89.1752 -74.7142 -87.1356 -16.4941 -178.868 11.4524 0.337686 7.87457 7.14468 1.70754e-006 5.12264e-006 -5.12265e-006 1.70755e-006 -8.53773e-006 1.70748e-006 -8.53774e-006 -4.95189e-005 23.3127 -11.4341 3.38562 -179.194 -7.33679 -83.717 -17.1319 12.0265 64.5673 -56.2587 0 -3.18055e-015 18.6265 -55.1429 9.87325 179.972 -0.217603 82.6015 -15.3598 -4.48202 -55.3989 -31.2944 -3.18055e-015 8.94531e-016 32.5733 71.7282 -21.7459 -19.3461 14.0452 -177.143 -16.3242 -3.18055e-015 -9.93923e-016 -0.76509 7.02091 5.52942 90 1.59028e-015 -0 -3.62747 -10.2816 -178.544 -14.7789 1.59028e-015 -0 8.88434 23.6291 -2.24947 90 9.93923e-017 3.18055e-015 
0.805409 89.0316 -74.9133 -87.1515 -14.8805 -179.55 11.2702 0.774697 7.93027 7.18689 1.70754e-006 5.12264e-006 -5.12265e-006 1.70755e-006 -8.53773e-006 1.70748e-006 -8.53774e-006 -4.95189e-005 23.5466 -10.1326 3.13323 -179.171 -7.41367 -83.6043 -16.4226 11.9447 64.247 -54.8381 1.59028e-015 -0 18.8194 -55.0021 9.81282 179.957 -0.334106 82.6679 -15.5004 -4.49198 -55.457 -31.6493 -6.36111e-015 -1.39149e-015 32.8046 71.6899 -22.0338 -19.5342 15.3193 -177.366 -12.7248 1.27222e-014 -1.39149e-015 -0.967414 6.93006 4.44335 90 0 -0 -2.61058 -9.28565 -177.716 -14.5442 -7.95139e-016 7.95139e-016 9.63163 23.0988 -2.26176 90 0 -9.54166e-015 
2.18329 88.8007 -75.1209 -87.0026 -13.12 179.672 11.1235 1.08013 7.88828 7.25483 1.70754e-006 5.12264e-006 -5.12265e-006 1.70755e-006 -8.53773e-006 1.70748e-006 -8.53774e-006 -4.95189e-005 23.8312 -8.30272 3.10007 -179.144 -7.49081 -83.4643 -15.5427 11.9854 63.7484 -53.4068 4.77083e-015 -0 18.741 -55.3556 9.58294 179.939 -0.473586 82.6942 -15.7987 -4.3914 -55.5335 -32.1045 -9.54166e-015 -3.97569e-015 32.9991 71.6723 -22.3061 -19.4164 15.9238 -177.186 -9.80566 -3.18055e-015 -5.96354e-016 -1.22856 7.31138 3.0721 90 2.38542e-015 -0 -1.54208 -8.29173 -176.824 -14.6832 -1.59028e-015 -3.97569e-016 10.682 22.4717 -2.31657 90 0 -0 
3.72938 88.4855 -75.3299 -86.6562 -11.4698 178.834 10.9788 1.14509 7.74911 7.33735 1.70754e-006 5.12264e-006 -5.12265e-006 1.70755e-006 -8.53773e-006 1.70748e-006 -8.53774e-006 -4.95189e-005 24.307 -6.58577 3.35133 -179.115 -7.56292 -83.3089 -14.8208 12.0825 63.0846 -51.7459 3.18055e-015 -3.18055e-015 18.6847 -55.8371 9.39478 179.926 -0.567401 82.5771 -16.0851 -4.27948 -55.574 -32.764 -1.59028e-014 1.98785e-015 33.5258 71.7499 -22.9387 -19.0393 14.7667 -176.772 -8.50586 6.36111e-015 9.93923e-016 -0.912113 8.16752 1.97778 90 -3.97569e-016 -0 -0.330276 -7.6844 -175.931 -15.1938 7.95139e-016 -0 11.9988 21.4615 -2.49641 90 0 -3.18055e-015 
5.42168 88.1103 -75.583 -86.2245 -9.96386 178.05 10.7501 1.02958 7.43691 7.37651 1.70754e-006 5.12264e-006 -5.12265e-006 1.70755e-006 -8.53773e-006 1.70748e-006 -8.53774e-006 -4.95189e-005 24.924 -4.94731 3.73898 -179.069 -7.63306 -83.0278 -14.2735 12.097 62.2173 -49.7806 -1.59028e-015 -6.36111e-015 18.7604 -56.2999 9.31643 179.913 -0.652142 82.3724 -16.1629 -4.2386 -55.6747 -33.5916 0 7.95139e-016 33.3967 71.7823 -22.9927 -18.4965 11.7344 -176.339 -9.15441 3.18055e-015 5.96354e-016 -1.49468 9.48924 1.99088 90 0 3.18055e-015 0.80872 -6.93646 -175.155 -16.161 7.95139e-016 3.97569e-016 13.6163 20.7557 -2.63045 90 2.48481e-017 -6.36111e-015 
7.17814 87.729 -75.9323 -85.7692 -8.44534 177.657 10.5298 0.938057 6.60144 7.35189 1.70754e-006 5.12264e-006 -5.12265e-006 1.70755e-006 -8.53773e-006 1.70748e-006 -8.53774e-006 -4.95189e-005 25.4606 -3.38099 4.27836 -178.999 -7.76279 -82.6308 -13.9102 11.7548 61.222 -47.418 -7.95139e-015 -0 18.8842 -56.3315 9.13543 179.915 -0.621911 82.1742 -16.1549 -4.16693 -55.9325 -34.448 -6.36111e-015 -3.97569e-016 33.0173 71.8112 -22.7702 -17.9937 9.05605 -175.916 -10.4336 3.18055e-015 -7.95139e-016 -5.81631 9.93957 0.458865 90 -2.98177e-016 -0 1.36346 -5.78686 -174.913 -18.2116 0 3.97569e-016 15.621 20.5195 -2.44843 90 -6.21202e-017 -3.18055e-015 
8.8837 87.5462 -76.3822 -85.3004 -7.06295 178.286 10.4774 0.885429 4.59416 7.29844 1.70754e-006 5.12264e-006 -5.12265e-006 1.70755e-006 -8.53773e-006 1.70748e-006 -8.53774e-006 -4.95189e-005 25.9123 -2.22191 5.05851 -178.963 -7.75023 -82.3532 -13.641 10.7082 60.2531 -44.4426 1.59028e-015 -6.36111e-015 18.7126 -56.1359 8.49897 179.912 -0.628617 82.03 -15.7595 -3.90525 -56.6642 -35.0526 -3.18055e-015 -3.97569e-015 31.3644 71.9962 -21.2979 -17.9477 9.03286 -175.851 -12.9035 -9.54166e-015 -1.98785e-016 -7.00966 7.94206 0.0751977 90 -3.97569e-016 1.59028e-015 1.52081 -4.72911 -175.802 -20.758 7.95139e-016 -0 17.3814 20.5956 -2.01164 90 -4.96962e-017 3.18055e-015 
10.5114 87.5019 -76.8507 -85.1398 -5.99834 178.973 10.1511 0.930564 2.68104 7.22336 1.70754e-006 5.12264e-006 -5.12265e-006 1.70755e-006 -8.53773e-006 1.70748e-006 -8.53774e-006 -4.95189e-005 26.396 -1.48079 5.62248 -178.998 -7.5381 -82.4071 -13.1828 9.06948 59.8047 -41.4326 -4.77083e-015 3.18055e-015 18.6297 -55.5845 7.66288 179.913 -0.666283 82.5319 -14.9983 -3.64449 -58.1974 -35.6105 -6.36111e-015 1.59028e-015 30.3127 72.3268 -20.1741 -18.1665 9.54953 -176.299 -16.0299 -6.36111e-015 -6.02566e-016 -5.78067 8.96881 2.11046 90 0 7.95139e-016 1.72482 -4.04957 -176.795 -22.5456 -7.95139e-016 -0 18.4529 20.7558 -1.45055 90 -1.98785e-016 -6.36111e-015 
12.0392 87.5596 -77.3776 -85.3213 -4.63985 179.147 9.55788 1.3488 1.59531 7.07854 1.70754e-006 5.12264e-006 -5.12265e-006 1.70755e-006 -8.53773e-006 1.70748e-006 -8.53774e-006 -4.95189e-005 26.9175 -0.839617 5.49483 -178.941 -7.53123 -81.9727 -12.603 7.24944 59.2467 -39.1329 0 -3.18055e-015 18.6845 -55.4227 6.88714 179.902 -0.81289 83.1204 -14.8648 -3.90747 -59.3329 -36.0768 -6.36111e-015 5.56597e-015 31.2545 72.2973 -21.1145 -17.8323 9.72898 -176.585 -17.495 3.18055e-015 -1.68967e-015 -4.39547 7.99379 3.59474 90 -3.97569e-016 -0 1.46461 -4.09372 -177.57 -24.4113 -1.98785e-016 -1.98785e-016 18.7303 20.2106 -0.496643 90 0 -0 
13.4179 87.716 -77.9826 -85.6596 -2.7862 179.157 8.98678 2.01514 0.827119 6.9549 1.70754e-006 5.12264e-006 -5.12265e-006 1.70755e-006 -8.53773e-006 1.70748e-006 -8.53774e-006 -4.95189e-005 27.177 -0.0103442 4.9934 -178.815 -7.80328 -81.3364 -12.008 5.51012 58.8094 -37.8812 1.59028e-015 -6.36111e-015 17.4439 -55.9817 5.39252 179.881 -1.01578 83.3292 -15.7616 -4.41335 -59.5675 -36.364 -6.36111e-015 -7.95139e-016 32.7562 71.7698 -22.6586 -17.1899 11.0698 -176.663 -17.8984 1.59028e-015 -0 -3.28588 7.4098 4.99168 90 0 -7.95139e-016 0.368327 -4.40219 -178.532 -27.1588 0 1.98785e-016 18.365 19.0576 0.905499 90 5.96354e-016 -3.18055e-015 
14.6322 87.9177 -78.5209 -85.9894 -1.03679 179.099 8.64545 2.26621 0.119946 6.85891 1.70754e-006 5.12264e-006 -5.12265e-006 1.70755e-006 -8.53773e-006 1.70748e-006 -8.53774e-006 -4.95189e-005 27.2206 1.3431 4.61969 -178.793 -7.95392 -81.3447 -11.214 4.21959 59.0584 -37.9679 -3.18055e-015 -0 15.6418 -57.3104 3.76061 179.853 -1.26778 83.3839 -16.9569 -4.65274 -59.5671 -36.7538 -9.54166e-015 -1.59028e-015 33.0585 70.6341 -22.7986 -16.5413 12.2752 -176.603 -17.9931 -1.59028e-015 1.98785e-016 -2.35523 6.98794 5.59779 90 0 -0 -1.44016 -4.69935 -179.511 -30.8897 3.97569e-016 -1.98785e-016 17.4626 17.9111 2.53965 90 -3.97569e-016 3.18055e-015 
15.6624 88.0502 -78.9479 -86.3017 0.373027 178.989 8.56946 2.0151 -0.560753 6.7858 1.70754e-006 5.12264e-006 -5.12265e-006 1.70755e-006 -8.53773e-006 1.70748e-006 -8.53774e-006 -4.95189e-005 27.0136 3.17659 4.44864 -178.887 -7.88023 -81.9372 -11.0487 3.7798 59.526 -39.2714 -3.18055e-015 -3.18055e-015 14.2132 -59.1342 2.91758 179.841 -1.41754 83.5786 -17.634 -4.28647 -59.8308 -37.6932 -6.36111e-015 -2.38542e-015 32.526 69.5014 -22.0783 -16.3086 12.9876 -176.473 -18.5296 -1.59028e-015 -0 -1.44289 6.36942 5.84848 90 0 -0 -3.79808 -5.43949 179.464 -35.3002 -1.59028e-015 -0 16.2061 16.775 4.25028 90 7.95139e-016 -0 
16.4864 88.0797 -79.3213 -86.6471 1.62165 178.784 8.68256 1.55296 -1.04439 6.71693 1.70754e-006 5.12264e-006 -5.12265e-006 1.70755e-006 -8.53773e-006 1.70748e-006 -8.53774e-006 -4.95189e-005 26.6363 4.91444 4.39224 -178.98 -7.64844 -82.3817 -11.7662 3.96617 59.3365 -41.4145 0 -1.59028e-015 14.1376 -60.1394 3.56214 179.84 -1.44555 83.6953 -17.7021 -3.65889 -60.0406 -39.4138 0 -2.38542e-015 32.2304 69.3202 -21.7796 -16.6327 13.6079 -176.203 -19.736 3.18055e-015 -0 -0.114861 5.62598 6.19834 90 -1.59028e-015 1.59028e-015 -6.61194 -6.463 178.358 -40.0367 3.18056e-015 7.95139e-016 14.5399 15.6993 6.04627 90 -7.95139e-016 -0 
17.1783 88.0542 -79.6582 -86.9709 2.86396 178.551 8.82767 1.10852 -1.37372 6.71562 1.70754e-006 5.12264e-006 -5.12265e-006 1.70755e-006 -8.53773e-006 1.70748e-006 -8.53774e-006 -4.95189e-005 26.347 6.53061 4.2787 -179.024 -7.4725 -82.5331 -13.1981 4.30504 58.4427 -43.7306 0 -1.59028e-015 14.5102 -60.0172 4.6929 179.829 -1.50669 83.5261 -17.1788 -3.17623 -60.055 -41.8472 0 7.95139e-016 32.2976 70.0143 -22.2648 -17.1056 14.2693 -175.837 -21.0734 -1.59028e-015 -1.59028e-015 1.39565 5.00041 6.66112 90 0 -2.38542e-015 -9.35495 -8.05608 176.883 -44.2086 -4.77083e-015 -2.38542e-015 12.6646 13.5352 7.58098 90 1.59028e-015 3.18055e-015 
17.7893 88.0433 -79.9305 -87.2219 4.10031 178.28 8.96734 0.774982 -1.51562 6.71948 1.70754e-006 5.12264e-006 -5.12265e-006 1.70755e-006 -8.53773e-006 1.70748e-006 -8.53774e-006 -4.95189e-005 26.3204 8.12224 4.12482 -179.058 -7.34617 -82.6699 -14.5714 4.33727 57.4114 -45.9183 3.18055e-015 7.15625e-015 14.9455 -59.4029 5.35596 179.826 -1.4721 83.2439 -16.5949 -2.94698 -60.0839 -44.5075 0 1.59028e-015 31.2174 70.7112 -21.6112 -17.4517 15.0365 -175.39 -22.1094 -1.59028e-015 -7.95139e-016 2.61219 4.48071 6.8585 90 0 -7.95139e-016 -11.4676 -9.55971 175.222 -46.7621 0 -1.59028e-015 10.9109 11.3655 8.88617 90 1.59028e-015 3.18055e-015 
18.3663 88.1247 -80.1265 -87.4256 5.28922 177.913 9.01292 0.519238 -1.34637 6.71217 1.70754e-006 5.12264e-006 -5.12265e-006 1.70755e-006 -8.53773e-006 1.70748e-006 -8.53774e-006 -4.95189e-005 26.4498 9.55488 3.72013 -179.087 -7.26164 -82.8173 -15.4692 3.99967 56.4499 -47.7453 3.18055e-015 -2.38542e-015 14.8275 -58.9995 5.52466 179.825 -1.43503 83.0519 -15.9008 -2.99464 -60.33 -47.2855 3.18055e-015 -4.77083e-015 31.512 71.0831 -22.1031 -17.5161 15.6572 -174.875 -22.5681 3.18055e-015 1.19271e-015 3.42882 3.9088 6.86196 90 -7.95139e-016 1.59028e-015 -13.2105 -10.4926 172.969 -47.4781 0 -7.95139e-016 7.5052 14.8243 12.7225 90 1.59028e-015 -3.18055e-015 
18.9349 88.2016 -80.2444 -87.4956 6.39361 177.455 9.06014 0.319372 -0.887734 6.68778 1.70754e-006 5.12264e-006 -5.12265e-006 1.70755e-006 -8.53773e-006 1.70748e-006 -8.53774e-006 -4.95189e-005 26.5354 10.6947 3.03573 -179.115 -7.18107 -82.9558 -15.7361 3.34607 55.5834 -49.3447 0 3.97569e-015 15.1529 -58.8497 6.04235 179.833 -1.3537 82.9503 -15.2918 -3.43611 -60.6603 -50.2134 3.18055e-015 -3.18055e-015 32.8255 71.2398 -23.6373 -17.6894 16.2365 -174.212 -23.3593 1.59028e-015 -3.97569e-016 4.30033 3.24636 6.98526 90 7.95139e-016 1.59028e-015 -14.135 -11.0796 170.157 -46.2055 3.18056e-015 -1.19271e-015 2.73628 21.3393 17.2722 90 0 -9.54166e-015 
19.4863 88.1947 -80.252 -87.4633 7.57236 176.847 9.0707 0.286276 -0.160678 6.65145 1.70754e-006 5.12264e-006 -5.12265e-006 1.70755e-006 -8.53773e-006 1.70748e-006 -8.53774e-006 -4.95189e-005 26.5208 11.758 2.2442 -179.115 -7.25029 -83.0209 -15.6454 2.64845 54.6514 -50.9612 0 -3.57812e-015 14.7465 -59.0115 5.92574 179.842 -1.26646 82.886 -14.8792 -4.21816 -60.9113 -53.2721 -3.18055e-015 4.77083e-015 33.3639 71.9318 -24.9129 -18.1358 16.7631 -173.239 -24.6902 -4.77083e-015 -2.38542e-015 5.42515 2.5414 6.94175 90 7.95139e-016 -1.59028e-015 -13.9741 -11.3936 168.399 -43.2228 3.18056e-015 1.88845e-015 0.673635 27.7454 13.3046 90 -3.18055e-015 1.27222e-014 
20.0251 88.0059 -80.1416 -87.3457 8.64225 176.196 9.05419 0.275386 0.698948 6.57932 1.70754e-006 5.12264e-006 -5.12265e-006 1.70755e-006 -8.53773e-006 1.70748e-006 -8.53774e-006 -4.95189e-005 26.3712 12.4427 1.33845 -179.116 -7.30516 -83.0828 -15.032 2.26076 53.5319 -53.1785 6.36111e-015 -6.36111e-015 15.0277 -58.8239 6.62043 179.848 -1.21454 82.8453 -13.8769 -5.02166 -61.1154 -57.0552 -3.18055e-015 7.95139e-016 36.4133 72.3723 -28.4811 -19.11 17.3079 -171.98 -27.0289 0 3.97569e-016 7.05493 1.98093 6.95593 90 -1.59028e-015 3.18055e-015 -13.2754 -11.2948 166.586 -40.1108 3.18056e-015 5.96354e-016 -2.54733 31.3008 10.9758 90 3.18055e-015 -3.18055e-015 
20.5275 87.5825 -79.93 -87.2708 9.47303 176.009 8.91112 0.152032 1.07657 6.44837 1.70754e-006 5.12264e-006 -5.12265e-006 1.70755e-006 -8.53773e-006 1.70748e-006 -8.53774e-006 -4.95189e-005 26.2077 12.8974 0.390443 -179.093 -7.43351 -83.0247 -13.9767 2.42911 51.7583 -56.4436 3.18055e-015 5.96354e-015 16.0365 -58.3586 7.94357 179.864 -1.05507 82.6399 -12.3825 -5.45052 -60.9481 -61.6187 3.18055e-015 1.59028e-015 39.667 72.594 -32.7746 -20.378 17.6638 -171.059 -30.0011 1.59028e-015 -3.97569e-016 8.96133 1.60491 7.01778 90 7.95139e-016 -3.18055e-015 -12.3144 -10.6541 164.385 -38.1253 0 -0 -5.59241 32.3108 10.799 90 -3.77691e-015 -0 
20.9133 86.9556 -79.6077 -87.4049 9.92574 176.49 8.61405 -0.0140718 0.713498 6.18913 1.70754e-006 5.12264e-006 -5.12265e-006 1.70755e-006 -8.53773e-006 1.70748e-006 -8.53774e-006 -4.95189e-005 25.985 13.1466 -0.418928 -179.046 -7.50804 -82.7414 -12.0047 2.97003 49.219 -60.4533 3.18055e-015 -4.57205e-015 15.7359 -58.1941 8.55956 179.888 -0.841123 82.3782 -11.0856 -4.86391 -59.7564 -66.8463 0 -0 43.6567 72.4431 -38.075 -21.6697 17.5276 -170.827 -32.9974 3.18055e-015 7.95139e-016 10.8203 1.31184 6.7553 90 7.95139e-016 3.18055e-015 -11.4741 -9.18849 161.922 -38.8205 -3.18056e-015 6.36111e-015 -7.92771 31.5641 14.0367 90 7.95139e-016 -3.18055e-015 
21.0954 86.2283 -79.0125 -87.7893 10.257 176.819 8.23784 0.342816 0.39091 5.73992 1.70754e-006 5.12264e-006 -5.12265e-006 1.70755e-006 -8.53773e-006 1.70748e-006 -8.53774e-006 -4.95189e-005 25.5945 12.8808 -1.00456 -178.966 -7.45995 -82.083 -8.32974 3.0696 46.7711 -63.1269 3.18055e-015 -7.95139e-016 7.35061 -59.5423 3.00393 179.858 -1.04515 82.2752 -10.8329 -2.2899 -56.4735 -72.6993 -6.36111e-015 -0 49.5712 73.7868 -44.9269 -23.6439 17.4791 -169.932 -36.2953 1.59028e-015 3.97569e-016 12.5089 1.77708 5.85285 90 0 -1.59028e-015 -10.2386 -6.73857 161.005 -41.9219 9.54167e-015 -0 -8.14273 28.841 20.1009 90 7.95139e-016 6.36111e-015 
21.2048 85.4623 -78.1775 -88.2598 11.1407 176.897 7.72687 1.55666 0.0669986 5.06734 1.70754e-006 5.12264e-006 -5.12265e-006 1.70755e-006 -8.53773e-006 1.70748e-006 -8.53774e-006 -4.95189e-005 25.3642 12.6197 -1.67747 -178.747 -8.00138 -81.0697 -0.569475 0.959001 47.393 -59.3235 -3.18055e-015 -6.36111e-015 -12.8186 -68.6898 -12.8275 179.748 -2.16822 83.3757 -11.5955 4.64463 -52.4041 -79.3932 3.18055e-015 -1.59028e-015 39.27 73.108 -34.9903 -26.2792 17.2383 -168.27 -40.4052 -1.59028e-015 3.97569e-016 14.0259 2.25829 4.80252 90 1.59028e-015 -0 -7.35803 -4.38666 161.849 -41.1591 3.18056e-015 -7.95139e-016 -6.07596 29.4702 25.2218 90 -7.95139e-016 6.36111e-015 
21.2654 84.6572 -77.374 -89.0332 13.1269 177.051 6.80808 4.2733 -0.457747 4.32747 1.70754e-006 5.12264e-006 -5.12265e-006 1.70755e-006 -8.53773e-006 1.70748e-006 -8.53774e-006 -4.95189e-005 24.5767 11.7547 -2.44144 -178.112 -9.3561 -78.5388 11.3456 -4.1934 49.6665 -47.8578 -1.59028e-015 3.18055e-015 -47.1463 -81.3402 -50.8002 179.649 -4.34925 85.3777 -14.7299 17.061 -46.9921 -84.8114 -6.36111e-015 -7.95139e-016 18.4588 76.5481 -15.0767 -31.4074 15.8329 -165.965 -48.3484 0 3.97569e-016 13.6517 1.70302 3.8738 90 1.59028e-015 1.59028e-015 -5.44757 -5.06371 162.017 -37.0193 -3.18056e-015 -7.95139e-016 -1.10071 28.3134 26.3665 90 0 -0 
21.4963 83.9756 -76.7071 -89.5812 14.828 176.505 6.67533 9.15521 -0.124261 3.20032 1.70754e-006 5.12264e-006 -5.12265e-006 1.70755e-006 -8.53773e-006 1.70748e-006 -8.53774e-006 -4.95189e-005 21.5537 9.18867 -3.19124 -177.527 -9.91251 -75.9161 19.6906 -2.89538 48.1267 -37.7425 1.59028e-015 -9.54166e-015 -93.3248 -74.3688 -98.9138 179.773 -6.91335 88.1144 -20.836 31.6455 -37.3688 -87.2944 -3.18055e-015 -3.18055e-015 -18.0413 78.8789 20.2513 -38.3186 13.4519 -162.935 -57.6186 -2.38542e-015 -7.95139e-016 9.05296 1.86217 2.88818 90 -7.95139e-016 -7.95139e-016 -3.22364 -8.57869 161.842 -30.9195 0 -2.38542e-015 1.67982 23.9176 27.9718 90 -1.59028e-015 -3.18055e-015 
22.5279 83.5179 -76.1539 -90.0326 14.6526 174.938 5.67088 16.2819 1.40294 2.11732 1.70754e-006 5.12264e-006 -5.12265e-006 1.70755e-006 -8.53773e-006 1.70748e-006 -8.53774e-006 -4.95189e-005 17.4998 2.58052 -2.32804 -176.292 -12.5879 -73.438 30.1044 -7.55759 46.0683 -33.7409 -6.36111e-015 -6.36111e-015 -107.382 -68.7623 -113.943 -179.18 -9.8428 94.7861 -22.6971 43.2088 -28.2617 -89.227 0 -0 -31.9969 75.2238 31.9143 -43.9708 11.4151 -160.64 -61.6113 0 5.96354e-016 3.58859 5.65549 3.11602 90 0 -0 0.30158 -13.5248 162.613 -24.1323 3.18056e-015 -7.95139e-016 2.49222 17.3608 28.0891 90 7.95139e-016 -3.18055e-015 
24.7648 83.4105 -75.6055 -89.534 11.2148 173.155 3.56621 25.2645 2.93133 1.51229 1.70754e-006 5.12264e-006 -5.12265e-006 1.70755e-006 -8.53773e-006 1.70748e-006 -8.53774e-006 -4.95189e-005 14.9574 -8.85572 -0.0212197 -174.376 -16.7048 -71.088 35.4694 -22.0218 43.6838 -37.607 1.59028e-015 1.59028e-015 -126.976 -54.1612 -136.112 -177.605 -10.6302 102.773 -14.2878 46.2609 -25.0107 -89.2737 -3.18055e-015 1.27222e-014 -50.7979 70.2626 44.5583 -46.7904 9.38875 -161.253 -63.4294 1.59028e-015 -0 4.10767 7.16438 3.04719 90 9.93923e-017 -3.97569e-016 5.35876 -15.9718 164.125 -21.4731 -3.18056e-015 5.56597e-015 -0.415215 15.1328 30.4996 90 1.59028e-015 -0 
28.3193 83.4485 -75.3542 -87.2001 4.15423 171.98 1.53563 30.8071 3.17201 1.31945 1.70754e-006 5.12264e-006 -5.12265e-006 1.70755e-006 -8.53773e-006 1.70748e-006 -8.53774e-006 -4.95189e-005 18.1709 -19.6337 4.30155 -173.704 -20.5189 -72.5263 28.6665 -33.1006 37.6093 -46.4572 1.98785e-015 -1.19271e-015 -133.12 -61.8955 -135.856 -178.205 -8.29347 102.259 -9.57178 34.2094 -19.9145 -80.3717 -6.36111e-015 -3.18055e-015 -66.5971 61.0388 57.1904 -41.6032 8.02246 -165.491 -59.6553 -1.59028e-015 -7.95139e-016 2.95346 7.03409 2.00824 90 3.97569e-016 -7.95139e-016 8.90912 -16.1138 164.407 -29.5382 6.36111e-015 -1.59028e-015 -7.75585 17.8751 32.6043 90 1.59028e-015 3.18055e-015 
32.2708 83.3474 -75.5019 -82.1242 -3.15679 169.938 1.10205 28.8537 4.4226 1.94899 1.70754e-006 5.12264e-006 -5.12265e-006 1.70755e-006 -8.53773e-006 1.70748e-006 -8.53774e-006 -4.95189e-005 23.6745 -21.2268 7.85935 -175.803 -22.6943 -79.2302 22.9123 -38.4781 33.1129 -59.3514 -6.16232e-015 -0 -138.232 -66.0693 -137.088 -178.906 -6.7061 99.2856 -9.46236 20.1654 -20.2827 -61.2214 1.59028e-015 3.18055e-015 -33.3837 68.6797 27.5334 -26.8585 4.59176 -168.363 -52.3057 0 -0 16.7648 7.7291 6.32272 90 -3.97569e-016 -1.59028e-015 11.3807 -10.505 166.704 -42.4212 -3.18056e-015 7.95139e-015 -34.9876 18.6752 29.2507 90 6.36111e-015 -3.18055e-015 
34.7945 83.1373 -74.8987 -78.6912 -12.7031 169.909 3.03267 22.5185 1.15822 2.47385 1.70754e-006 5.12264e-006 -5.12265e-006 1.70755e-006 -8.53773e-006 1.70748e-006 -8.53774e-006 -4.95189e-005 28.8065 -20.0971 12.5807 -178.173 -20.1706 -84.7143 6.20599 -43.8069 20.4531 -69.549 0 3.18055e-015 -144.103 -69.1563 -138.981 -179.571 -6.81811 93.6092 -7.93567 4.63115 -23.5872 -38.5537 7.95139e-016 -0 -34.1078 74.2955 29.8146 -21.3771 -1.39012 -169.708 -52.5255 -1.59028e-015 -1.59028e-015 19.5955 8.31895 5.01263 90 0 -7.95139e-016 4.01332 -6.39693 167.795 -67.5735 3.18056e-015 -0 -50.0764 7.13562 25.9363 90 6.36111e-015 -1.59028e-014 
37.2393 83.7224 -73.8261 -73.5042 -22.2535 172.093 8.22639 16.1602 -4.45716 3.85811 1.70754e-006 5.12264e-006 -5.12265e-006 1.70755e-006 -8.53773e-006 1.70748e-006 -8.53774e-006 -4.95189e-005 32.377 -15.2759 16.3492 179.255 -12.4868 -93.4422 -10.2906 -44.7865 9.65166 -81.0375 1.19271e-014 2.38542e-015 -145.829 -74.358 -138.17 179.753 -4.33201 86.7347 -2.67388 -6.38418 -30.8831 -25.6161 7.95139e-016 3.97569e-016 -47.3932 79.6814 47.153 -15.5202 -3.30049 -168.32 -51.5329 0 -3.18055e-015 19.195 14.1673 2.33339 90 0 -0 -10.0215 -0.643022 166.327 -93.5909 -6.36111e-015 -0 -52.3808 10.0054 21.4571 90 1.59028e-015 -0 
39.8793 84.551 -72.5732 -69.0568 -30.5598 172.338 11.1158 5.56392 -7.26674 5.48002 1.70754e-006 5.12264e-006 -5.12265e-006 1.70755e-006 -8.53773e-006 1.70748e-006 -8.53774e-006 -4.95189e-005 35.8724 -6.66984 16.5064 178.762 -5.52991 -102.637 -26.2646 -45.3674 -0.193607 -88.0239 -5.96354e-016 -3.47873e-016 -147.163 -76.0876 -138.355 179.934 -0.484193 82.2812 3.37541 -15.466 -40.0153 -26.7856 -1.59028e-015 -4.77083e-015 -110.042 80.292 110.283 -11.6527 -3.85964 -163.006 -51.2874 0 -1.59028e-015 21.1229 18.4268 -0.861235 90 0 -0 -25.9928 5.18245 165.419 -99.1522 3.18056e-015 3.18056e-015 -55.3101 4.48539 19.2807 90 -1.59028e-015 9.54166e-015 
42.8371 86.3392 -70.7765 -65.4175 -43.6492 170.621 14.099 -12.7933 -8.24663 6.84969 1.70754e-006 5.12264e-006 -5.12265e-006 1.70755e-006 -8.53773e-006 1.70748e-006 -8.53774e-006 -4.95189e-005 40.8412 4.38763 15.079 -179.834 0.416355 -111.794 -41.4569 -50.1023 -5.26381 -87.5075 0 -6.75868e-015 -153.665 -80.6404 -145.042 -179.338 3.56293 79.4688 8.20221 -23.9194 -47.5399 -28.9473 -1.59028e-015 -0 -113.816 82.0929 115.077 -11.2768 -4.88312 -155.056 -48.9187 3.18055e-015 -1.59028e-015 18.6437 17.4021 -1.37915 90 0 -0 -34.3416 1.96839 162.716 -78.3649 -3.18056e-015 -3.18056e-015 -52.7991 7.16593 20.1741 90 0 -3.18055e-015 
45.0926 88.7185 -69.3804 -65.038 -54.0787 166.203 15.4136 -29.406 -8.92469 8.01157 1.70754e-006 5.12264e-006 -5.12265e-006 1.70755e-006 -8.53773e-006 1.70748e-006 -8.53774e-006 -4.95189e-005 47.2397 13.7453 11.8112 -178.561 3.36086 -113.199 -59.8015 -56.3955 -8.63657 -82.1857 6.36111e-015 -2.38542e-015 -129.091 -80.6788 -122.772 -179.085 5.0705 79.7563 14.7288 -29.762 -51.308 -29.0556 0 -0 -120.491 80.9517 122.867 -9.55688 -9.46657 -149.682 -43.0995 0 3.18055e-015 14.7207 12.9925 3.247 90 -4.96962e-017 -3.18055e-015 -34.6427 -0.900731 162.208 -40.8599 6.36111e-015 -1.59028e-015 -32.6341 8.83612 -8.55611 90 -3.18055e-015 -0 
47.7706 90.4735 -69.213 -59.7326 -55.1619 167.989 16.1384 -31.9828 -12.6778 8.35425 1.70754e-006 5.12264e-006 -5.12265e-006 1.70755e-006 -8.53773e-006 1.70748e-006 -8.53774e-006 -4.95189e-005 48.8249 18.1946 9.95208 -178.793 3.18195 -110.778 -69.0151 -59.6483 -7.04495 -81.7875 3.18055e-015 7.95139e-016 -141.171 -78.3552 -136.416 -179.52 4.44184 83.8298 18.5469 -36.9221 -55.6023 -31.6353 1.98785e-015 -6.36111e-015 -126.553 83.0133 128.264 1.05197 -14.2458 -146.843 -39.1342 0 1.59028e-015 14.968 7.60206 4.37689 90 3.97569e-016 -3.18055e-015 -30.3172 -1.51767 159.843 -7.79286 9.54167e-015 4.96962e-016 -37.0755 10.5829 40.0101 90 -2.38542e-015 6.36111e-015 
50.6913 91.2511 -69.3844 -53.6112 -52.2044 171.916 16.7614 -27.4849 -15.8949 7.73988 1.70754e-006 5.12264e-006 -5.12265e-006 1.70755e-006 -8.53773e-006 1.70748e-006 -8.53774e-006 -4.95189e-005 44.2627 17.6935 6.80505 -179.484 1.49608 -109.018 -63.6082 -60.9056 -6.76025 -87.3598 -6.36111e-015 -1.98785e-016 -131.146 -84.4631 -124.738 -179.891 2.07555 86.9869 13.8721 -40.9127 -61.4409 -34.1602 7.95139e-016 -3.18055e-015 -141.378 86.6552 142.414 9.87144 -14.032 -146.094 -37.6916 -3.18055e-015 1.59028e-015 16.2967 5.2165 6.50693 90 7.95139e-016 9.54166e-015 -41.7707 -17.356 158.615 -8.06558 3.18056e-015 3.18056e-015 -49.0042 8.19035 22.4045 90 -7.95139e-016 3.18055e-015 
52.5291 90.984 -69.2959 -53.7449 -49.8965 171.181 16.5032 -21.7508 -15.5712 5.97683 1.70754e-006 5.12264e-006 -5.12265e-006 1.70755e-006 -8.53773e-006 1.70748e-006 -8.53774e-006 -4.95189e-005 39.8733 14.3054 3.60906 179.939 -0.210933 -105.953 -54.6188 -64.935 -9.36996 -86.5906 0 1.59028e-015 -147.179 -80.9658 -140.806 -179.965 0.676181 87.0194 8.94419 -37.1333 -62.6306 -38.0443 -4.77083e-015 -0 163.788 84.6028 -163.334 11.7757 -14.4359 -146.115 -39.1646 3.18055e-015 -1.59028e-015 18.0814 1.60376 6.80123 90 1.59028e-015 -3.18055e-015 -51.655 -12.8202 156.746 -30.4636 0 3.97569e-015 -51.8782 5.89975 20.1412 90 5.96354e-016 1.59028e-015 
54.5307 90.9601 -69.4825 -56.3784 -52.1927 168.287 15.1467 -16.0201 -13.3519 4.8997 1.70754e-006 5.12264e-006 -5.12265e-006 1.70755e-006 -8.53773e-006 1.70748e-006 -8.53774e-006 -4.95189e-005 40.7993 9.65484 5.10793 179.642 -1.48429 -103.533 -38.6311 -68.2557 -1.73728 -78.6348 -3.18055e-015 7.95139e-016 -141.888 -80.4857 -136.009 -179.901 0.78496 82.7373 5.19378 -31.9185 -56.9088 -42.3794 4.77083e-015 -0 153.711 80.3701 -153.989 8.54563 -12.9813 -143.007 -39.6489 0 3.18055e-015 18.8903 3.70227 5.01946 90 -2.38542e-015 1.27222e-014 -59.233 -10.2882 151.859 -56.8966 -3.18056e-015 -1.59028e-015 -54.2109 7.26385 22.2974 90 7.95139e-016 -3.97569e-016 
56.1199 91.0548 -69.9946 -58.5097 -55.9138 166.264 14.9334 -10.833 -11.5097 4.15395 1.70754e-006 5.12264e-006 -5.12265e-006 1.70755e-006 -8.53773e-006 1.70748e-006 -8.53774e-006 -4.95189e-005 41.9131 4.04593 9.94441 179.399 -3.44059 -99.9158 -22.9801 -62.5176 4.0909 -69.5325 7.95139e-016 -1.19271e-015 -137.518 -81.0109 -130.734 -179.337 3.2444 78.4407 1.00541 -22.4962 -47.973 -45.7745 -1.59028e-015 -0 148.2 79.2431 -149.167 6.71942 -13.6969 -140.636 -39.4717 0 -3.18055e-015 19.3823 5.7612 3.19018 90 0 3.18055e-015 -60.6857 -8.89012 147.386 -76.3443 6.36111e-015 -9.54167e-015 -54.8653 6.19565 20.8838 90 -3.18055e-015 1.59028e-015 
56.9514 90.8902 -70.1728 -60.7846 -58.5117 165.146 15.5728 -7.07685 -11.0311 3.8838 1.70754e-006 5.12264e-006 -5.12265e-006 1.70755e-006 -8.53773e-006 1.70748e-006 -8.53774e-006 -4.95189e-005 39.9382 -1.57783 14.5044 179.357 -6.5318 -95.6309 -8.82154 -51.1437 6.01221 -61.1209 5.96354e-016 -0 -127.57 -81.3471 -121.055 -179.153 3.90553 77.7514 -0.80474 -8.74373 -40.5905 -50.9008 -3.97569e-016 3.47873e-016 153.442 77.2704 -155.179 4.57328 -14.5994 -140.126 -39.5481 0 4.77083e-015 19.6325 7.39884 1.47553 90 7.95139e-016 1.27222e-014 -59.0287 -6.96993 146.747 -88.2973 1.59028e-015 6.36111e-015 -53.9175 9.09797 19.4304 90 6.36111e-015 3.18055e-015 
57.1711 90.5435 -70.0113 -64.4139 -59.8331 164.008 16.3438 -3.35648 -11.6703 3.8228 1.70754e-006 5.12264e-006 -5.12265e-006 1.70755e-006 -8.53773e-006 1.70748e-006 -8.53774e-006 -4.95189e-005 37.4565 -7.23408 18.2565 179.688 -10.4443 -91.7223 2.28774 -43.6564 12.701 -49.8828 1.59028e-015 1.59028e-015 -113.646 -83.4686 -110.358 -179.662 2.22633 81.3603 -0.588453 3.95212 -35.3918 -56.3574 -5.96354e-016 -2.98177e-016 160.516 77.3575 -163.053 0.222882 -13.7841 -141.137 -39.3939 3.18055e-015 3.18055e-015 19.2698 9.25759 -0.405889 90 5.96354e-016 3.18055e-015 -58.6622 -5.89 146.718 -94.5931 -3.18056e-015 6.36111e-015 -51.3063 11.4136 18.7482 90 -6.36111e-015 -3.18055e-015 
57.1846 90.4291 -69.9908 -67.3169 -60.2827 163.191 17.4663 0.521232 -12.0584 3.86594 1.70754e-006 5.12264e-006 -5.12265e-006 1.70755e-006 -8.53773e-006 1.70748e-006 -8.53774e-006 -4.95189e-005 36.5465 -13.0557 20.4388 -179.311 -11.9999 -86.6907 13.432 -40.0078 21.935 -40.1917 0 -0 -120.842 -76.7907 -120.717 -179.942 0.584204 84.2815 -1.46218 14.9658 -26.8812 -59.8311 -7.95139e-016 7.95139e-016 171.374 79.1869 -174.999 -3.19657 -11.9913 -142.115 -38.7161 -9.54166e-015 -0 18.5411 7.44561 -1.07382 90 3.97569e-016 3.18055e-015 -58.8561 -6.98946 147.511 -97.1111 0 6.36111e-015 -47.3389 12.8703 18.0424 90 -3.18055e-015 -3.18055e-015 
57.1478 90.4131 -70.1929 -69.9873 -61.3051 162.08 18.4407 1.67659 -11.4269 4.26954 1.70754e-006 5.12264e-006 -5.12265e-006 1.70755e-006 -8.53773e-006 1.70748e-006 -8.53774e-006 -4.95189e-005 34.3055 -16.9395 20.2681 -178.552 -12.6221 -83.4027 30.7174 -33.1848 36.327 -40.4291 3.18055e-015 -2.78299e-015 -117.475 -71.3074 -120.347 179.985 -0.443412 88.0297 -2.63599 26.2563 -21.2006 -63.9475 -3.57812e-015 3.97569e-016 -177.283 81.3583 173.447 -7.1693 -9.68282 -142.353 -38.6935 0 3.18055e-015 18.0068 3.52766 0.0291979 90 0 9.54166e-015 -59.4092 -10.3867 147.739 -97.4287 0 -3.18056e-015 -43.8005 13.7767 17.2897 90 -1.59028e-015 -3.18055e-015 
57.0825 90.1464 -70.4662 -74.0097 -62.2462 160.174 18.6013 1.50431 -11.0775 4.26422 1.70754e-006 5.12264e-006 -5.12265e-006 1.70755e-006 -8.53773e-006 1.70748e-006 -8.53774e-006 -4.95189e-005 32.825 -20.0264 19.9963 -178.026 -14.6601 -82.2458 39.6931 -19.8753 46.6578 -41.6747 7.95139e-016 -3.47873e-015 -113.765 -73.968 -118.016 -179.99 -0.2713 92.0304 -3.62952 35.2853 -18.6873 -69.9512 -7.55382e-015 1.59028e-015 -162.127 81.4449 158.24 -12.0473 -7.23402 -143.274 -38.9894 6.36111e-015 2.38542e-015 17.9085 6.2143 0.209478 90 -3.97569e-016 -6.36111e-015 -61.2475 -13.0376 147.423 -96.8621 -4.77083e-015 -3.18056e-015 -43.118 12.556 18.2524 90 -1.59028e-015 -0 
57.0207 90.0101 -70.8599 -76.7582 -62.4727 159.601 18.8876 2.17449 -11.2652 4.37977 1.70754e-006 5.12264e-006 -5.12265e-006 1.70755e-006 -8.53773e-006 1.70748e-006 -8.53774e-006 -4.95189e-005 32.269 -23.7995 20.7571 -177.398 -15.0218 -80.0558 40.3604 -7.66308 51.535 -39.9629 7.95139e-016 -4.17448e-015 -119.178 -70.2254 -126.196 179.94 0.830065 94.0997 -3.09296 41.6284 -18.4113 -78.5203 -5.56597e-015 3.18055e-015 -147.608 80.1405 142.847 -14.2117 -6.0151 -145.328 -38.9055 0 1.59028e-015 17.8838 6.66361 1.21929 90 5.96354e-016 -3.18055e-015 -62.8243 -14.6213 147.788 -96.122 -6.36111e-015 3.18056e-015 -41.7291 12.8583 19.8211 90 -3.18055e-015 -3.18055e-015 
57.1125 90.2244 -71.3872 -79.0864 -63.1776 159.084 18.8661 2.3681 -11.3518 4.66309 1.70754e-006 5.12264e-006 -5.12265e-006 1.70755e-006 -8.53773e-006 1.70748e-006 -8.53774e-006 -4.95189e-005 32.7314 -26.8017 22.1761 -177.6 -13.1796 -79.5813 37.3158 4.85125 55.6493 -38.7999 9.93923e-017 -4.96962e-016 -118.707 -65.789 -127.905 179.838 2.02917 94.5351 0.0282891 43.7206 -22.1458 -87.9088 -3.97569e-016 1.59028e-015 -142.347 78.4096 137.63 -16.4728 -3.74191 -147.16 -38.243 6.36111e-015 7.95139e-016 17.0557 6.2489 3.10493 90 -9.93923e-016 -0 -63.3647 -16.7007 148.348 -95.2536 1.59028e-015 -0 -37.5334 13.3206 19.601 90 -3.18055e-015 -4.77083e-015 
57.4428 90.6002 -71.9612 -81.7968 -64.7436 157.912 18.3263 0.814377 -11.1834 5.02348 1.70754e-006 5.12264e-006 -5.12265e-006 1.70755e-006 -8.53773e-006 1.70748e-006 -8.53774e-006 -4.95189e-005 33.1697 -27.8874 23.2919 -178.046 -12.1696 -80.805 35.1847 11.0847 61.8859 -36.7705 -7.95139e-016 -2.98177e-016 -115.98 -66.7499 -125.102 179.845 2.86278 93.1079 2.54488 41.1378 -26.9379 -96.296 -7.55382e-015 -0 -140.813 79.0118 136.578 -18.7031 -0.992295 -148.637 -36.8357 0 -1.59028e-015 16.0906 5.9392 5.57166 90 1.39149e-015 -3.18055e-015 -62.3674 -19.2142 149.27 -92.7099 3.18056e-015 3.18056e-015 -36.7454 13.5391 20.0851 90 0 -0 
57.8282 90.9562 -72.5479 -84.2343 -66.0592 157.007 17.7411 -0.702694 -11.0127 5.27191 1.70754e-006 5.12264e-006 -5.12265e-006 1.70755e-006 -8.53773e-006 1.70748e-006 -8.53774e-006 -4.95189e-005 32.8753 -28.4052 23.6928 -178.372 -10.6661 -81.2697 30.8397 13.2369 66.0968 -36.0863 -5.96354e-016 -7.45443e-016 -114.657 -67.2208 -125.003 179.933 3.48676 91.1041 3.94352 34.0903 -31.8782 -102.996 -3.37934e-015 -0 -135.75 80.2573 132.22 -19.7434 1.34931 -150.077 -34.8453 -3.18055e-015 3.97569e-016 15.1916 5.40653 7.17818 90 1.2921e-015 -3.18055e-015 -60.325 -21.1526 151.558 -88.2977 0 6.36111e-015 -38.4396 13.2098 20.7627 90 -4.77083e-015 -0 
58.1623 91.1965 -73.2346 -85.3334 -67.1746 157.589 17.3796 -2.33997 -10.8694 5.66182 1.70754e-006 5.12264e-006 -5.12265e-006 1.70755e-006 -8.53773e-006 1.70748e-006 -8.53774e-006 -4.95189e-005 31.5576 -29.0139 22.9256 -178.491 -9.34689 -80.7857 22.8982 13.4881 67.0884 -38.7352 2.38542e-015 1.59028e-015 -110.605 -70.4023 -120.87 -179.945 3.66664 89.1427 2.99592 24.1774 -36.3995 -106.424 -2.38542e-015 7.95139e-016 -145.123 79.6635 142.368 -19.7805 3.53576 -151.958 -33.1379 1.59028e-015 -7.95139e-016 14.647 4.61092 9.01021 90 -1.98785e-015 -0 -57.0797 -22.6462 154.52 -81.912 -3.18056e-015 -0 -39.8815 14.5835 21.9699 90 3.18055e-015 -0 
58.5021 91.2635 -73.9859 -85.6474 -68.2938 159.238 16.921 -4.12264 -10.9716 6.00589 1.70754e-006 5.12264e-006 -5.12265e-006 1.70755e-006 -8.53773e-006 1.70748e-006 -8.53774e-006 -4.95189e-005 30.8844 -29.5454 22.2184 -178.579 -9.13614 -81.12 14.0375 11.9805 65.8319 -42.7813 0 4.37326e-015 -106.682 -76.5016 -115.213 -179.813 3.81828 87.1971 -0.499691 13.8413 -40.2737 -104.889 -6.33626e-016 -2.48481e-016 -161.787 80.1817 159.635 -18.5699 4.47795 -154.261 -31.5017 1.59028e-015 -0 14.3663 4.20493 9.77081 90 -1.98785e-016 -1.59028e-015 -53.0792 -24.0488 157.585 -74.2293 -9.54167e-015 -3.18056e-015 -37.2868 14.2142 20.6406 90 0 -8.94531e-016 
58.9387 91.0602 -74.7522 -85.3027 -69.3276 161.843 16.2531 -5.42884 -11.4679 6.35564 1.70754e-006 5.12264e-006 -5.12265e-006 1.70755e-006 -8.53773e-006 1.70748e-006 -8.53774e-006 -4.95189e-005 31.2838 -30.1697 22.3976 -178.828 -8.91202 -82.4762 7.6344 8.50181 63.0928 -47.1172 -3.18055e-015 -3.97569e-015 -93.6533 -81.8896 -100.716 -179.666 4.17805 85.4224 -4.81816 4.90845 -43.9135 -99.6753 1.59028e-015 1.19271e-015 -175.251 80.025 173.921 -16.2987 3.72302 -156.753 -30.1294 3.18055e-015 1.19271e-015 14.5576 4.27656 8.78178 90 -2.68359e-015 9.54166e-015 -48.3245 -25.3771 160.429 -65.0892 3.18056e-015 1.59028e-015 -35.0377 12.8613 21.1397 90 1.59028e-015 2.38542e-015 
59.5076 90.6283 -75.552 -83.9922 -70.3337 165.636 15.5407 -6.54793 -12.3914 6.70306 1.70754e-006 5.12264e-006 -5.12265e-006 1.70755e-006 -8.53773e-006 1.70748e-006 -8.53774e-006 -4.95189e-005 32.2536 -30.4499 23.093 -179.085 -8.4306 -83.7834 3.15778 3.72688 58.3879 -51.2418 -3.18055e-015 -3.18055e-015 -61.1557 -83.176 -67.2296 -179.537 4.02639 83.4288 -8.26227 -1.72118 -47.1293 -92.8288 -1.98785e-015 -5.56597e-015 174.825 79.457 -176.041 -14.8725 4.28018 -158.981 -29.8173 0 7.95139e-016 15.2241 5.28867 7.75078 90 -1.98785e-016 3.18055e-015 -42.3802 -26.9168 163.12 -53.7728 -9.54167e-015 -4.77083e-015 -35.7623 10.8635 22.7597 90 -1.59028e-015 1.59028e-015 
60.1959 90.1012 -76.3739 -81.8766 -71.5611 170.277 14.8404 -7.69127 -13.4288 7.02673 1.70754e-006 5.12264e-006 -5.12265e-006 1.70755e-006 -8.53773e-006 1.70748e-006 -8.53774e-006 -4.95189e-005 33.2069 -30.6539 23.7323 -179.34 -7.63522 -85.041 0.490057 -2.54654 52.828 -53.666 3.18055e-015 3.18055e-015 -43.6828 -82.1065 -48.9751 -179.458 3.97147 82.2201 -11.3921 -6.33476 -50.9836 -85.4805 -4.37326e-015 5.56597e-015 172.327 80.1101 -172.949 -13.4662 4.38619 -161.272 -30.128 -1.59028e-015 7.95139e-016 16.0862 6.18254 6.66814 90 -1.19271e-015 3.18055e-015 -35.1993 -27.6339 166.088 -41.3705 -6.36111e-015 -2.38542e-015 -35.9132 6.81436 23.81 90 1.59028e-015 -3.18055e-015 
60.9345 89.5656 -77.0945 -80.4127 -73.0011 174.085 13.921 -8.59254 -14.11 7.19064 1.70754e-006 5.12264e-006 -5.12265e-006 1.70755e-006 -8.53773e-006 1.70748e-006 -8.53774e-006 -4.95189e-005 34.0029 -31.3341 24.1874 -179.65 -6.72335 -87.0132 -1.59923 -9.42261 48.486 -54.6586 -4.77083e-015 -0 -50.3916 -80.5946 -56.1461 -179.399 4.2563 81.9592 -13.4702 -9.06096 -55.4486 -78.6071 -2.78299e-015 -3.97569e-016 150.694 82.1842 -151.009 -12.7316 4.14309 -163.243 -30.8723 -1.59028e-015 -3.97569e-016 16.962 7.30908 5.67811 90 -9.93923e-017 -0 -28.5318 -26.0772 169.34 -31.0134 0 -3.97569e-016 -32.7182 6.99372 22.7844 90 -7.95139e-016 6.36111e-015 
61.7793 89.0005 -77.6742 -79.6195 -74.7313 176.957 12.9858 -9.42897 -14.4673 7.25806 1.70754e-006 5.12264e-006 -5.12265e-006 1.70755e-006 -8.53773e-006 1.70748e-006 -8.53774e-006 -4.95189e-005 34.3002 -32.1879 24.7239 -179.907 -5.51172 -89.0323 -2.80728 -16.3975 44.9312 -55.4116 0 -0 -50.5735 -78.6357 -56.134 -179.334 4.48125 81.543 -13.782 -10.2658 -59.0341 -72.8023 3.97569e-015 1.39149e-015 86.0532 83.8154 -86.241 -12.5901 3.45358 -164.82 -31.9308 0 -3.97569e-016 17.8994 8.48454 4.55425 90 -1.98785e-016 3.18055e-015 -23.2841 -24.4674 171.617 -23.3239 -6.36111e-015 7.95139e-016 -31.2956 11.407 23.2694 90 0 -0 
62.7058 88.5031 -78.2124 -78.6402 -75.9786 179.667 12.1051 -9.73928 -14.6004 7.22696 1.70754e-006 5.12264e-006 -5.12265e-006 1.70755e-006 -8.53773e-006 1.70748e-006 -8.53774e-006 -4.95189e-005 34.6058 -32.7708 25.0493 179.932 -4.52583 -90.8626 -3.36529 -22.6803 42.3935 -56.6286 -3.18055e-015 1.59028e-015 -48.8098 -76.7591 -53.5676 -179.341 4.1804 81.0322 -14.0564 -11.01 -61.6029 -66.6576 -9.93923e-016 -0 66.2083 83.3005 -65.8508 -12.47 3.32816 -165.941 -32.8032 7.95139e-016 3.97569e-016 18.7737 9.24671 3.47961 90 6.4605e-016 -0 -20.7537 -24.0686 173.711 -21.7448 6.36111e-015 -0 -24.4855 16.3801 12.9671 90 -1.59028e-015 -3.18055e-015 
63.5634 88.1305 -78.7537 -77.6172 -76.0141 -177.955 11.2246 -9.19941 -14.3717 7.02388 1.70754e-006 5.12264e-006 -5.12265e-006 1.70755e-006 -8.53773e-006 1.70748e-006 -8.53774e-006 -4.95189e-005 35.0649 -32.9924 24.5693 179.855 -4.0096 -92.0691 -3.3779 -27.6133 40.7268 -58.5123 -3.97569e-016 3.18055e-015 -49.1266 -75.9198 -52.9327 -179.413 3.67968 80.9305 -15.2877 -11.3302 -63.3516 -60.2045 3.57812e-015 -2.98177e-015 68.5793 82.2019 -66.8149 -11.8208 3.13912 -166.897 -33.3152 0 -0 19.5793 8.79629 2.76065 90 -1.14301e-015 3.18055e-015 -16.9245 -23.1728 175.225 -17.9981 -3.18056e-015 -6.70898e-016 -18.4873 21.1643 10.9704 90 7.95139e-016 -3.18055e-015 
64.2628 87.6756 -79.2308 -77.1117 -75.4497 -176.46 10.5009 -8.16716 -13.3695 6.82401 1.70754e-006 5.12264e-006 -5.12265e-006 1.70755e-006 -8.53773e-006 1.70748e-006 -8.53774e-006 -4.95189e-005 35.0444 -33.0222 23.4691 179.883 -3.73797 -91.7965 -3.75095 -31.6331 38.4141 -60.5059 2.68359e-015 2.38542e-015 -46.9651 -76.7822 -50.1034 -179.461 3.46761 81.1656 -17.639 -11.9042 -63.9454 -55.3324 2.78299e-015 1.19271e-015 57.4238 79.4911 -54.8755 -11.4604 2.49335 -167.76 -34.6059 1.59028e-015 1.59028e-015 20.7741 7.45823 2.55129 90 -3.97569e-016 -6.36111e-015 -13.9058 -21.7875 176.2 -14.5885 -6.36111e-015 7.45443e-017 -14.0935 23.5335 9.97587 90 7.95139e-016 6.36111e-015 
64.9286 87.2683 -79.637 -76.8385 -74.4871 -175.248 9.98937 -6.83775 -12.3413 6.69993 1.70754e-006 5.12264e-006 -5.12265e-006 1.70755e-006 -8.53773e-006 1.70748e-006 -8.53774e-006 -4.95189e-005 34.9778 -32.8835 22.9025 179.942 -3.70774 -90.9016 -4.47516 -34.5013 35.8015 -62.4544 -1.50952e-015 1.39149e-015 -44.4823 -77.1333 -47.0201 -179.472 3.29032 80.8746 -20.1938 -13.0214 -63.3704 -52.4706 0 5.56597e-015 48.6582 76.5395 -45.8162 -11.058 3.11941 -168.147 -35.3695 0 -0 21.7274 7.25516 1.77462 90 -1.3418e-015 -0 -12.5884 -20.8664 176.144 -13.58 0 2.48481e-016 -10.3035 23.7692 9.36408 90 -2.73329e-016 -6.36111e-015 
65.5758 87.0786 -79.885 -76.8563 -73.093 -174.694 9.76648 -5.63033 -11.055 6.5519 1.70754e-006 5.12264e-006 -5.12265e-006 1.70755e-006 -8.53773e-006 1.70748e-006 -8.53774e-006 -4.95189e-005 34.7703 -31.8555 22.2073 180 -4.01806 -90.0041 -4.07837 -35.9014 34.3253 -64.7107 2.89791e-015 2.5842e-015 -42.9344 -76.0777 -44.8 -179.497 2.99983 80.4849 -22.211 -13.3172 -62.5455 -50.1573 3.18055e-015 -1.98785e-015 44.472 72.7929 -40.3809 -10.5794 5.07089 -167.811 -35.3458 -1.59028e-015 -1.19271e-015 22.2181 7.95488 0.989003 90 -4.47266e-016 -3.18055e-015 -12.7495 -21.4492 175.857 -14.2873 -6.36111e-015 4.38142e-016 -8.16022 22.2666 7.96941 90 -9.93923e-017 3.18055e-015 
66.1682 87.0922 -80.0644 -76.6477 -71.8969 -174.289 9.66321 -5.26328 -9.42728 6.59083 1.70754e-006 5.12264e-006 -5.12265e-006 1.70755e-006 -8.53773e-006 1.70748e-006 -8.53774e-006 -4.95189e-005 34.4323 -30.0531 21.2645 -179.962 -4.74712 -89.5363 -1.65764 -35.7579 35.1529 -67.7074 -2.78299e-015 2.38542e-015 -42.6575 -75.2762 -44.2229 -179.571 2.60629 80.6458 -23.2738 -12.2062 -62.218 -47.799 -1.59028e-015 7.95139e-016 42.4504 68.5861 -36.5385 -9.76722 6.30412 -167.461 -34.7658 1.59028e-015 3.97569e-016 22.3246 8.01021 0.568814 90 0 3.18055e-015 -13.8013 -21.1323 175.603 -16.7444 -3.18056e-015 -1.39149e-015 -7.0941 21.476 7.44926 90 1.49089e-016 -3.18055e-015 
66.7412 87.0803 -80.281 -76.4549 -71.4805 -173.537 9.35362 -5.76792 -8.20877 6.75767 1.70754e-006 5.12264e-006 -5.12265e-006 1.70755e-006 -8.53773e-006 1.70748e-006 -8.53774e-006 -4.95189e-005 34.3738 -27.9057 20.3843 -179.943 -5.28493 -89.3776 1.77194 -34.1304 37.1267 -70.818 1.41634e-015 1.19271e-015 -43.4373 -75.4273 -44.9646 -179.615 2.37257 80.7864 -23.4125 -10.7599 -62.0541 -46.1674 5.56597e-015 -1.11319e-014 42.3517 66.9202 -34.599 -8.8213 5.9856 -167.992 -34.143 0 -0 22.3187 6.98078 0.410272 90 2.08724e-015 -0 -14.594 -20.3695 175.131 -18.6154 -3.18056e-015 2.18663e-015 -5.93591 21.96 7.17511 90 2.23633e-016 3.18055e-015 
67.4128 87.0903 -80.4853 -76.577 -71.5698 -172.975 9.03566 -6.24596 -7.15028 6.8346 1.70754e-006 5.12264e-006 -5.12265e-006 1.70755e-006 -8.53773e-006 1.70748e-006 -8.53774e-006 -4.95189e-005 34.7207 -26.1485 19.771 -179.881 -5.71436 -88.8068 4.07528 -31.6971 38.6915 -72.9142 9.19379e-015 -7.95139e-016 -42.0919 -76.1533 -43.3411 -179.555 2.52123 79.9828 -22.4456 -9.70622 -61.2559 -45.6542 -3.97569e-015 6.95746e-015 41.681 67.363 -33.2782 -8.01842 5.7188 -168.411 -33.1951 1.59028e-015 -7.95139e-016 22.13 6.69024 -0.0766751 90 -4.47266e-016 -3.18055e-015 -14.8644 -19.7359 174.868 -19.5325 -3.18056e-015 -1.59028e-015 -4.62627 22.7464 6.66833 90 3.97569e-016 -0 
68.1153 87.1767 -80.6978 -76.594 -71.8449 -172.544 8.87657 -6.49301 -5.77342 6.88672 1.70754e-006 5.12264e-006 -5.12265e-006 1.70755e-006 -8.53773e-006 1.70748e-006 -8.53774e-006 -4.95189e-005 35.1762 -24.8752 19.0915 -179.776 -6.38039 -87.9859 5.16485 -28.415 40.4453 -74.2574 -1.24489e-014 3.97569e-016 -41.0682 -76.5441 -42.6566 -179.486 2.67822 79.1243 -20.9374 -8.83016 -60.5555 -45.4035 -1.98785e-016 9.93923e-017 37.8991 69.5342 -30.2156 -7.25636 5.95143 -168.38 -31.9663 1.59028e-015 1.59028e-015 21.7848 7.04788 -0.679088 90 -2.48481e-016 -0 -14.6422 -19.2872 174.905 -19.845 9.54167e-015 2.78299e-015 -3.59365 23.3829 6.40483 90 2.98177e-016 -9.54166e-015 
68.8063 87.3112 -80.904 -76.7241 -72.2516 -172.302 8.72908 -6.70382 -4.34649 6.95065 1.70754e-006 5.12264e-006 -5.12265e-006 1.70755e-006 -8.53773e-006 1.70748e-006 -8.53774e-006 -4.95189e-005 35.7211 -23.4868 18.4245 -179.653 -7.03043 -87.171 6.0712 -24.4966 42.7839 -75.4334 3.36226e-015 -1.98785e-016 -35.9404 -76.3398 -37.8921 -179.48 2.61076 78.7315 -19.4797 -8.08913 -60.387 -45.1192 -5.40446e-016 2.87927e-015 33.335 72.0766 -26.2794 -6.55484 6.13208 -168.334 -30.6923 -1.59028e-015 1.59028e-015 21.413 7.5448 -0.896726 90 1.49089e-016 -3.18055e-015 -14.3708 -18.8608 175.052 -19.9623 -6.36111e-015 -7.95139e-016 -2.87462 24.183 6.19607 90 -4.96962e-017 -6.36111e-015 
69.4608 87.4242 -81.0911 -77.2471 -72.6748 -172.411 8.55046 -6.87934 -2.99925 7.01205 1.70754e-006 5.12264e-006 -5.12265e-006 1.70755e-006 -8.53773e-006 1.70748e-006 -8.53774e-006 -4.95189e-005 35.9492 -22.1697 17.7057 -179.499 -7.61962 -86.2304 6.60742 -20.1257 45.0898 -76.2517 9.74045e-015 -0 -28.7027 -75.3467 -30.7052 -179.451 2.72116 78.5863 -18.7885 -7.41053 -60.2954 -44.7354 -7.95139e-016 -1.98785e-016 31.0617 73.3534 -23.89 -5.99317 6.15872 -168.367 -29.4637 3.18055e-015 -0 21.028 7.83588 -1.07525 90 -2.98177e-016 3.18055e-015 -14.3112 -18.7114 175.099 -20.1066 -1.27222e-014 -0 -2.17995 24.7008 5.78399 90 7.45443e-017 -0 
70.1259 87.5062 -81.2922 -77.6967 -73.0059 -172.485 8.5023 -6.8519 -1.73864 7.07 1.70754e-006 5.12264e-006 -5.12265e-006 1.70755e-006 -8.53773e-006 1.70748e-006 -8.53774e-006 -4.95189e-005 35.8919 -21.0326 17.1635 -179.341 -8.16209 -85.3654 6.31589 -15.2558 47.2566 -76.3 -5.86415e-015 1.59028e-015 -24.255 -74.5824 -26.4889 -179.421 2.80634 78.3299 -18.5956 -7.13707 -59.8747 -44.5239 -1.98785e-016 -9.93923e-017 30.8389 73.0676 -23.3563 -5.39232 6.33703 -168.311 -28.2238 1.59028e-015 -1.19271e-015 20.6544 8.14372 -1.46464 90 -2.48481e-016 -3.18055e-015 -14.2946 -18.923 175.076 -20.3807 3.18056e-015 -0 -1.31342 24.8558 5.39724 90 -2.48481e-017 6.36111e-015 
70.8416 87.5713 -81.4917 -77.9611 -73.273 -172.369 8.54166 -6.60881 -0.699513 7.0877 1.70754e-006 5.12264e-006 -5.12265e-006 1.70755e-006 -8.53773e-006 1.70748e-006 -8.53774e-006 -4.95189e-005 35.9715 -19.7565 16.8027 -179.237 -8.34587 -84.7578 5.5989 -10.1641 49.5112 -75.5355 7.15625e-015 1.59028e-015 -20.9206 -74.7823 -23.5837 -179.417 2.75236 78.0378 -18.8617 -7.31178 -59.3232 -44.2643 7.95139e-016 -5.46658e-016 31.3124 72.5452 -23.6705 -4.64661 6.39112 -168.295 -26.9262 0 3.18055e-015 20.2581 8.18492 -1.89081 90 -1.14301e-015 3.18055e-015 -14.1883 -18.7924 175.187 -20.6487 -6.36111e-015 3.97569e-016 -0.486381 25.2204 4.71896 90 -2.08879e-016 -0 
71.6027 87.6209 -81.6788 -78.1331 -73.5889 -172.171 8.63979 -6.50362 0.173287 7.09756 1.70754e-006 5.12264e-006 -5.12265e-006 1.70755e-006 -8.53773e-006 1.70748e-006 -8.53774e-006 -4.95189e-005 36.0514 -18.6308 16.3517 -179.14 -8.59305 -84.261 4.12246 -5.16659 51.6941 -73.9167 -3.18055e-015 1.59028e-015 -19.5077 -75.3663 -22.4565 -179.418 2.68751 77.7817 -19.5856 -7.5452 -58.8056 -43.7811 1.88845e-015 1.19271e-015 31.699 71.7958 -23.8752 -3.92162 6.19078 -168.311 -25.7601 0 -1.98785e-015 19.9009 7.96514 -2.11906 90 8.44835e-016 3.18055e-015 -14.0877 -18.4472 175.373 -21.0112 -6.36111e-015 -7.95139e-016 0.336321 25.9 3.96273 90 1.49089e-016 -6.36111e-015 
72.363 87.6535 -81.8506 -78.5437 -73.8627 -172.247 8.7243 -6.43332 1.02192 7.11217 1.70754e-006 5.12264e-006 -5.12265e-006 1.70755e-006 -8.53773e-006 1.70748e-006 -8.53774e-006 -4.95189e-005 35.9447 -17.5756 15.6238 -179.048 -8.69889 -83.7315 2.50497 -0.721955 53.8266 -71.6619 -7.15625e-015 -1.59028e-015 -10.4981 -74.4884 -13.7097 -179.421 2.63577 77.6082 -20.171 -7.63375 -58.3451 -43.4613 -3.18055e-015 2.68359e-015 31.8505 70.7147 -23.6071 -3.35765 6.02534 -168.276 -24.7702 0 -2.38542e-015 19.6198 7.73519 -2.18932 90 -1.19271e-015 -6.36111e-015 -14.0214 -18.2092 175.585 -21.3224 -9.54167e-015 3.97569e-016 1.21504 26.3768 3.27205 90 9.93923e-017 3.18055e-015 
73.1297 87.686 -82.0355 -79.0373 -74.1271 -172.473 8.80764 -6.30258 1.90837 7.10928 1.70754e-006 5.12264e-006 -5.12265e-006 1.70755e-006 -8.53773e-006 1.70748e-006 -8.53774e-006 -4.95189e-005 35.8723 -16.4825 14.7573 -178.945 -8.67921 -83.044 0.711281 2.98079 55.7998 -68.8965 -6.36111e-015 3.18055e-015 -0.598701 -73.3971 -4.45698 -179.415 2.66429 77.6215 -20.4515 -7.52806 -58.1114 -43.1687 5.96354e-016 -9.93923e-016 31.5335 69.8289 -23.0413 -2.86278 6.01537 -168.156 -23.8427 -1.59028e-015 -0 19.3694 7.52958 -2.16134 90 -5.96354e-016 3.18055e-015 -13.9339 -18.2585 175.819 -21.5866 3.18056e-015 -1.59028e-015 2.10529 26.6238 2.63656 90 0 -0 
73.902 87.725 -82.2215 -79.766 -74.2983 -172.898 8.86117 -6.05857 2.65764 7.06705 1.70754e-006 5.12264e-006 -5.12265e-006 1.70755e-006 -8.53773e-006 1.70748e-006 -8.53774e-006 -4.95189e-005 35.8525 -15.5519 13.9301 -178.856 -8.70135 -82.4802 -1.89831 6.48585 57.6747 -65.8294 0 3.18055e-015 2.00075 -73.751 -2.5369 -179.415 2.66891 77.64 -20.3157 -7.35683 -57.927 -43.0454 5.96354e-016 -2.28602e-015 31.5222 69.9989 -22.9586 -2.46191 6.18389 -168.086 -23.0191 -1.59028e-015 3.97569e-016 19.1644 7.27424 -1.76191 90 -8.94531e-016 6.36111e-015 -13.9129 -18.0657 176.043 -21.8941 -6.36111e-015 1.19271e-015 2.98425 27.0289 2.17991 90 0 6.36111e-015 
74.6547 87.7949 -82.3856 -80.7206 -74.3412 -173.455 8.92911 -5.8752 3.20719 7.02514 1.70754e-006 5.12264e-006 -5.12265e-006 1.70755e-006 -8.53773e-006 1.70748e-006 -8.53774e-006 -4.95189e-005 35.7011 -14.551 13.029 -178.783 -8.69426 -81.9985 -3.49885 8.94161 59.5422 -63.0655 3.18055e-015 -0 11.5492 -70.8238 6.4128 -179.432 2.59995 77.6639 -20.1014 -7.13171 -57.7081 -43.0544 3.97569e-016 -2.08724e-015 31.0415 70.3522 -22.5341 -2.17995 6.48828 -168.213 -22.4052 0 7.95139e-016 19.0396 6.84362 -0.547539 90 2.18663e-015 3.18055e-015 -13.9461 -17.814 176.203 -22.1147 3.18056e-015 -0 3.76349 27.2873 1.76232 90 -9.93923e-017 -0 
75.391 87.9112 -82.5527 -81.6541 -74.3253 -173.889 8.99684 -5.81956 3.54094 7.02006 1.70754e-006 5.12264e-006 -5.12265e-006 1.70755e-006 -8.53773e-006 1.70748e-006 -8.53774e-006 -4.95189e-005 35.6369 -13.3135 12.0744 -178.724 -8.7993 -81.7169 -4.89801 10.6455 61.2714 -60.1734 6.36111e-015 -3.18055e-015 19.531 -66.8707 12.9483 -179.446 2.54283 77.7062 -19.9801 -6.84677 -57.4641 -43.1173 -1.59028e-015 3.8763e-015 30.3631 70.4086 -21.9285 -2.45235 6.84689 -168.322 -22.746 1.59028e-015 2.78299e-015 18.5838 6.41722 0.161907 90 -1.49089e-015 -0 -13.9783 -17.6125 176.253 -22.2434 -6.36111e-015 -1.59028e-015 4.391 27.4638 1.3659 90 -9.93923e-017 6.36111e-015 
76.1439 88.0803 -82.7297 -82.5412 -74.1678 -174.18 9.03087 -5.67628 3.62569 7.07772 1.70754e-006 5.12264e-006 -5.12265e-006 1.70755e-006 -8.53773e-006 1.70748e-006 -8.53774e-006 -4.95189e-005 35.681 -12.0037 11.2871 -178.69 -8.94753 -81.633 -7.04216 12.0019 62.7396 -56.776 6.36111e-015 3.18055e-015 23.391 -64.9394 15.2092 -179.453 2.50702 77.6863 -19.822 -6.61769 -57.1487 -43.3111 4.77083e-015 -1.78906e-015 30.0352 70.5077 -21.5811 -2.81072 7.15138 -168.408 -23.3144 7.95139e-016 1.59028e-015 17.747 6.23716 0.26454 90 4.22417e-016 -1.59028e-015 -13.878 -17.3416 176.258 -22.1186 6.36111e-015 -2.38542e-015 4.86443 27.4967 0.970302 90 -9.93923e-017 1.27222e-014 
76.9272 88.2657 -82.9209 -83.5583 -73.9474 -174.634 8.98051 -5.52089 3.70058 7.13169 1.70754e-006 5.12264e-006 -5.12265e-006 1.70755e-006 -8.53773e-006 1.70748e-006 -8.53774e-006 -4.95189e-005 35.8643 -10.6439 10.3395 -178.719 -8.75794 -81.6441 -9.26577 13.3597 63.7983 -53.5379 3.18055e-015 6.36111e-015 25.4767 -62.4668 16.3063 -179.463 2.49581 77.8439 -19.6687 -6.34376 -57.0158 -43.4538 1.39149e-015 4.96962e-016 29.644 70.6066 -21.2316 -3.20771 7.41339 -168.356 -23.9158 0 1.19271e-015 16.8108 6.39668 0.171568 90 4.22417e-016 1.59028e-015 -13.5411 -17.1424 176.383 -21.5527 3.18056e-015 7.95139e-016 5.25812 27.4007 0.499581 90 1.98785e-016 3.18055e-015 
77.7232 88.4423 -83.0635 -84.9759 -73.6885 -175.624 8.91236 -5.44018 3.91712 7.15545 1.70754e-006 5.12264e-006 -5.12265e-006 1.70755e-006 -8.53773e-006 1.70748e-006 -8.53774e-006 -4.95189e-005 35.8234 -9.43879 9.29433 -178.734 -8.52139 -81.52 -11.3078 14.5952 64.288 -51.2031 0 1.59028e-015 26.1573 -58.6264 16.12 -179.478 2.47941 78.1126 -19.5594 -6.07545 -56.8946 -43.7775 2.38542e-015 2.38542e-015 29.6009 70.5191 -21.1323 -3.92807 7.40941 -168.105 -24.9035 0 -3.97569e-016 15.8715 6.44144 -0.0298309 90 1.59028e-015 -0 -13.1922 -17.2289 176.675 -20.7491 0 -0 5.53655 27.1055 -0.0344979 90 0 3.18055e-015 
78.5174 88.5735 -83.2085 -86.033 -73.2947 -176.314 8.98462 -5.29215 4.14671 7.20236 1.70754e-006 5.12264e-006 -5.12265e-006 1.70755e-006 -8.53773e-006 1.70748e-006 -8.53774e-006 -4.95189e-005 35.6105 -8.05519 8.23425 -178.737 -8.37044 -81.3888 -12.8711 15.3767 64.473 -49.478 0 -3.18055e-015 26.3255 -54.8546 15.6902 -179.498 2.45084 78.4171 -19.5752 -5.86974 -56.6789 -44.1462 -1.98785e-016 7.95139e-016 29.5122 70.7378 -21.1411 -4.73125 7.19274 -167.86 -26.3653 -3.18055e-015 1.19271e-015 15.0718 6.20078 -0.112016 90 1.19271e-015 -1.59028e-015 -12.8931 -17.1224 176.994 -20.2539 6.36111e-015 3.97569e-016 5.90235 26.8524 -0.528534 90 9.93923e-017 3.18055e-015 
79.3351 88.6475 -83.3251 -86.969 -72.8985 -176.95 9.09708 -5.1474 4.38233 7.25274 1.70754e-006 5.12264e-006 -5.12265e-006 1.70755e-006 -8.53773e-006 1.70748e-006 -8.53774e-006 -4.95189e-005 35.4934 -6.8097 7.24662 -178.77 -8.30202 -81.5446 -13.5631 15.4798 64.6694 -48.1485 0 -6.36111e-015 26.2707 -52.616 15.1153 -179.513 2.44 78.7115 -19.6707 -5.65758 -56.3909 -44.4706 1.68967e-015 -5.06901e-015 29.6341 70.6547 -21.2548 -5.729 6.39403 -167.615 -28.4075 -1.59028e-015 1.59028e-015 14.3524 5.49066 -0.168032 90 2.5842e-015 3.18055e-015 -12.7165 -16.9837 177.365 -20.0586 -6.36111e-015 -7.95139e-016 6.41723 26.6346 -1.04945 90 0 -3.18055e-015 
80.1811 88.6646 -83.4258 -87.4414 -72.4779 -177.214 9.37922 -4.93664 4.65157 7.32811 1.70754e-006 5.12264e-006 -5.12265e-006 1.70755e-006 -8.53773e-006 1.70748e-006 -8.53774e-006 -4.95189e-005 35.3172 -5.71115 6.27453 -178.801 -8.31179 -81.7621 -13.1227 14.8688 64.6031 -47.4162 -6.36111e-015 -4.77083e-015 26.0755 -52.6798 14.6405 -179.528 2.42725 78.9823 -19.6223 -5.36457 -56.0557 -44.8697 -4.96962e-016 3.97569e-016 29.0829 70.7292 -20.7561 -6.90025 5.43265 -167.265 -31.0171 0 3.97569e-015 13.6198 4.78575 -0.296638 90 -1.59028e-015 1.59028e-015 -12.5396 -16.827 177.8 -20.1377 -6.36111e-015 -1.98785e-015 7.08027 26.4324 -1.60438 90 -1.98785e-016 3.18055e-015 
81.0483 88.6519 -83.5147 -87.5918 -72.0643 -177.191 9.74 -4.71555 4.8916 7.44871 1.70754e-006 5.12264e-006 -5.12265e-006 1.70755e-006 -8.53773e-006 1.70748e-006 -8.53774e-006 -4.95189e-005 35.1867 -4.58101 5.32081 -178.818 -8.37124 -81.9346 -12.1224 13.8125 64.2395 -47.1252 3.18055e-015 4.77083e-015 24.6677 -54.1892 13.4262 -179.552 2.33833 79.1598 -19.5029 -5.02272 -55.6338 -45.0891 -1.09332e-015 2.83268e-015 28.8598 70.8759 -20.6216 -8.27835 4.20661 -166.897 -34.1737 0 7.95139e-016 12.612 4.03175 -0.548495 90 7.95139e-016 -3.18055e-015 -12.3369 -16.5477 178.268 -20.383 0 1.59028e-015 7.82545 26.329 -2.16163 90 1.98785e-016 3.18055e-015 
81.956 88.6368 -83.6161 -87.4983 -71.6427 -176.947 10.0977 -4.39894 5.0864 7.59837 1.70754e-006 5.12264e-006 -5.12265e-006 1.70755e-006 -8.53773e-006 1.70748e-006 -8.53774e-006 -4.95189e-005 35.2778 -3.59909 4.48088 -178.831 -8.49166 -82.1301 -11.0171 12.3669 63.7133 -47.103 0 -1.59028e-015 22.4836 -55.7877 11.7783 -179.587 2.20663 79.3879 -19.1632 -4.57144 -55.39 -45.0991 1.2424e-016 -9.19379e-016 28.1285 70.9901 -19.8236 -9.89678 2.99427 -166.513 -37.7404 -3.18055e-015 -7.95139e-016 11.0441 3.18631 -1.01137 90 3.18055e-015 -3.18055e-015 -11.9382 -16.1926 178.804 -20.4718 0 3.97569e-016 8.56613 26.3232 -2.74676 90 9.93923e-017 3.18055e-015 
82.8829 88.6222 -83.7533 -87.1583 -71.1924 -176.51 10.4574 -3.90879 5.31242 7.74507 1.70754e-006 5.12264e-006 -5.12265e-006 1.70755e-006 -8.53773e-006 1.70748e-006 -8.53774e-006 -4.95189e-005 35.5315 -2.87066 3.69709 -178.849 -8.52264 -82.2811 -9.95095 10.7687 63.0626 -47.5268 9.54166e-015 1.59028e-015 20.5639 -57.0894 10.1802 -179.616 2.12622 79.7655 -18.69 -4.08698 -55.3688 -45.0277 1.13059e-015 -7.33018e-016 27.1983 71.1968 -18.8511 -11.858 1.83156 -166.218 -41.8229 0 4.77083e-015 8.79006 1.75109 -1.43209 90 -3.97569e-015 3.18055e-015 -11.2712 -15.8723 179.432 -20.2963 -3.18056e-015 -7.95139e-016 9.26482 26.1647 -3.37041 90 0 -3.18055e-015 
83.7871 88.5868 -83.9021 -86.9962 -70.7945 -176.216 10.7222 -3.49767 5.49795 7.87392 1.70754e-006 5.12264e-006 -5.12265e-006 1.70755e-006 -8.53773e-006 1.70748e-006 -8.53774e-006 -4.95189e-005 35.8161 -2.44734 2.82533 -178.852 -8.59412 -82.3589 -9.25775 9.19713 62.3418 -48.1856 0 3.18055e-015 17.8957 -58.4483 7.96647 -179.642 2.04078 80.0519 -18.5017 -3.80245 -55.1955 -44.8503 2.01269e-015 -2.44754e-015 27.0194 71.3065 -18.6227 -14.4134 0.725379 -166.259 -46.3621 1.59028e-015 -3.18055e-015 5.80526 -0.660608 -1.5478 90 -7.95139e-016 1.59028e-015 -10.6787 -15.6681 179.957 -20.1629 3.18056e-015 -0 10.0167 25.9522 -3.96416 90 -4.96962e-017 -0 
84.6361 88.5519 -84.0695 -86.8443 -70.4087 -175.868 11.0337 -3.14169 5.59753 7.94625 1.70754e-006 5.12264e-006 -5.12265e-006 1.70755e-006 -8.53773e-006 1.70748e-006 -8.53774e-006 -4.95189e-005 35.9565 -2.03917 2.00892 -178.864 -8.63997 -82.4822 -8.77156 7.65338 61.7499 -49.076 -6.36111e-015 -3.18055e-015 15.7305 -59.8552 6.18751 -179.66 1.98487 80.2739 -18.5539 -3.62275 -54.8783 -44.6034 1.80925e-015 -1.18805e-016 26.9601 71.2119 -18.5151 -17.3018 0.00932676 -166.733 -50.6401 0 1.59028e-015 2.07267 -4.66795 -1.79733 90 -1.59028e-015 -1.59028e-015 -10.1368 -15.4886 -179.639 -20.0671 6.36111e-015 1.19271e-015 10.7476 25.7116 -4.51195 90 -4.96962e-017 3.18055e-015 
85.421 88.5456 -84.2784 -86.733 -69.9053 -175.534 11.3966 -2.68428 5.63175 7.99831 1.70754e-006 5.12264e-006 -5.12265e-006 1.70755e-006 -8.53773e-006 1.70748e-006 -8.53774e-006 -4.95189e-005 35.8707 -1.69534 1.31346 -178.906 -8.57985 -82.7077 -8.37255 6.28586 61.4169 -50.2734 9.54166e-015 -3.18055e-015 14.1423 -60.6794 4.97949 -179.681 1.9109 80.5317 -18.5264 -3.53446 -54.5503 -44.6023 -3.47873e-016 -1.6524e-015 27.0606 71.1458 -18.5554 -19.8543 0.0863995 -167.714 -53.5331 -1.59028e-015 2.38542e-015 -0.454795 -9.03278 -0.272628 90 3.97569e-015 3.18055e-015 -9.53661 -15.1174 -179.266 -19.8031 6.36111e-015 1.59028e-015 11.3222 25.574 -4.99398 90 0 -6.36111e-015 
86.1061 88.6124 -84.5447 -87.0789 -69.2295 -175.577 11.6529 -2.13453 5.60671 8.01568 1.70754e-006 5.12264e-006 -5.12265e-006 1.70755e-006 -8.53773e-006 1.70748e-006 -8.53774e-006 -4.95189e-005 35.76 -1.37197 0.651418 -178.926 -8.47539 -82.751 -8.24395 5.32408 61.0312 -51.8351 -3.18055e-015 -3.18055e-015 13.1907 -61.3806 4.29367 -179.713 1.77179 80.7953 -18.3666 -3.54385 -54.1692 -44.7275 1.09332e-015 1.61513e-015 26.9048 71.1362 -18.404 -21.7547 1.23717 -169.163 -54.3918 -3.18055e-015 -0 0.787819 -6.98272 3.72229 90 -7.15625e-015 3.18055e-015 -8.91102 -14.8365 -179.021 -19.1531 -6.36111e-015 -4.37326e-015 11.5665 25.1196 -5.33607 90 0 -3.18055e-015 
86.7481 88.7118 -84.9163 -87.5754 -68.4972 -175.756 11.8103 -1.67609 5.54175 8.04243 1.70754e-006 5.12264e-006 -5.12265e-006 1.70755e-006 -8.53773e-006 1.70748e-006 -8.53774e-006 -4.95189e-005 35.7404 -1.101 -0.00328233 -178.905 -8.52649 -82.6536 -8.56883 4.769 60.5802 -53.4521 1.27222e-014 -3.18055e-015 12.3923 -61.7386 3.93775 -179.741 1.62642 80.965 -18.2165 -3.55448 -53.7406 -44.7871 -1.19271e-015 4.05024e-015 27.1396 71.3012 -18.7099 -23.4285 2.8841 -170.846 -53.8278 7.95139e-015 3.18055e-015 2.24888 -3.10467 5.50183 90 0 -0 -8.04714 -14.6347 -178.802 -18.0428 6.36111e-015 2.78299e-015 11.6425 24.4949 -5.60604 90 -9.93923e-017 6.36111e-015 
87.3827 88.8152 -85.3951 -88.1741 -67.6577 -176.122 11.8748 -1.16181 5.52914 8.07229 1.70754e-006 5.12264e-006 -5.12265e-006 1.70755e-006 -8.53773e-006 1.70748e-006 -8.53774e-006 -4.95189e-005 35.8052 -0.978992 -0.661173 -178.883 -8.59475 -82.5643 -9.09652 4.57318 60.2707 -55.0972 3.18055e-015 9.54166e-015 12.3353 -61.9435 4.06932 -179.76 1.55714 81.2218 -18.046 -3.47855 -53.4967 -44.7606 -2.99419e-015 3.516e-015 26.9194 71.2635 -18.4758 -24.6702 4.9325 -172.673 -51.4359 1.59028e-015 1.59028e-015 3.296 -0.184771 6.36296 90 2.38542e-015 3.18055e-015 -6.96482 -14.5103 -178.502 -16.592 -3.18056e-015 7.95139e-016 11.5869 23.6967 -5.80842 90 0 -3.18055e-015 
88.0438 88.8951 -85.9494 -88.8714 -66.6517 -176.72 11.8777 -0.520225 5.55944 8.09736 1.70754e-006 5.12264e-006 -5.12265e-006 1.70755e-006 -8.53773e-006 1.70748e-006 -8.53774e-006 -4.95189e-005 35.8565 -0.736882 -1.21498 -178.881 -8.58949 -82.5492 -9.66332 4.7181 60.1366 -56.6625 -9.54166e-015 3.18055e-015 12.4315 -61.9425 4.41638 -179.767 1.55565 81.4887 -17.8523 -3.36545 -53.3788 -44.7733 9.44227e-016 -1.2424e-016 26.9743 71.2798 -18.5188 -25.1071 7.29252 -174.555 -46.6698 0 -0 3.72361 2.38645 6.95247 90 7.95139e-016 -3.18055e-015 -5.74653 -14.1543 -178.021 -14.9273 0 1.19271e-015 11.4532 23.0406 -5.98691 90 2.48481e-017 -0 
88.7556 88.9081 -86.6002 -89.4194 -65.6813 -177.334 11.907 -0.0219966 5.65423 8.1428 1.70754e-006 5.12264e-006 -5.12265e-006 1.70755e-006 -8.53773e-006 1.70748e-006 -8.53774e-006 -4.95189e-005 35.7872 -0.525753 -1.78129 -178.872 -8.65783 -82.5468 -10.3031 5.07396 60.1175 -58.0226 0 -6.36111e-015 12.489 -61.907 4.70821 -179.777 1.52784 81.6924 -17.6973 -3.30646 -53.2956 -44.8716 3.97569e-016 -1.09332e-015 26.7083 71.4226 -18.2765 -24.6972 9.46769 -176.555 -39.8591 0 3.97569e-016 2.62586 4.66321 7.32937 90 7.95139e-016 -3.18055e-015 -4.37522 -13.7527 -177.399 -13.2711 3.18056e-015 2.78299e-015 11.4384 22.408 -6.15131 90 1.2424e-017 -0 
89.542 88.82 -87.3025 -89.9406 -64.64 -178.172 11.9339 0.543129 5.85865 8.17737 1.70754e-006 5.12264e-006 -5.12265e-006 1.70755e-006 -8.53773e-006 1.70748e-006 -8.53774e-006 -4.95189e-005 35.6603 -0.379829 -2.21044 -178.874 -8.68196 -82.5831 -11.0261 5.58292 60.1784 -59.0975 -3.18055e-015 -3.18055e-015 12.8206 -61.8882 5.18964 -179.793 1.45762 81.9043 -17.5103 -3.30633 -53.3409 -45.0533 -1.19271e-015 3.57812e-015 26.9119 71.5612 -18.4969 -23.5706 11.454 -178.392 -31.547 1.59028e-015 1.19271e-015 -0.352983 6.81319 6.79953 90 7.95139e-016 -0 -3.08723 -13.3277 -176.551 -12.0152 -3.18056e-015 1.59028e-015 11.6883 21.7559 -6.32209 90 3.10601e-018 -3.18055e-015 
90.4314 88.6287 -88.084 -90.3075 -63.4367 -179.16 11.9005 1.15454 6.16785 8.26421 1.70754e-006 5.12264e-006 -5.12265e-006 1.70755e-006 -8.53773e-006 1.70748e-006 -8.53774e-006 -4.95189e-005 35.6992 -0.136054 -2.56641 -178.862 -8.71513 -82.5277 -11.6749 6.13523 60.2242 -59.7245 -3.18055e-015 -3.18055e-015 13.2401 -61.7471 5.67253 -179.813 1.34406 82.0982 -17.5465 -3.35471 -53.4683 -45.0317 -3.97569e-016 1.68967e-015 27.0414 71.6992 -18.6758 -22.9488 13.0442 -179.503 -25.4591 -1.59028e-015 3.97569e-016 -0.854574 8.80534 4.47939 90 -1.98785e-016 3.18055e-015 -2.1422 -12.7035 -175.502 -11.7615 0 1.59028e-015 12.3813 21.1734 -6.46072 90 3.88251e-019 -0 
91.4504 88.3349 -88.9523 -90.4134 -62.0829 179.944 11.821 1.63993 6.31171 8.38702 1.70754e-006 5.12264e-006 -5.12265e-006 1.70755e-006 -8.53773e-006 1.70748e-006 -8.53774e-006 -4.95189e-005 36.1001 0.403927 -2.81333 -178.839 -8.8697 -82.5135 -12.2664 6.66544 60.3347 -59.7681 0 -3.18055e-015 13.4558 -61.6578 5.91374 -179.837 1.18959 82.1793 -17.8258 -3.34977 -53.6975 -44.7613 -1.98785e-015 -1.59028e-015 27.2359 71.7186 -18.8765 -22.3826 14.0256 179.989 -21.1165 -1.59028e-015 5.96354e-016 -1.16085 10.981 0.698168 90 -1.49089e-015 -3.18055e-015 -1.47807 -12.0416 -174.389 -12.4539 -3.18056e-015 -1.98785e-015 13.5918 20.6336 -6.60585 90 -4.85314e-020 3.18055e-015 
92.5949 87.938 -89.8787 -90.4219 -60.7643 179.148 11.6861 1.7856 6.10708 8.51078 1.70754e-006 5.12264e-006 -5.12265e-006 1.70755e-006 -8.53773e-006 1.70748e-006 -8.53774e-006 -4.95189e-005 36.6392 1.38377 -2.91613 -178.815 -9.08542 -82.5381 -12.6636 7.16399 60.4047 -59.2798 0 3.18055e-015 13.7911 -61.4435 6.18894 -179.855 1.04839 82.1176 -18.2454 -3.29723 -54.0809 -44.4953 7.95139e-016 -2.78299e-015 27.5242 71.3954 -19.0482 -22.0601 15.0084 179.774 -19.0075 3.18055e-015 -1.11816e-015 -2.64446 12.4646 0.137971 90 -1.19271e-015 -3.18055e-015 -1.05861 -11.64 -173.353 -13.9502 6.36111e-015 2.38542e-015 15.3051 19.8184 -6.74398 90 -3.88251e-019 3.18055e-015 
93.8383 87.4578 -90.8696 -90.3363 -59.4664 178.723 11.5548 1.74194 5.25369 8.59116 1.70754e-006 5.12264e-006 -5.12265e-006 1.70755e-006 -8.53773e-006 1.70748e-006 -8.53774e-006 -4.95189e-005 37.243 2.6299 -2.75308 -178.829 -9.21941 -82.7308 -12.8745 7.60974 60.4874 -58.3255 -6.36111e-015 -3.18055e-015 14.4081 -61.3545 6.60054 -179.851 1.04616 81.8956 -18.5231 -3.22456 -54.6655 -44.5436 -2.38542e-015 2.5842e-015 27.3248 71.327 -18.7695 -21.9351 15.368 179.598 -19.6707 0 -6.95746e-016 -3.15389 9.0345 7.62399 90 -4.96962e-017 -3.18055e-015 -1.19251 -11.6998 -172.79 -16.7532 0 -0 17.5923 18.6971 -6.76164 90 1.2424e-017 -0 
95.0387 87.0587 -91.849 -90.2965 -58.0525 178.958 11.6179 1.68838 3.38502 8.61803 1.70754e-006 5.12264e-006 -5.12265e-006 1.70755e-006 -8.53773e-006 1.70748e-006 -8.53774e-006 -4.95189e-005 37.6099 4.13726 -2.52799 -178.814 -9.44074 -82.8061 -13.2203 7.68928 60.2238 -56.7441 9.54166e-015 6.36111e-015 14.6737 -61.2261 6.63 -179.82 1.20268 81.4767 -18.471 -3.00149 -55.3859 -44.983 1.59028e-015 -1.98785e-015 26.8343 71.4696 -18.3234 -22.3504 13.2639 179.675 -22.2912 0 -1.98785e-016 -0.694146 6.01296 9.21008 90 -1.98785e-016 -3.18055e-015 -2.31881 -11.8709 -173.171 -21.0716 0 -5.56597e-015 19.9209 17.5864 -6.52796 90 4.96962e-017 3.18055e-015 
96.2357 86.8476 -92.7464 -90.2006 -56.7712 179.413 11.9559 1.55957 1.2913 8.59712 1.70754e-006 5.12264e-006 -5.12265e-006 1.70755e-006 -8.53773e-006 1.70748e-006 -8.53774e-006 -4.95189e-005 37.8125 5.66192 -2.40457 -178.832 -9.4581 -82.9273 -13.1574 7.30663 59.9632 -54.7997 9.54166e-015 -0 15.8864 -60.5679 7.37645 -179.815 1.2195 81.3576 -17.9583 -2.68474 -56.6165 -45.5202 0 7.55382e-015 25.7915 71.8192 -17.3089 -23.2202 11.4258 -179.884 -25.856 6.36111e-015 2.78299e-015 1.99504 4.4526 8.12482 90 1.98785e-016 -0 -4.06591 -12.6737 -173.86 -26.4106 -6.36111e-015 -1.59028e-015 21.4008 16.9748 -5.9725 90 -1.98785e-016 -3.18055e-015 
97.4303 86.7831 -93.6458 -90.2782 -55.3519 179.186 12.0511 1.55937 -0.064677 8.67019 1.70754e-006 5.12264e-006 -5.12265e-006 1.70755e-006 -8.53773e-006 1.70748e-006 -8.53774e-006 -4.95189e-005 38.2867 7.32274 -2.72501 -178.804 -9.59562 -82.8599 -12.8138 6.73562 59.7799 -52.9432 0 3.18055e-015 16.7699 -59.3417 7.49447 -179.843 1.07895 81.7442 -17.6181 -2.61547 -58.043 -45.8561 3.18055e-015 -3.97569e-016 25.6475 71.9747 -17.1579 -23.3013 11.4473 -178.933 -27.8575 3.18055e-015 1.59028e-015 4.47843 3.91853 7.93852 90 9.93923e-017 -0 -6.7761 -14.8049 -174.734 -33.5202 6.36111e-015 1.59028e-015 21.3341 15.4951 -4.56362 90 -3.97569e-016 -6.36111e-015 
98.5258 86.8371 -94.6262 -90.4352 -53.9946 178.874 11.9387 1.19075 -1.19439 8.73509 1.70754e-006 5.12264e-006 -5.12265e-006 1.70755e-006 -8.53773e-006 1.70748e-006 -8.53774e-006 -4.95189e-005 39.1065 8.96639 -3.45055 -178.735 -9.92537 -82.6995 -12.3341 6.31279 59.7063 -51.3945 -1.27222e-014 -6.36111e-015 16.771 -58.8421 7.02702 -179.85 1.07071 82.0368 -18.4548 -2.89597 -58.8159 -45.7615 3.18055e-015 6.75868e-015 26.699 71.8441 -18.1839 -22.6831 10.9685 -178.528 -28.623 0 -1.19271e-015 6.59855 2.28111 8.12903 90 7.95139e-016 6.36111e-015 -10.8961 -17.8367 -176.937 -42.6191 -3.18056e-015 -0 19.1045 12.3256 -2.3599 90 1.59028e-015 -0 
99.5789 86.9063 -95.5895 -90.412 -53.1618 178.684 11.8629 0.490504 -2.02272 8.77363 1.70754e-006 5.12264e-006 -5.12265e-006 1.70755e-006 -8.53773e-006 1.70748e-006 -8.53774e-006 -4.95189e-005 39.7748 10.3514 -4.22302 -178.762 -9.97336 -82.8882 -11.8882 6.04396 59.9454 -50.1379 -3.18055e-015 -0 16.3076 -59.1678 6.43748 -179.829 1.25394 82.2402 -19.4735 -3.32206 -59.224 -45.7351 1.59028e-015 1.59028e-015 27.3496 71.1789 -18.7362 -22.1087 10.5487 -177.995 -29.4714 3.18055e-015 1.59028e-015 8.09125 1.28651 7.33677 90 -7.95139e-016 9.54166e-015 -16.1424 -20.9306 179.561 -52.5394 3.18056e-015 3.18056e-015 14.0612 7.74862 -0.0595587 90 0 6.36111e-015 
100.734 87.0195 -96.4693 -90.0065 -52.8606 178.468 11.9487 -0.140635 -2.23143 8.78622 1.70754e-006 5.12264e-006 -5.12265e-006 1.70755e-006 -8.53773e-006 1.70748e-006 -8.53774e-006 -4.95189e-005 40.3178 11.506 -4.61042 -178.868 -9.60516 -83.2446 -11.9392 5.969 60.0037 -49.3164 -6.36111e-015 -3.18055e-015 16.9455 -59.4711 6.907 -179.836 1.22164 82.3562 -19.4726 -3.9598 -59.5369 -46.1349 0 -1.11319e-014 28.4775 70.7876 -19.789 -21.3032 10.5577 -176.99 -30.1009 3.18055e-015 2.38542e-015 9.39995 1.36927 6.48865 90 -2.98177e-016 3.18055e-015 -21.3046 -22.4477 175.611 -60.6638 -3.18056e-015 -0 6.13721 7.10307 4.72232 90 -1.59028e-015 3.18055e-015 
101.976 87.2282 -97.3476 -89.455 -53.0383 178.34 11.9374 -0.763359 -2.10259 8.80284 1.70754e-006 5.12264e-006 -5.12265e-006 1.70755e-006 -8.53773e-006 1.70748e-006 -8.53774e-006 -4.95189e-005 41.0874 12.3426 -4.87302 -178.907 -9.27085 -83.2428 -12.859 6.00488 59.2686 -48.856 0 3.18055e-015 18.0084 -58.9326 7.93677 -179.813 1.38076 82.2861 -19.2707 -4.60037 -59.6487 -46.2518 -3.18055e-015 -3.18055e-015 28.3988 71.217 -19.9425 -20.0273 10.191 -176.085 -30.0418 3.18055e-015 -7.95139e-016 10.3603 1.54714 5.49537 90 -3.97569e-016 3.18055e-015 -25.8814 -20.8008 170.245 -65.8229 0 -3.18056e-015 -10.1513 17.8071 21.9682 90 -3.97569e-016 -0 
103.376 87.4931 -98.2707 -88.5936 -53.7326 178.446 11.943 -1.53782 -1.72783 8.81152 1.70754e-006 5.12264e-006 -5.12265e-006 1.70755e-006 -8.53773e-006 1.70748e-006 -8.53774e-006 -4.95189e-005 41.9897 12.7636 -5.05498 -178.858 -9.25541 -82.9322 -14.1059 5.91915 57.9706 -48.9331 3.18055e-015 -0 19.071 -58.1639 8.8527 -179.767 1.6587 81.9955 -18.8837 -5.24162 -59.6198 -46.1017 -4.77083e-015 2.38542e-015 29.6567 70.6551 -21.0015 -18.3768 9.54968 -175.275 -29.6994 -3.18055e-015 7.95139e-016 11.2058 1.78411 4.76762 90 2.98177e-016 -0 -27.6124 -19.1485 167.756 -67.9425 3.18056e-015 -0 -17.2958 25.2531 17.4678 90 0 -1.59028e-015 
104.918 87.7735 -99.0741 -87.945 -54.6727 178.17 11.8752 -2.18515 -1.08659 8.77205 1.70754e-006 5.12264e-006 -5.12265e-006 1.70755e-006 -8.53773e-006 1.70748e-006 -8.53774e-006 -4.95189e-005 42.6744 13.0169 -4.90311 -178.8 -9.46111 -82.7389 -14.88 5.35109 56.818 -49.4585 9.54166e-015 6.36111e-015 18.7999 -57.8035 8.69467 -179.706 1.98079 81.5495 -18.3019 -5.82782 -59.561 -45.7104 3.18055e-015 -3.97569e-016 28.9215 70.8904 -20.3898 -16.9857 8.86444 -174.098 -29.3913 -1.27222e-014 -2.38542e-015 12.0093 2.23174 4.15726 90 9.93923e-017 -3.18055e-015 -29.0772 -15.585 166.318 -71.0064 -3.18056e-015 -9.54167e-015 -17.5325 28.1058 14.3466 90 3.18055e-015 -1.59028e-015 
106.542 88.0345 -99.7709 -87.3565 -55.8051 177.921 11.9925 -2.83364 -0.518852 8.68146 1.70754e-006 5.12264e-006 -5.12265e-006 1.70755e-006 -8.53773e-006 1.70748e-006 -8.53774e-006 -4.95189e-005 42.9113 13.3976 -4.64965 -178.795 -9.57346 -82.792 -14.5771 4.34645 56.0539 -50.5603 3.18055e-015 3.18055e-015 17.2789 -58.5888 7.5987 -179.653 2.23721 81.1723 -17.4964 -6.28696 -59.6792 -45.3778 1.59028e-015 2.78299e-015 29.0352 70.8765 -20.354 -15.561 7.94548 -172.935 -28.7964 0 -1.59028e-015 12.5794 2.59331 3.23507 90 0 -0 -29.7076 -11.0249 165.513 -72.1428 3.18056e-015 9.54167e-015 -16.089 27.4407 14.2017 90 3.18055e-015 -0 
108.193 88.2193 -100.359 -87.0119 -57.128 177.71 12.2019 -3.56139 -0.157073 8.56873 1.70754e-006 5.12264e-006 -5.12265e-006 1.70755e-006 -8.53773e-006 1.70748e-006 -8.53774e-006 -4.95189e-005 42.8043 13.714 -4.34856 -178.834 -9.51875 -82.9845 -13.7112 3.21581 55.4527 -52.0114 6.36111e-015 -3.18055e-015 15.0657 -60.4042 6.0944 -179.617 2.36938 80.8161 -16.6231 -6.76631 -59.8216 -45.1935 1.59028e-015 3.97569e-015 28.9303 70.8042 -20.2647 -14.3816 7.16161 -171.861 -28.282 0 -1.59028e-015 13.1282 3.14362 2.35425 90 -5.96354e-016 -3.18055e-015 -29.7256 -7.13868 164.503 -69.9528 3.18056e-015 3.18056e-015 -14.8959 28.2664 13.7544 90 0 3.18055e-015 
109.894 88.3201 -100.852 -86.9496 -58.5143 177.463 12.3572 -4.1479 0.0325189 8.53542 1.70754e-006 5.12264e-006 -5.12265e-006 1.70755e-006 -8.53773e-006 1.70748e-006 -8.53774e-006 -4.95189e-005 42.6252 13.824 -4.00033 -178.886 -9.38085 -83.198 -13.0083 2.04815 54.7602 -53.4365 -3.18055e-015 -9.54166e-015 13.1785 -62.3743 4.79712 -179.582 2.48454 80.4549 -15.8574 -7.30321 -59.9177 -45.1831 0 -1.59028e-015 29.2154 71.0873 -20.6406 -13.3659 6.30639 -170.878 -27.6716 3.18055e-015 7.95139e-016 13.5595 3.67537 1.09909 90 -6.95746e-016 3.18055e-015 -29.0665 -4.13138 163.346 -64.5883 6.36111e-015 -9.54167e-015 -13.6897 30.3296 12.7931 90 -3.18055e-015 9.93923e-016 
111.704 88.33 -101.25 -87.0333 -59.9386 177.221 12.5808 -4.56607 0.0803814 8.52784 1.70754e-006 5.12264e-006 -5.12265e-006 1.70755e-006 -8.53773e-006 1.70748e-006 -8.53774e-006 -4.95189e-005 42.4655 13.8855 -3.62932 -178.936 -9.3411 -83.47 -12.7537 0.833552 53.9687 -54.5808 0 -3.18055e-015 11.6532 -63.219 3.74971 -179.535 2.68635 80.1727 -15.4403 -7.85898 -60.06 -45.2135 3.18055e-015 -4.37326e-015 29.5319 70.827 -20.8996 -12.6369 5.32423 -169.93 -27.4245 0 -0 14.1242 4.05458 0.0495801 90 9.93923e-017 3.18055e-015 -27.7727 -2.1804 162.278 -56.6722 -1.27222e-014 -6.36111e-015 -12.7291 32.1572 12.0363 90 6.36111e-015 3.18055e-015 
113.663 88.2212 -101.574 -87.2602 -61.4158 177.114 12.7726 -4.92479 -0.228499 8.58949 1.70754e-006 5.12264e-006 -5.12265e-006 1.70755e-006 -8.53773e-006 1.70748e-006 -8.53774e-006 -4.95189e-005 42.3347 13.9168 -3.08876 -179.031 -9.28933 -84.0182 -12.5556 -0.334666 53.3298 -55.5478 3.18055e-015 3.18055e-015 11.1642 -63.3613 3.46991 -179.507 2.78901 79.9643 -15.1091 -8.41617 -60.3472 -45.328 0 -3.57812e-015 29.5049 70.912 -20.9246 -12.0777 4.25937 -169.1 -27.4073 0 -0 14.7969 4.37112 -1.05742 90 1.2921e-015 -6.36111e-015 -26.1186 -1.50425 161.198 -46.9141 0 3.18056e-015 -12.9483 31.787 12.3229 90 -3.18055e-015 -0 
115.778 87.9687 -101.847 -87.6422 -62.8512 177.171 12.9017 -5.20672 -0.932175 8.67755 1.70754e-006 5.12264e-006 -5.12265e-006 1.70755e-006 -8.53773e-006 1.70748e-006 -8.53774e-006 -4.95189e-005 42.2902 14.0305 -2.40103 -179.155 -9.21084 -84.7327 -12.3572 -1.2876 52.7502 -56.2608 9.54166e-015 3.18055e-015 10.4176 -63.5665 2.92824 -179.501 2.79629 79.8779 -14.8185 -8.90793 -60.7961 -45.5096 -3.18055e-015 6.75868e-015 29.5643 70.9695 -20.9767 -11.7409 3.69921 -168.269 -27.5098 3.18055e-015 -0 15.5281 5.1098 -2.47484 90 7.95139e-016 -3.18055e-015 -24.5927 -2.29 160.139 -36.2331 3.18056e-015 6.36111e-015 -13.7782 30.3032 14.3167 90 0 -3.18055e-015 
118.021 87.61 -102.073 -88.4704 -64.3197 177.049 12.9169 -5.47728 -1.80774 8.7182 1.70754e-006 5.12264e-006 -5.12265e-006 1.70755e-006 -8.53773e-006 1.70748e-006 -8.53774e-006 -4.95189e-005 42.4144 14.0827 -1.85921 -179.234 -9.11179 -85.1755 -12.2285 -1.99213 51.8624 -56.6276 0 -0 9.93853 -64.0311 2.68047 -179.481 2.8832 79.7907 -14.737 -9.25331 -61.1568 -45.6789 1.59028e-015 3.18055e-015 30.3543 70.6642 -21.6516 -11.5389 3.12427 -167.506 -27.4976 -6.36111e-015 -0 16.2147 5.76404 -4.17361 90 9.93923e-017 -3.18055e-015 -24.0984 -5.23764 159.26 -26.2888 6.36111e-015 4.77083e-015 -11.981 26.13 14.8498 90 3.18055e-015 -0 
120.436 87.1498 -102.263 -89.7117 -65.848 176.694 12.7945 -5.66835 -2.69581 8.77316 1.70754e-006 5.12264e-006 -5.12265e-006 1.70755e-006 -8.53773e-006 1.70748e-006 -8.53774e-006 -4.95189e-005 42.6388 14.0509 -1.49578 -179.263 -8.96064 -85.2799 -12.1766 -2.51981 50.6658 -56.5143 3.18055e-015 3.18055e-015 9.5968 -64.6431 2.49111 -179.467 2.96281 79.7984 -14.5507 -9.47282 -61.5199 -45.8866 -1.59028e-015 1.98785e-015 30.3313 70.3164 -21.7032 -11.6131 3.0158 -166.626 -27.4475 0 -2.38542e-015 16.8845 6.91583 -5.99944 90 -5.96354e-016 -3.18055e-015 -24.3449 -9.43297 158.815 -17.4456 3.18056e-015 -0 -11.1392 18.8797 16.9746 90 4.96962e-017 -0 
123.024 86.5996 -102.448 -90.9194 -67.3617 176.524 12.7916 -5.71524 -3.55243 8.80355 1.70754e-006 5.12264e-006 -5.12265e-006 1.70755e-006 -8.53773e-006 1.70748e-006 -8.53774e-006 -4.95189e-005 42.966 14.0841 -1.43415 -179.281 -8.7533 -85.2767 -11.9492 -3.04309 49.6078 -55.8501 0 -6.36111e-015 9.60111 -64.9544 2.6468 -179.471 2.99493 79.9659 -14.4092 -9.66031 -61.8676 -46.2141 -1.59028e-015 5.1684e-015 30.6118 69.9508 -21.871 -11.6019 2.44076 -165.944 -27.5523 -3.18055e-015 -1.59028e-015 17.6646 7.56719 -7.41593 90 0 -0 -23.7334 -10.8168 159.189 -10.4404 0 6.21202e-015 -10.5912 14.512 20.3629 90 -2.38542e-015 -1.27222e-014 
125.765 85.9172 -102.63 -92.3222 -68.899 176.125 12.8064 -5.75341 -4.02904 8.80484 1.70754e-006 5.12264e-006 -5.12265e-006 1.70755e-006 -8.53773e-006 1.70748e-006 -8.53774e-006 -4.95189e-005 43.3456 14.1637 -1.84761 -179.267 -8.60674 -85.1104 -11.3671 -3.52949 48.9345 -54.867 -9.54166e-015 3.18055e-015 8.83875 -65.1798 1.7914 -179.485 3.02309 80.3305 -14.4651 -9.76783 -62.0272 -46.7005 3.18055e-015 4.37326e-015 30.6949 70.1813 -22.0812 -11.7994 1.94922 -165.071 -27.8931 0 -4.77083e-015 18.567 8.25739 -8.86211 90 -9.93923e-017 -3.18055e-015 -23.3578 -11.1654 159.836 -6.51423 3.18056e-015 8.34896e-015 -9.16105 13.96 22.1769 90 -1.59028e-015 -0 
128.655 85.0994 -102.853 -93.5989 -70.4844 176.059 12.9112 -5.77631 -4.36307 8.79903 1.70754e-006 5.12264e-006 -5.12265e-006 1.70755e-006 -8.53773e-006 1.70748e-006 -8.53774e-006 -4.95189e-005 43.6999 14.3717 -2.82469 -179.203 -8.61383 -84.6959 -10.657 -3.91833 48.4251 -53.6195 -3.18055e-015 -3.18055e-015 8.12803 -65.5407 1.06008 -179.503 3.0372 80.7062 -14.5935 -9.83871 -61.8891 -47.3991 -5.96354e-016 -1.98785e-015 31.0864 69.9669 -22.5137 -11.8286 1.50351 -164.3 -28.0449 1.59028e-015 -2.78299e-015 19.3674 8.79771 -10.4856 90 8.94531e-016 -0 -23.9623 -11.1135 160.158 -6.83701 -6.36111e-015 -6.36111e-015 -7.43984 13.4975 22.2704 90 -1.59028e-015 -3.18055e-015 
131.641 84.1587 -103.146 -94.7915 -72.0554 176.342 13.0577 -5.65799 -4.4943 8.79283 1.70754e-006 5.12264e-006 -5.12265e-006 1.70755e-006 -8.53773e-006 1.70748e-006 -8.53774e-006 -4.95189e-005 44.1077 14.4618 -4.3985 -179.071 -8.82632 -83.9645 -10.0898 -4.10751 48.1099 -52.1393 3.18055e-015 -3.18055e-015 7.03705 -66.0707 -0.233385 -179.526 3.02628 81.101 -14.8008 -9.79312 -61.4346 -48.0172 6.95746e-016 -6.33626e-016 31.0724 70.4171 -22.6596 -11.6754 1.09563 -163.746 -28.0019 3.18055e-015 3.97569e-016 20.0701 9.13313 -12.064 90 -4.96962e-016 3.18055e-015 -24.426 -7.93796 159.773 -9.18643 6.36111e-015 1.98785e-015 -14.2231 10.6747 26.3483 90 -3.97569e-015 3.18055e-015 
134.48 83.6378 -103.258 -96.1732 -73.2412 175.191 13.9554 -5.15552 -2.56813 8.72998 1.70754e-006 5.12264e-006 -5.12265e-006 1.70755e-006 -8.53773e-006 1.70748e-006 -8.53774e-006 -4.95189e-005 43.9952 14.2162 -6.82224 -178.699 -9.60828 -82.2537 -9.1815 -4.92682 48.4393 -50.7944 9.54166e-015 -3.18055e-015 5.58845 -65.6943 -1.84821 -179.584 2.85594 81.7161 -15.5812 -8.91263 -60.1148 -47.5445 -1.98785e-015 5.56597e-015 30.3226 71.1518 -22.2635 -11.5944 0.374756 -162.379 -27.9622 0 -7.95139e-016 20.4213 8.52918 -11.5699 90 -7.95139e-016 -3.18055e-015 -28.5 -7.39735 160.53 -17.5216 0 2.78299e-015 -13.0387 12.647 19.3635 90 -1.19271e-015 6.36111e-015 
137.193 83.4483 -103.455 -96.0264 -73.3794 174.926 15.2 -4.03159 0.0152694 8.71097 1.70754e-006 5.12264e-006 -5.12265e-006 1.70755e-006 -8.53773e-006 1.70748e-006 -8.53774e-006 -4.95189e-005 44.0046 14.4672 -9.75612 -178.466 -10.0255 -81.2552 -6.19268 -4.93563 50.8782 -50.6927 -6.36111e-015 -3.18055e-015 4.18827 -65.2346 -3.684 -179.782 1.89072 83.4168 -16.0634 -7.50449 -59.2102 -46.531 0 1.59028e-015 30.2691 70.8842 -21.9048 -11.0608 1.29373 -160.479 -27.6573 0 -4.37326e-015 20.539 7.9776 -9.37298 90 1.19271e-015 -0 -31.0722 -7.04651 162.49 -23.8629 9.54167e-015 6.4605e-016 -10.2337 12.5127 11.8692 90 -1.98785e-016 6.36111e-015 
139.951 83.6526 -103.563 -98.6764 -74.0894 173.416 15.2607 -3.68536 0.576267 8.61896 1.70754e-006 5.12264e-006 -5.12265e-006 1.70755e-006 -8.53773e-006 1.70748e-006 -8.53774e-006 -4.95189e-005 44.8508 15.0571 -11.4551 -178.271 -10.3444 -80.4549 -4.37524 -3.82336 52.4706 -50.0584 3.18055e-015 -4.77083e-015 3.46969 -65.7694 -4.39922 -179.899 0.869562 83.3786 -15.8793 -6.55447 -57.1591 -45.8053 -3.18055e-015 -2.38542e-015 29.1325 71.0519 -20.3742 -10.4044 0.319314 -160.756 -26.216 3.18055e-015 1.59028e-015 18.3541 5.13672 -5.92476 90 7.95139e-016 3.18055e-015 -32.4343 -5.69194 163.176 -27.7506 -6.36111e-015 -3.18056e-015 -6.57598 15.2255 10.7361 90 -1.98785e-016 3.18055e-015 
142.677 84.3973 -103.686 -102.441 -76.1908 171.142 15.1617 -4.10976 0.807278 8.5656 1.70754e-006 5.12264e-006 -5.12265e-006 1.70755e-006 -8.53773e-006 1.70748e-006 -8.53774e-006 -4.95189e-005 45.4472 15.3226 -11.8641 -178.212 -10.3859 -80.1781 -4.15617 -2.43731 54.2335 -48.3382 -3.18055e-015 -0 4.76538 -66.1792 -3.29521 -179.849 1.19816 82.8384 -15.6133 -5.0095 -55.2271 -44.6976 0 1.59028e-015 24.9584 72.3793 -16.5881 -12.0395 -0.220979 -160.909 -26.5595 0 -7.95139e-016 13.2878 5.68307 -4.00378 90 4.72114e-016 3.18055e-015 -32.8365 -6.85784 162.705 -29.2421 3.18056e-015 1.78906e-015 -3.96876 16.3105 9.17013 90 -1.98785e-016 -6.36111e-015 
145.188 85.3995 -103.915 -106.61 -78.0715 168.2 14.8158 -4.22966 1.23075 8.54618 1.70754e-006 5.12264e-006 -5.12265e-006 1.70755e-006 -8.53773e-006 1.70748e-006 -8.53774e-006 -4.95189e-005 45.9297 15.7422 -12.3778 -178.405 -9.78068 -80.6846 -3.70141 -0.454356 56.9486 -46.9909 -3.18055e-015 6.36111e-015 9.92672 -64.5844 0.948407 -179.834 1.46412 83.4776 -13.8072 -3.43313 -54.9739 -44.7474 1.59028e-015 5.1684e-015 20.5522 73.9471 -11.8518 -13.6098 0.765866 -161.239 -26.0648 -3.18055e-015 3.57812e-015 7.60912 6.03409 -0.700663 90 7.95139e-016 1.59028e-015 -31.9573 -7.53813 162.713 -28.7853 0 -3.18056e-015 -2.68465 17.8208 8.07207 90 0 -3.18055e-015 
147.488 86.3794 -104.253 -109.115 -79.4366 166.554 14.6204 -4.20972 1.60462 8.54681 1.70754e-006 5.12264e-006 -5.12265e-006 1.70755e-006 -8.53773e-006 1.70748e-006 -8.53774e-006 -4.95189e-005 45.8222 16.5658 -12.8717 -178.492 -9.52111 -80.9593 -4.01788 2.09207 59.1109 -46.7595 -3.18055e-015 -1.59028e-015 14.6714 -61.7543 5.18623 -179.84 1.48626 83.849 -12.438 -2.77643 -54.1823 -45.6359 0 -1.59028e-015 18.2983 75.794 -9.72225 -13.6331 0.947282 -161.757 -26.7891 -7.95139e-016 1.39149e-015 3.69083 6.57709 1.20392 90 1.59028e-015 1.59028e-015 -30.3485 -8.80213 163.04 -27.1693 -6.36111e-015 2.5842e-015 -1.85669 18.5224 6.77923 90 2.98177e-016 -0 
149.55 87.2566 -104.593 -110.464 -80.0612 165.991 14.3281 -3.88106 1.61835 8.55114 1.70754e-006 5.12264e-006 -5.12265e-006 1.70755e-006 -8.53773e-006 1.70748e-006 -8.53774e-006 -4.95189e-005 45.6494 17.752 -13.7457 -178.506 -9.49452 -81.0124 -5.19289 4.86148 60.6842 -47.1058 3.18055e-015 -5.56597e-015 17.7969 -59.7281 8.33751 -179.821 1.62103 83.7114 -12.1629 -2.58931 -52.6291 -46.5532 6.36111e-015 -3.97569e-016 18.7058 77.1145 -11.001 -13.2209 0.783983 -162.406 -30.027 -2.38542e-015 -1.98785e-015 1.23507 8.55005 2.31509 90 -7.95139e-016 1.59028e-015 -28.5911 -9.3211 163.726 -25.2571 0 -5.96354e-016 -1.44931 19.2578 5.63318 90 -1.98785e-016 -0 
151.356 87.9988 -104.904 -112.07 -80.5031 165.22 13.8301 -3.56936 1.44721 8.54016 1.70754e-006 5.12264e-006 -5.12265e-006 1.70755e-006 -8.53773e-006 1.70748e-006 -8.53774e-006 -4.95189e-005 45.7089 18.9314 -14.7201 -178.509 -9.64612 -81.1708 -7.2731 7.64889 62.0399 -48.0101 -3.18055e-015 6.36111e-015 20.7851 -58.3881 11.2619 -179.797 1.85762 83.7697 -12.0372 -2.32192 -51.4337 -47.4053 3.18055e-015 4.77083e-015 20.296 77.1875 -12.7418 -13.3028 1.51583 -162.826 -34.2426 7.95139e-016 -3.97569e-016 -3.38463 9.68606 3.78478 90 7.95139e-016 -4.77083e-015 -27.2253 -10.4241 164.036 -23.2964 6.36111e-015 1.19271e-015 -1.11051 18.9558 4.43141 90 2.98177e-016 -6.36111e-015 
153.075 88.563 -105.214 -114.063 -81.5672 163.698 13.4702 -3.5263 1.70971 8.43855 1.70754e-006 5.12264e-006 -5.12265e-006 1.70755e-006 -8.53773e-006 1.70748e-006 -8.53774e-006 -4.95189e-005 45.883 19.8038 -15.4822 -178.53 -9.61934 -81.2691 -9.46133 10.1346 62.949 -49.745 -6.36111e-015 7.95139e-015 23.6648 -56.3048 13.9522 -179.777 2.09619 83.9148 -11.4535 -1.9919 -50.5919 -48.1282 0 3.18055e-015 21.9219 76.9952 -14.449 -14.5589 1.42734 -162.362 -41.8885 7.95139e-016 -5.56597e-015 -4.88216 6.93479 5.05717 90 -7.95139e-015 -0 -25.7639 -12.4856 164.306 -21.3601 -9.54167e-015 -1.59028e-015 -0.565853 18.4298 3.21129 90 9.93923e-017 -3.18055e-015 
154.61 88.9467 -105.465 -118.137 -82.7576 160.076 12.9691 -3.38551 2.01477 8.31721 1.70754e-006 5.12264e-006 -5.12265e-006 1.70755e-006 -8.53773e-006 1.70748e-006 -8.53774e-006 -4.95189e-005 46.0548 20.5288 -16.1807 -178.511 -9.52419 -81.0722 -11.3453 12.0236 63.225 -52.1947 6.36111e-015 -7.95139e-015 26.0067 -53.8373 16.1903 -179.74 2.37584 83.749 -10.8184 -1.73923 -49.4888 -48.6203 -1.59028e-015 3.97569e-015 22.6472 77.2987 -15.3374 -16.279 1.10365 -161.72 -50.1566 -1.78906e-015 -4.17448e-015 -5.7032 5.9186 6.00838 90 7.95139e-016 -4.77083e-015 -24.8415 -14.2369 164.48 -20.185 0 1.98785e-016 0.164892 18.2815 2.19126 90 0 -9.54166e-015 
155.916 89.2554 -105.638 -121.887 -83.6956 157.135 12.7481 -3.05912 1.85119 8.19268 1.70754e-006 5.12264e-006 -5.12265e-006 1.70755e-006 -8.53773e-006 1.70748e-006 -8.53774e-006 -4.95189e-005 46.0178 21.1958 -17.0727 -178.419 -9.62879 -80.6292 -12.5793 12.9511 62.9576 -54.7196 6.36111e-015 -0 26.0817 -53.3429 16.4463 -179.731 2.35844 83.5023 -10.0197 -1.34908 -48.4679 -48.8739 4.77083e-015 1.59028e-015 20.9032 77.517 -13.6885 -17.6677 0.611021 -161.893 -57.9835 3.8266e-015 -2.26118e-015 -6.39916 5.76668 5.65734 90 2.38542e-015 -3.18055e-015 -24.2874 -14.801 164.362 -19.7889 0 1.19271e-015 0.899211 18.7504 1.44654 90 9.93923e-017 -6.36111e-015 
157.002 89.4846 -105.707 -126.63 -84.4874 153.211 12.6272 -2.54524 1.70554 8.10931 1.70754e-006 5.12264e-006 -5.12265e-006 1.70755e-006 -8.53773e-006 1.70748e-006 -8.53774e-006 -4.95189e-005 45.788 21.2946 -17.7904 -178.365 -9.67473 -80.3621 -12.767 12.8086 62.7653 -57.0021 0 -1.59028e-015 24.1921 -52.132 14.5462 -179.76 2.12228 83.5374 -9.12338 -0.839524 -47.8167 -48.7783 0 2.38542e-015 19.8255 77.7541 -12.671 -19.2447 0.647091 -162.295 -65.1371 -9.93923e-016 1.19271e-015 -7.23162 5.32485 5.09569 90 -1.59028e-015 1.59028e-015 -23.8745 -14.9355 164.2 -19.4648 -6.36111e-015 3.97569e-016 1.53977 19.3906 0.826963 90 9.93923e-017 3.18055e-015 
158.019 89.7036 -105.74 -135.931 -85.4956 144.513 12.5037 -2.28326 1.76546 7.96093 1.70754e-006 5.12264e-006 -5.12265e-006 1.70755e-006 -8.53773e-006 1.70748e-006 -8.53774e-006 -4.95189e-005 45.6758 20.8726 -18.127 -178.339 -9.57196 -80.1098 -12.4643 12.089 62.3589 -58.6089 9.54166e-015 1.59028e-015 21.9269 -51.8789 12.6978 -179.782 1.81825 83.1507 -8.58403 -0.585629 -46.8809 -48.2588 -1.59028e-015 1.59028e-015 19.213 78.1504 -12.0435 -20.9232 0.604755 -162.869 -71.2519 1.98785e-016 -2.38542e-015 -8.8183 4.36969 4.17433 90 3.97569e-016 -1.98785e-015 -23.2534 -15.6314 164.108 -18.6194 0 5.96354e-016 2.00374 19.8091 0.217979 90 1.49089e-016 -1.27222e-014 
158.888 89.8942 -105.744 -150.386 -86.2575 130.653 12.3558 -2.22596 1.69642 7.76656 1.70754e-006 5.12264e-006 -5.12265e-006 1.70755e-006 -8.53773e-006 1.70748e-006 -8.53774e-006 -4.95189e-005 45.461 20.5614 -18.1485 -178.346 -9.44347 -80.0157 -11.8274 11.0797 62.0896 -59.7834 -1.27222e-014 1.59028e-015 20.3808 -54.7044 11.982 -179.782 1.71953 82.76 -8.81549 -0.237644 -46.1618 -47.1517 -3.18055e-015 2.38542e-015 18.9456 78.3135 -11.8707 -22.9753 1.81036 -163.074 -76.2878 -5.56597e-015 -0 -10.6522 3.84796 3.70806 90 -2.43511e-015 -6.1499e-015 -22.9223 -16.4312 163.886 -17.9433 0 7.95139e-016 2.39707 20.0266 -0.319235 90 0 -0 
159.689 90.068 -105.765 -167.573 -86.6765 114.007 12.2375 -2.23368 1.4924 7.62331 1.70754e-006 5.12264e-006 -5.12265e-006 1.70755e-006 -8.53773e-006 1.70748e-006 -8.53774e-006 -4.95189e-005 45.1222 20.5822 -17.9376 -178.413 -9.18445 -80.1546 -11.1829 10.1608 61.9281 -60.9004 -6.36111e-015 4.77083e-015 19.4064 -57.8034 11.6655 -179.788 1.63444 82.6161 -9.02273 0.19119 -46.1644 -46.3019 0 -1.59028e-015 19.8113 77.6666 -12.3892 -25.0302 4.19027 -162.626 -80.0145 -5.56597e-015 1.59028e-015 -12.28 4.31384 2.88768 90 7.95139e-016 9.54166e-015 -22.5662 -17.1614 163.722 -17.248 6.36111e-015 2.98177e-016 2.71457 20.1835 -0.818011 90 7.45443e-017 -1.59028e-014 
160.456 90.2265 -105.847 170.469 -86.7784 92.4594 12.1298 -2.67195 1.31067 7.43648 1.70754e-006 5.12264e-006 -5.12265e-006 1.70755e-006 -8.53773e-006 1.70748e-006 -8.53774e-006 -4.95189e-005 44.9826 20.7352 -17.7305 -178.494 -8.90459 -80.3597 -10.809 9.50017 61.6219 -61.8765 -3.18055e-015 1.59028e-015 17.8845 -58.975 10.4186 -179.798 1.51755 82.426 -9.22092 0.457742 -46.4948 -45.9691 0 1.59028e-015 19.2247 77.4849 -11.598 -27.0703 7.12773 -161.556 -82.5854 -1.59028e-015 -1.59028e-015 -13.6704 4.93126 1.70284 90 -1.59028e-015 -3.57812e-015 -22.0093 -18.1505 163.643 -16.324 -3.18056e-015 -1.49089e-015 3.00575 20.2625 -1.29219 90 -2.48481e-017 -0 
161.136 90.3852 -105.981 148.341 -86.3664 70.8447 11.961 -3.56661 0.945007 7.29257 1.70754e-006 5.12264e-006 -5.12265e-006 1.70755e-006 -8.53773e-006 1.70748e-006 -8.53774e-006 -4.95189e-005 44.8914 20.9724 -17.5297 -178.56 -8.6264 -80.4855 -10.6671 9.041 61.0449 -62.6716 1.59028e-015 1.11319e-014 17.0735 -58.6457 9.76825 -179.757 1.76978 82.1871 -9.704 0.804111 -47.1448 -46.0778 -1.59028e-015 -0 19.8579 77.1576 -12.1732 -28.8842 9.9206 -160.599 -84.1222 -1.43125e-014 -3.18055e-015 -14.8298 5.99536 0.216185 90 0 -3.97569e-015 -21.6588 -18.4831 163.428 -16.0131 6.36111e-015 -3.97569e-016 3.36624 21.2073 -1.5857 90 0 3.18055e-015 
161.702 90.5274 -106.129 132.234 -85.5732 55.245 11.8392 -4.27822 0.679459 7.20928 1.70754e-006 5.12264e-006 -5.12265e-006 1.70755e-006 -8.53773e-006 1.70748e-006 -8.53774e-006 -4.95189e-005 44.7588 20.9494 -17.4064 -178.64 -8.27885 -80.6374 -11.0942 8.53415 60.4726 -62.8695 -3.18055e-015 4.77083e-015 17.2887 -58.496 9.88491 -179.702 2.14212 82.0772 -9.63022 0.912435 -48.0822 -47.0288 6.36111e-015 -4.77083e-015 20.2544 77.1089 -12.5815 -30.4638 12.2817 -160.006 -85.2489 0 3.18055e-015 -14.8956 6.82302 -0.821975 90 3.18055e-015 -7.95139e-015 -21.3219 -18.3527 163.215 -15.9334 0 7.95139e-016 3.70594 22.645 -1.76963 90 -2.48481e-017 -3.18055e-015 
162.179 90.6107 -106.287 121.065 -84.5449 44.3313 11.8681 -4.73187 0.853317 7.15974 1.70754e-006 5.12264e-006 -5.12265e-006 1.70755e-006 -8.53773e-006 1.70748e-006 -8.53774e-006 -4.95189e-005 44.5198 20.5516 -17.4168 -178.722 -7.96643 -80.8556 -11.7382 7.92819 60.1369 -62.8637 -4.77083e-015 -4.77083e-015 17.994 -58.2085 10.5183 -179.66 2.43696 82.0571 -9.27594 0.565698 -48.9424 -48.3699 -1.59028e-015 -1.59028e-015 19.9877 77.5956 -12.5497 -31.8046 13.3844 -160.072 -86.5227 0 -0 -14.3121 7.38974 -1.46104 90 9.54166e-015 -2.38542e-015 -20.9325 -18.0944 163.193 -16.1643 6.36111e-015 1.98785e-016 4.16115 23.7436 -1.86056 90 -2.48481e-017 3.18055e-015 
162.562 90.6172 -106.406 113.933 -83.3376 37.2119 11.978 -4.90937 1.39847 7.14038 1.70754e-006 5.12264e-006 -5.12265e-006 1.70755e-006 -8.53773e-006 1.70748e-006 -8.53774e-006 -4.95189e-005 44.1669 20.03 -17.3977 -178.833 -7.55856 -81.1911 -12.0435 7.31187 60.1814 -63.1513 3.18055e-015 4.77083e-015 18.5296 -57.6353 10.8806 -179.633 2.60713 81.9697 -9.02935 -0.167652 -49.378 -49.4896 0 -3.18055e-015 20.8227 77.7045 -13.6528 -33.0068 13.1826 -161.071 -87.9881 -3.18055e-015 3.18055e-015 -14.1419 7.738 -1.15385 90 -9.54166e-015 7.95139e-016 -20.692 -18.1372 163.289 -16.5279 0 5.96354e-016 4.7052 24.2584 -1.9618 90 2.48481e-017 3.18055e-015 
162.824 90.585 -106.533 109.824 -82.3622 33.0509 12.2131 -4.66938 2.01998 7.21948 1.70754e-006 5.12264e-006 -5.12265e-006 1.70755e-006 -8.53773e-006 1.70748e-006 -8.53774e-006 -4.95189e-005 43.6269 19.4413 -17.3485 -178.888 -7.32744 -81.345 -12.3979 6.86646 60.1535 -63.7355 -6.36111e-015 -1.59028e-015 18.1004 -57.6907 10.4107 -179.63 2.61565 81.9384 -9.07741 -0.989097 -49.5638 -50.0044 -3.18055e-015 -4.77083e-015 22.5046 77.592 -15.3266 -33.9443 12.6046 -162.789 -89.5044 -4.77083e-015 -0 -13.5373 7.76225 -0.723061 90 0 7.95139e-016 -20.3999 -18.4197 163.399 -16.6315 6.36111e-015 5.96354e-016 5.21606 24.4871 -2.09771 90 7.45443e-017 -6.36111e-015 
162.955 90.5785 -106.667 108.254 -81.723 31.4401 12.4954 -4.10893 2.54285 7.29639 1.70754e-006 5.12264e-006 -5.12265e-006 1.70755e-006 -8.53773e-006 1.70748e-006 -8.53774e-006 -4.95189e-005 43.2251 18.823 -17.3725 -178.875 -7.37781 -81.3062 -12.7678 6.61219 60.0791 -64.4364 -7.95139e-015 1.59028e-015 17.4226 -58.0709 9.98896 -179.642 2.49737 81.8478 -9.61958 -1.80398 -49.4074 -49.7676 3.18055e-015 -4.77083e-015 24.476 77.254 -17.2186 -34.8848 12.3075 -165.188 -90.973 4.77083e-015 -3.18055e-015 -11.799 7.7739 -0.144134 90 0 -1.59028e-015 -20.169 -18.5683 163.506 -16.5561 4.77083e-015 -1.98785e-016 5.50225 24.9372 -2.16714 90 -1.2424e-017 6.36111e-015 
163.017 90.5667 -106.834 107.138 -81.2061 30.2421 12.82 -3.42546 3.02588 7.41432 1.70754e-006 5.12264e-006 -5.12265e-006 1.70755e-006 -8.53773e-006 1.70748e-006 -8.53774e-006 -4.95189e-005 42.8719 18.1767 -17.4585 -178.869 -7.40518 -81.2922 -12.8996 6.58826 60.1265 -65.2255 0 -1.59028e-015 17.1631 -58.2466 9.91754 -179.656 2.43289 81.9437 -10.3861 -2.38391 -49.4319 -49.0404 6.36111e-015 -1.59028e-015 24.7583 76.7578 -17.4708 -35.9429 12.259 -168.044 -91.8454 -3.18055e-015 -3.18055e-015 -10.6667 8.56075 -0.484186 90 3.18055e-015 7.95139e-016 -19.7696 -18.209 163.752 -16.4318 1.59028e-015 5.96354e-016 5.71411 26.0291 -2.18214 90 -2.48481e-017 -0 
163.042 90.5565 -107.097 105.906 -80.7351 28.8689 13.1387 -2.6848 3.5038 7.5531 1.70754e-006 5.12264e-006 -5.12265e-006 1.70755e-006 -8.53773e-006 1.70748e-006 -8.53774e-006 -4.95189e-005 42.7485 17.6679 -17.633 -178.865 -7.44852 -81.31 -13.1941 6.87605 60.1786 -65.7574 1.59028e-015 7.95139e-016 17.0688 -58.2984 9.88447 -179.682 2.28446 82.0699 -10.8046 -2.87775 -49.5484 -48.5043 6.36111e-015 -1.59028e-015 25.2283 76.1167 -17.7117 -37.052 12.7078 -170.939 -91.7032 -1.59028e-015 3.18055e-015 -8.90764 10.0298 -1.42203 90 3.18055e-015 -0 -19.3246 -18.5033 163.918 -16.1394 0 -5.96354e-016 5.94331 26.5195 -2.19794 90 0 3.18055e-015 
163.051 90.5341 -107.481 105.25 -80.5156 27.9277 13.4342 -1.65681 3.98435 7.67233 1.70754e-006 5.12264e-006 -5.12265e-006 1.70755e-006 -8.53773e-006 1.70748e-006 -8.53774e-006 -4.95189e-005 42.8941 17.2401 -17.9014 -178.84 -7.55969 -81.2461 -13.6852 7.34759 60.1372 -65.8286 0 -1.59028e-015 17.2046 -58.1357 10.0151 -179.696 2.19366 82.0985 -11.0453 -3.34382 -49.5814 -48.2415 6.36111e-015 -0 25.14 75.864 -17.4633 -37.9959 13.8736 -173.291 -90.0057 -4.77083e-015 -0 -6.93336 12.4353 -2.50034 90 6.36111e-015 -0 -19.026 -19.0566 164.112 -16.1699 1.59028e-015 7.95139e-016 6.23392 26.4229 -2.13059 90 0 -3.18055e-015 
163.05 90.4929 -107.952 105.577 -80.5254 27.8069 13.6551 -0.590024 4.43304 7.78163 1.70754e-006 5.12264e-006 -5.12265e-006 1.70755e-006 -8.53773e-006 1.70748e-006 -8.53774e-006 -4.95189e-005 43.0861 17.0702 -18.4043 -178.782 -7.78213 -81.0753 -13.8971 7.99885 60.0522 -65.8968 7.95139e-015 -6.36111e-015 17.872 -57.5533 10.5236 -179.71 2.08972 82.1111 -11.3066 -3.65589 -49.6008 -48.0922 3.18055e-015 3.18055e-015 25.8871 75.8986 -18.26 -38.713 15.6833 -174.971 -86.4754 0 -6.36111e-015 -5.11547 13.7704 -3.51586 90 -3.18055e-015 -1.59028e-015 -18.5752 -19.2836 164.61 -16.1425 0 3.97569e-016 6.52652 26.5599 -2.06059 90 1.94126e-019 -6.36111e-015 
163.06 90.4033 -108.545 105.741 -80.6577 27.316 13.8967 0.355571 4.9605 7.92407 1.70754e-006 5.12264e-006 -5.12265e-006 1.70755e-006 -8.53773e-006 1.70748e-006 -8.53774e-006 -4.95189e-005 43.2054 16.9303 -19.1441 -178.694 -8.09483 -80.8012 -13.9492 8.8444 59.8865 -66.0536 0 7.95139e-016 18.1509 -57.1004 10.6696 -179.739 1.92261 82.2649 -11.4213 -3.72638 -49.8411 -48.0999 3.18055e-015 -1.59028e-015 26.1642 75.807 -18.5878 -38.9507 17.7523 -176.095 -81.1306 -9.54166e-015 -3.18055e-015 -3.7106 14.4961 -4.00635 90 0 -4.77083e-015 -18.0541 -19.758 165.266 -16.3055 -3.18056e-015 -3.97569e-016 6.99163 26.4254 -1.98262 90 2.42657e-020 -0 
163.071 90.2604 -109.263 105.941 -80.7835 26.7257 14.0304 1.19309 5.50728 8.03961 1.70754e-006 5.12264e-006 -5.12265e-006 1.70755e-006 -8.53773e-006 1.70748e-006 -8.53774e-006 -4.95189e-005 43.43 16.837 -19.9152 -178.597 -8.43555 -80.5218 -14.0002 9.74176 59.7793 -65.9728 -1.59028e-015 5.56597e-015 18.086 -57.1681 10.7118 -179.766 1.75369 82.4103 -11.4399 -3.75312 -50.0899 -48.1976 0 -1.59028e-015 26.3584 75.9501 -18.8535 -38.6668 19.9095 -176.85 -74.0508 -3.18055e-015 -4.77083e-015 -3.02191 14.3912 -4.0199 90 -4.77083e-015 -0 -17.5138 -20.0707 166.054 -16.7981 0 -5.96354e-016 7.692 26.4301 -1.86884 90 -1.81993e-020 9.54166e-015 
163.067 90.0846 -110.174 106.105 -80.988 26.0272 13.9772 1.89446 5.93166 8.16919 1.70754e-006 5.12264e-006 -5.12265e-006 1.70755e-006 -8.53773e-006 1.70748e-006 -8.53774e-006 -4.95189e-005 43.89 16.8067 -20.4333 -178.488 -8.84779 -80.2612 -13.9688 10.529 59.8311 -65.5057 -1.59028e-015 -3.18055e-015 18.3478 -56.9702 11.0555 -179.778 1.66667 82.4242 -11.7047 -3.81852 -50.2158 -48.1232 0 -0 26.6713 76.0104 -19.1895 -37.6099 22.0782 -177.348 -65.2318 6.36111e-015 4.77083e-015 -3.23192 14.2477 -3.80498 90 1.59028e-015 3.18055e-015 -16.806 -20.1746 166.966 -17.4614 3.18056e-015 9.93923e-016 8.58836 26.5346 -1.71593 90 -1.81993e-020 -1.27222e-014 
163.072 89.853 -111.293 105.794 -81.2703 24.5407 13.8256 2.41177 6.5045 8.275 1.70754e-006 5.12264e-006 -5.12265e-006 1.70755e-006 -8.53773e-006 1.70748e-006 -8.53774e-006 -4.95189e-005 44.3746 16.826 -20.8212 -178.407 -9.19862 -80.1284 -13.7398 11.2313 60.1956 -64.7328 -6.36111e-015 -2.38542e-015 18.7292 -56.8273 11.25 -179.789 1.62647 82.6278 -12.0778 -3.85114 -50.5585 -47.9865 9.54166e-015 1.59028e-015 27.2272 75.7527 -19.6237 -35.8845 23.8142 -177.489 -55.0541 6.36111e-015 6.36111e-015 -4.31717 12.8794 -2.58633 90 0 3.18055e-015 -15.7384 -20.4004 168.238 -18.0922 0 -3.97569e-016 9.59076 26.5867 -1.53916 90 -6.06643e-021 3.18055e-015 
163.078 89.5357 -112.628 104.285 -81.5033 21.618 13.5724 2.67289 7.20138 8.43337 1.70754e-006 5.12264e-006 -5.12265e-006 1.70755e-006 -8.53773e-006 1.70748e-006 -8.53774e-006 -4.95189e-005 44.79 16.9178 -21.1573 -178.352 -9.48293 -80.0954 -13.5533 11.9161 60.6999 -63.7189 -3.18055e-015 2.38542e-015 18.9554 -56.4974 11.269 -179.795 1.65851 82.9557 -12.3613 -3.97598 -51.0742 -48.1231 -6.36111e-015 1.59028e-015 27.3678 75.7587 -19.7701 -33.4029 24.8506 -177.568 -43.7705 6.36111e-015 -0 -5.87364 12.0084 -0.128153 90 3.18055e-015 -3.18055e-015 -14.4102 -20.7584 169.712 -18.9916 -1.59028e-015 3.97569e-016 10.8675 26.64 -1.30916 90 -6.06643e-021 9.54166e-015 
163.076 89.1163 -114.18 102.066 -81.7623 17.6474 13.2147 2.91926 8.15497 8.57256 1.70754e-006 5.12264e-006 -5.12265e-006 1.70755e-006 -8.53773e-006 1.70748e-006 -8.53774e-006 -4.95189e-005 45.1942 16.9863 -21.5129 -178.292 -9.73713 -79.9999 -13.7458 12.6015 61.1146 -62.4676 1.59028e-015 -5.56597e-015 19.2951 -56.3067 11.4771 -179.789 1.81291 83.3643 -12.5277 -4.23339 -51.6343 -48.4416 6.36111e-015 1.59028e-015 27.3936 75.9048 -19.8398 -30.6713 25.0783 -177.302 -32.497 0 -5.96354e-016 -8.19029 11.3253 2.23907 90 3.97569e-016 6.36111e-015 -12.7623 -21.2137 171.526 -20.0382 1.59028e-015 -3.97569e-016 12.3476 26.5814 -1.01479 90 -1.81993e-020 -6.36111e-015 
163.015 88.6269 -115.878 100.704 -82.1913 14.5789 12.5921 3.1662 8.83541 8.71356 1.70754e-006 5.12264e-006 -5.12265e-006 1.70755e-006 -8.53773e-006 1.70748e-006 -8.53774e-006 -4.95189e-005 45.6862 17.1483 -21.7804 -178.215 -9.99131 -79.8165 -14.0657 13.2185 61.3551 -61.1056 -3.18055e-015 1.98785e-015 20.0295 -55.8369 11.9599 -179.789 1.88205 83.5913 -12.7069 -4.6956 -51.9818 -48.6426 -6.36111e-015 1.59028e-015 27.9795 76.0183 -20.5221 -28.2812 25.7209 -176.789 -22.9506 -6.36111e-015 -7.95139e-016 -9.65245 8.62581 6.42896 90 0 3.18055e-015 -11.1742 -20.649 173.438 -21.3631 0 1.19271e-015 14.0303 27.2752 -0.711512 90 -1.81993e-020 -6.36111e-015 
162.881 88.0846 -117.74 99.2853 -82.7336 11.5526 11.9128 3.14146 9.15662 8.79251 1.70754e-006 5.12264e-006 -5.12265e-006 1.70755e-006 -8.53773e-006 1.70748e-006 -8.53774e-006 -4.95189e-005 46.4199 17.6789 -22.1017 -178.09 -10.4082 -79.5396 -14.3158 13.6428 61.4826 -59.5645 3.18055e-015 3.97569e-016 20.5416 -55.4853 12.233 -179.78 1.9477 83.5599 -13.2557 -5.16802 -52.0461 -48.4117 -3.18055e-015 -3.18055e-015 28.6084 75.9413 -21.152 -26.3752 26.6807 -175.664 -15.4532 -6.36111e-015 7.95139e-016 -11.45 5.29228 5.87817 90 0 -3.18055e-015 -9.61164 -19.7991 175.22 -22.8005 1.59028e-015 1.19271e-015 15.8337 28.0924 -0.353073 90 -6.06643e-021 -3.18055e-015 
162.642 87.5419 -119.661 96.9783 -82.8318 8.24731 11.3926 2.60989 8.69961 8.7121 1.70754e-006 5.12264e-006 -5.12265e-006 1.70755e-006 -8.53773e-006 1.70748e-006 -8.53774e-006 -4.95189e-005 47.0806 18.162 -22.1739 -177.999 -10.4708 -79.1159 -14.1747 13.799 61.2757 -57.8481 1.59028e-015 -1.59028e-015 20.5956 -55.4914 12.1953 -179.75 2.09128 83.1839 -13.4735 -5.44511 -51.982 -48.0113 0 -0 28.8934 75.6247 -21.3629 -25.1512 27.6857 -175.254 -12.5582 0 -7.95139e-016 -11.3556 4.90473 10.0508 90 -3.97569e-016 3.18055e-015 -8.34725 -19.194 176.189 -24.4553 -1.59028e-015 -7.95139e-016 17.7888 28.9081 0.0947996 90 -6.06643e-021 3.18055e-015 
162.355 86.8993 -121.783 91.9505 -82.717 2.1025 11.0315 2.04702 8.35469 8.74074 1.70754e-006 5.12264e-006 -5.12265e-006 1.70755e-006 -8.53773e-006 1.70748e-006 -8.53774e-006 -4.95189e-005 47.4297 18.4559 -22.2239 -177.956 -10.4503 -78.866 -14.1466 13.594 61.1522 -55.8446 7.95139e-016 2.38542e-015 20.7458 -55.5938 12.2601 -179.727 2.2783 83.1673 -13.1636 -5.65514 -52.4063 -47.6348 3.18055e-015 -0 28.5325 75.924 -20.9838 -25.5487 26.2792 -173.738 -16.0503 0 -0 -9.11369 4.92524 8.46166 90 -7.95139e-016 6.36111e-015 -6.52274 -18.6144 177.34 -26.0472 1.59028e-015 -0 19.8736 29.9872 0.562408 90 -2.42657e-020 -0 
161.92 86.3874 -123.825 88.7604 -82.4704 -1.27496 10.7331 1.56694 6.90207 8.66252 1.70754e-006 5.12264e-006 -5.12265e-006 1.70755e-006 -8.53773e-006 1.70748e-006 -8.53774e-006 -4.95189e-005 47.6469 18.6952 -22.0219 -177.886 -10.4541 -78.4983 -14.2849 12.7585 60.6199 -53.4889 4.77083e-015 -1.19271e-015 20.791 -55.4917 12.047 -179.689 2.48534 82.8638 -12.3993 -5.65309 -52.8023 -46.9004 0 3.18055e-015 27.6041 76.2567 -20.0804 -25.3679 22.9291 -173.591 -20.3355 9.54166e-015 -2.78299e-015 -3.27388 2.71295 7.23229 90 8.94531e-016 -3.18055e-015 -5.14997 -17.6756 177.542 -27.3497 1.59028e-015 7.95139e-016 21.7332 31.5334 1.03414 90 -3.03321e-020 -1.27222e-014 
161.339 86.0319 -125.726 87.1838 -82.115 -2.08404 10.5376 1.2157 4.42155 8.57666 1.70754e-006 5.12264e-006 -5.12265e-006 1.70755e-006 -8.53773e-006 1.70748e-006 -8.53774e-006 -4.95189e-005 47.7792 18.8681 -21.6641 -177.826 -10.4398 -78.1663 -14.1486 11.1396 59.9069 -51.0765 4.77083e-015 -4.77083e-015 20.7421 -55.4813 11.6046 -179.658 2.63886 82.6125 -11.3756 -5.42475 -53.4964 -45.6764 6.36111e-015 1.59028e-015 26.0715 76.6042 -18.4831 -25.6515 21.4652 -174.04 -24.5716 0 -1.39149e-015 0.051546 1.47461 5.89456 90 2.98177e-016 -6.36111e-015 -4.46535 -16.0523 176.736 -28.9591 1.59028e-015 3.97569e-016 23.2954 33.5136 1.69125 90 -4.96962e-017 6.36111e-015 
160.826 85.8716 -127.613 84.4509 -81.2415 -4.32891 10.7209 0.6782 2.46479 8.60129 1.70754e-006 5.12264e-006 -5.12265e-006 1.70755e-006 -8.53773e-006 1.70748e-006 -8.53774e-006 -4.95189e-005 47.8957 18.6472 -21.6003 -177.822 -10.2791 -77.9688 -13.2647 9.00891 59.3885 -49.1653 1.59028e-015 -3.18055e-015 20.1928 -55.7306 10.5984 -179.665 2.6473 82.7825 -10.2927 -5.17057 -54.6683 -44.1911 -9.54166e-015 -3.18055e-015 24.6642 77.1409 -16.825 -25.0909 19.9246 -174.56 -27.4801 6.36111e-015 3.8763e-015 2.68206 1.36275 5.2344 90 -2.98177e-016 -0 -4.8396 -14.8936 175.808 -33.11 -7.95139e-016 -3.97569e-016 23.5467 35.3586 3.20653 90 0 -3.18055e-015 
160.246 85.8368 -129.429 83.8488 -80.4378 -5.07094 10.5896 0.294098 1.49009 8.69484 1.70754e-006 5.12264e-006 -5.12265e-006 1.70755e-006 -8.53773e-006 1.70748e-006 -8.53774e-006 -4.95189e-005 48.3043 18.3448 -21.9116 -177.789 -10.2554 -77.7657 -11.9456 6.88598 59.2808 -48.1542 2.78299e-015 -4.27387e-015 18.8968 -56.3403 9.13323 -179.687 2.5995 83.1323 -9.90468 -5.39526 -55.4808 -42.6483 0 3.18055e-015 24.7896 77.3279 -16.7131 -24.5452 19.2044 -174.562 -29.3327 6.36111e-015 -0 4.84241 1.50663 4.36011 90 0 -0 -6.42416 -14.6104 174.938 -38.6738 7.95139e-016 -0 21.9636 36.5984 5.46269 90 -1.59028e-015 6.36111e-015 
159.672 85.9333 -131.109 84.8366 -79.6783 -4.11273 10.2805 -0.0993838 0.412665 8.73419 1.70754e-006 5.12264e-006 -5.12265e-006 1.70755e-006 -8.53773e-006 1.70748e-006 -8.53774e-006 -4.95189e-005 48.8798 18.4904 -22.0292 -177.803 -10.4174 -78.0227 -10.9989 5.22563 59.5233 -47.9922 -1.98785e-015 -4.96962e-016 17.1089 -57.6222 7.53871 -179.677 2.63822 83.0278 -10.2655 -5.91576 -55.6557 -41.2915 -9.54166e-015 -0 26.0481 77.042 -17.7646 -23.6721 18.7331 -174.847 -30.0224 3.18055e-015 2.38542e-015 6.39207 1.69495 3.63373 90 -4.96962e-017 -0 -9.63906 -14.4799 173.632 -45.7533 1.59028e-015 7.95139e-016 18.6926 38.232 6.90537 90 -3.18055e-015 -0 
159.244 86.0631 -132.692 85.7379 -78.4276 -3.24384 10.1507 -0.671866 -0.580802 8.75025 1.70754e-006 5.12264e-006 -5.12265e-006 1.70755e-006 -8.53773e-006 1.70748e-006 -8.53774e-006 -4.95189e-005 48.9441 18.7715 -21.6082 -177.965 -10.3649 -78.829 -10.836 4.35562 59.7737 -48.7309 -7.95139e-016 -2.98177e-015 15.938 -58.959 6.60214 -179.657 2.72447 82.8272 -10.2932 -6.45628 -55.9019 -40.7001 -6.36111e-015 3.18055e-015 27.1773 76.4901 -18.7881 -22.7164 19.0327 -174.913 -30.1549 3.18055e-015 1.19271e-015 7.49392 3.2413 2.97372 90 -4.96962e-017 -0 -13.7289 -15.0478 171.935 -53.1404 7.95139e-016 -0 13.0771 40.2646 8.08848 90 0 -0 
158.965 86.1707 -134.163 86.1361 -76.9458 -2.99912 10.3421 -1.29213 -1.23098 8.76449 1.70754e-006 5.12264e-006 -5.12265e-006 1.70755e-006 -8.53773e-006 1.70748e-006 -8.53774e-006 -4.95189e-005 48.5344 19.0843 -21.2691 -178.1 -10.1986 -79.3874 -11.4967 4.03983 59.1264 -50.1985 2.78299e-015 -7.35503e-015 16.2788 -59.6381 7.26747 -179.653 2.7508 82.8124 -9.74902 -6.74988 -56.4547 -40.9902 0 -3.18055e-015 27.1082 76.2459 -18.631 -22.0069 20.1971 -174.455 -30.3693 3.18055e-015 -0 8.48453 5.85786 2.55439 90 0 -3.18055e-015 -17.411 -15.5912 170.277 -58.7247 -1.59028e-015 -0 6.74055 40.4052 9.42542 90 3.18055e-015 9.54166e-015 
158.849 86.3586 -135.461 87.5212 -75.1948 -1.5231 10.5371 -2.12582 -2.00506 8.71175 1.70754e-006 5.12264e-006 -5.12265e-006 1.70755e-006 -8.53773e-006 1.70748e-006 -8.53774e-006 -4.95189e-005 48.1335 19.2868 -21.0589 -178.152 -9.92297 -79.3964 -12.5209 3.91875 57.3399 -51.7882 -2.78299e-015 -8.94531e-016 16.5917 -59.7434 8.10647 -179.634 2.75289 82.4269 -8.74226 -6.70269 -56.8053 -41.82 3.18055e-015 -3.18055e-015 27.2502 76.2273 -18.8309 -20.8933 19.8059 -174.873 -29.377 3.18055e-015 -0 8.67359 7.04428 1.5249 90 -9.09964e-021 -0 -20.9261 -15.7331 168.378 -62.0248 1.19271e-015 -0 2.00024 37.6804 11.8353 90 0 -6.36111e-015 
158.829 86.5841 -136.714 89.0241 -73.3552 -0.116099 10.6664 -2.94464 -2.30508 8.66759 1.70754e-006 5.12264e-006 -5.12265e-006 1.70755e-006 -8.53773e-006 1.70748e-006 -8.53774e-006 -4.95189e-005 47.9581 19.3896 -21.0159 -178.149 -9.8183 -79.2692 -13.2967 3.50128 55.5696 -53.1557 -5.96354e-016 6.06293e-015 16.3729 -59.5908 8.13633 -179.611 2.8864 82.3274 -8.02539 -6.53836 -57.3113 -42.7427 9.54166e-015 3.18055e-015 27.038 76.5702 -18.8034 -20.1489 19.2419 -175.037 -28.6328 3.18055e-015 -7.95139e-016 8.93943 8.13568 1.16227 90 -2.12325e-020 -3.18055e-015 -23.8451 -15.6556 166.945 -62.324 3.97569e-016 1.19271e-015 0.790205 33.8933 13.6116 90 3.18055e-015 -0 
158.876 86.8389 -137.939 90.0533 -71.532 0.816224 10.8987 -3.62763 -2.36598 8.67443 1.70754e-006 5.12264e-006 -5.12265e-006 1.70755e-006 -8.53773e-006 1.70748e-006 -8.53774e-006 -4.95189e-005 47.8213 19.5108 -20.9036 -178.204 -9.53528 -79.2835 -13.2966 2.54674 54.334 -53.9486 5.96354e-016 -3.18055e-015 15.7966 -59.8732 7.86288 -179.606 2.95 82.3913 -7.58772 -6.49917 -57.7349 -43.8277 -6.36111e-015 -3.18055e-015 27.1947 76.9089 -19.1695 -19.3441 19.5623 -174.927 -27.5869 3.18055e-015 -2.38542e-015 8.9982 10.1071 0.838029 90 2.12325e-020 -6.36111e-015 -25.8551 -15.234 166.029 -59.2162 -1.98785e-016 -4.96962e-016 1.80226 32.044 13.4367 90 0 -3.18055e-015 
159.015 87.0321 -139.165 90.6001 -69.7002 1.22818 11.2681 -4.2346 -2.19168 8.72705 1.70754e-006 5.12264e-006 -5.12265e-006 1.70755e-006 -8.53773e-006 1.70748e-006 -8.53774e-006 -4.95189e-005 47.5262 19.5625 -20.6301 -178.321 -9.23589 -79.6475 -12.8036 1.21213 53.8203 -54.3425 -1.19271e-015 4.77083e-015 14.8482 -60.4095 7.1095 -179.619 2.93034 82.5819 -7.55423 -6.63863 -57.9543 -45.114 -6.36111e-015 -3.18055e-015 28.0327 76.9321 -20.0604 -18.6141 18.871 -174.871 -26.8137 -3.18055e-015 -1.59028e-015 9.13748 11.2009 0.346928 90 1.51661e-020 -0 -26.628 -14.3875 165.682 -52.9453 5.96354e-016 -0 2.78775 31.0098 12.6383 90 1.59028e-015 -0 
159.251 87.0902 -140.359 91.1838 -67.8097 1.88255 11.655 -4.90333 -2.12919 8.77031 1.70754e-006 5.12264e-006 -5.12265e-006 1.70755e-006 -8.53773e-006 1.70748e-006 -8.53774e-006 -4.95189e-005 47.1445 20.0877 -20.3133 -178.442 -9.09688 -80.2358 -12.2803 -0.155724 53.6002 -54.6185 2.38542e-015 7.95139e-016 13.9925 -60.8312 6.37901 -179.616 3.02484 82.7661 -7.84948 -6.84596 -57.9179 -46.7212 -6.36111e-015 -0 29.5878 76.7405 -21.7049 -18.2249 18.2506 -174.839 -26.5412 0 -3.18055e-015 9.47167 12.2314 -0.200318 90 -1.21329e-020 6.36111e-015 -26.6451 -13.0447 165.348 -44.5886 0 -2.5842e-015 1.60817 29.1234 13.0303 90 -1.59028e-015 3.18055e-015 
159.609 87.0228 -141.526 91.8366 -65.8458 2.94695 12.0171 -5.44041 -2.35572 8.85739 1.70754e-006 5.12264e-006 -5.12265e-006 1.70755e-006 -8.53773e-006 1.70748e-006 -8.53774e-006 -4.95189e-005 46.6451 20.5855 -19.7649 -178.6 -8.79309 -80.9194 -11.7371 -1.26893 53.3262 -55.0847 -5.56597e-015 7.95139e-016 13.3881 -60.9114 5.90908 -179.597 3.23779 82.9065 -8.02171 -7.04211 -57.7476 -48.5492 3.18055e-015 -3.18055e-015 29.9091 76.9089 -22.5403 -17.9574 16.3718 -175.372 -26.5781 -9.54166e-015 -3.97569e-015 9.90142 11.8667 -0.884107 90 3.88251e-019 9.54166e-015 -25.9289 -11.4496 165.207 -34.4752 3.18056e-015 7.95139e-016 -1.03132 26.5698 11.5589 90 3.97569e-016 -0 
160.109 86.828 -142.657 92.7454 -63.8901 4.29817 12.3427 -5.73274 -2.46847 8.92588 1.70754e-006 5.12264e-006 -5.12265e-006 1.70755e-006 -8.53773e-006 1.70748e-006 -8.53774e-006 -4.95189e-005 46.0234 20.8015 -19.3498 -178.708 -8.52135 -81.3451 -11.3801 -2.1625 52.6746 -55.8728 0 5.56597e-015 13.3299 -60.7212 5.98581 -179.585 3.49002 83.2147 -7.83524 -7.14996 -57.62 -50.7076 0 3.18055e-015 31.2891 77.1079 -24.0321 -18.47 16.0978 -175.339 -27.2667 3.18055e-015 7.95139e-016 10.5311 13.3785 -1.40605 90 3.72721e-017 -0 -23.9107 -9.80304 165.578 -22.0125 0 1.59028e-015 -5.49353 21.2787 9.18817 90 9.93923e-017 -1.59028e-015 
160.842 86.5489 -143.813 93.6247 -61.6715 5.45875 12.7559 -6.03635 -2.26224 8.97627 1.70754e-006 5.12264e-006 -5.12265e-006 1.70755e-006 -8.53773e-006 1.70748e-006 -8.53774e-006 -4.95189e-005 45.3417 20.5218 -19.0631 -178.74 -8.29349 -81.3318 -11.3917 -2.85235 51.37 -56.7354 -1.59028e-015 6.36111e-015 12.5489 -60.7953 5.54444 -179.592 3.50147 83.3542 -7.27058 -7.19027 -57.2323 -52.7417 -6.36111e-015 9.54166e-015 31.3864 77.2843 -24.3144 -19.3845 15.4466 -174.996 -28.2363 1.27222e-014 1.59028e-015 11.2135 14.8484 -2.30233 90 2.79541e-017 3.18055e-015 -23.9412 -6.40566 164.969 -16.5414 -6.36111e-015 -3.97569e-015 -7.81757 13.6316 17.3882 90 -1.30452e-016 -7.95139e-016 
161.735 86.1447 -145.071 93.6278 -59.091 5.737 13.5096 -6.26962 -1.78505 9.0459 1.70754e-006 5.12264e-006 -5.12265e-006 1.70755e-006 -8.53773e-006 1.70748e-006 -8.53774e-006 -4.95189e-005 44.5972 20.1184 -18.4113 -178.833 -7.72044 -81.3776 -11.2639 -3.25763 50.0554 -58.3139 4.77083e-015 -3.18055e-015 10.1069 -59.4152 3.8526 -179.593 3.60675 83.5612 -6.88926 -7.18473 -56.7638 -54.2613 -3.18055e-015 3.18055e-015 30.1273 77.7489 -23.3206 -20.3461 14.4312 -174.452 -29.7177 6.36111e-015 -1.59028e-015 12.0869 16.1105 -3.41029 90 1.21329e-020 3.18055e-015 -25.4996 -2.93667 164.653 -17.7603 3.18056e-015 -0 -7.81776 10.868 21.0794 90 -1.44119e-015 -1.59028e-015 
162.772 85.5141 -146.516 93.0789 -56.0556 5.44698 14.3417 -6.72508 -1.10424 9.12611 1.70754e-006 5.12264e-006 -5.12265e-006 1.70755e-006 -8.53773e-006 1.70748e-006 -8.53774e-006 -4.95189e-005 43.9226 20.0428 -17.6015 -178.905 -7.48225 -81.6486 -11.3622 -3.52645 48.9032 -60.5988 -6.36111e-015 -8.74653e-015 8.04307 -58.0288 2.36321 -179.591 3.76318 83.7875 -6.77116 -7.21848 -56.2193 -55.2605 -3.18055e-015 6.36111e-015 31.9685 77.8876 -25.3698 -21.4135 10.3973 -174.509 -32.2494 -3.18055e-015 -0 13.4793 14.5731 -4.67617 90 9.09964e-021 6.36111e-015 -25.7109 -3.47513 165.772 -19.7127 3.18056e-015 -0 -6.16389 11.9643 9.00221 90 7.76503e-019 -0 
163.759 85.0929 -147.749 93.0399 -53.6381 5.0268 15.1782 -6.33376 0.541452 9.15079 1.70754e-006 5.12264e-006 -5.12265e-006 1.70755e-006 -8.53773e-006 1.70748e-006 -8.53774e-006 -4.95189e-005 43.4753 19.2152 -17.2241 -178.859 -7.28687 -81.0757 -11.593 -4.25098 47.7708 -62.3878 -4.77083e-015 7.95139e-016 6.16461 -58.5117 1.33163 -179.595 3.61684 83.6129 -6.48412 -7.12112 -54.4712 -55.8143 0 3.18055e-015 31.2881 77.8485 -24.5669 -22.6421 8.98972 -173.347 -33.8552 3.18055e-015 -0 14.3357 15.6315 -5.78761 90 1.21329e-020 -3.18055e-015 -27.8919 -4.55654 165.897 -24.94 -3.18056e-015 -0 -3.07746 13.6928 8.40396 90 -1.94126e-018 -0 
164.496 84.9295 -148.919 92.9274 -52.7281 4.87125 15.8747 -5.5122 1.42727 9.24687 1.70754e-006 5.12264e-006 -5.12265e-006 1.70755e-006 -8.53773e-006 1.70748e-006 -8.53774e-006 -4.95189e-005 43.4938 19.1563 -17.2042 -178.843 -7.45615 -81.1525 -10.9173 -4.78606 48.2837 -63.8511 -1.59028e-015 -7.95139e-015 1.65961 -59.202 -2.08381 -179.661 2.99896 83.539 -7.03737 -6.65934 -52.5797 -54.9099 6.36111e-015 3.18055e-015 31.2828 77.9991 -24.6368 -22.7422 8.97195 -172.327 -34.0455 6.36111e-015 1.59028e-015 14.6873 16.1816 -6.73845 90 -1.21329e-020 9.54166e-015 -28.8123 -4.67454 166.455 -27.8364 3.18056e-015 -1.19271e-015 -1.07075 14.8335 7.69767 90 3.03321e-021 -0 
165.067 84.9451 -150.07 93.2377 -51.8347 5.36753 15.9438 -5.35422 1.83085 9.2839 1.70754e-006 5.12264e-006 -5.12265e-006 1.70755e-006 -8.53773e-006 1.70748e-006 -8.53774e-006 -4.95189e-005 44.0468 19.9304 -17.3759 -178.823 -7.6368 -81.2137 -9.93146 -4.43136 48.9548 -65.1575 0 6.36111e-015 -3.43997 -59.244 -6.63734 -179.716 2.62624 83.8206 -7.49225 -5.5599 -51.5579 -53.5728 3.18055e-015 9.54166e-015 29.2313 77.1488 -22.0333 -22.3919 9.12885 -171.817 -33.1101 1.27222e-014 -1.59028e-015 14.6052 17.0259 -7.61317 90 3.03321e-021 6.36111e-015 -29.4687 -5.01481 166.646 -29.7955 3.18056e-015 2.33572e-015 0.655154 15.5769 7.02598 90 -7.88221e-021 1.59028e-015 
165.523 85.1785 -151.153 93.6722 -50.6813 5.62928 15.8742 -5.21293 2.76664 9.2235 1.70754e-006 5.12264e-006 -5.12265e-006 1.70755e-006 -8.53773e-006 1.70748e-006 -8.53774e-006 -4.95189e-005 44.5145 20.5679 -17.7403 -178.726 -7.73075 -80.6107 -9.79862 -3.6086 49.0003 -65.8704 3.18055e-015 5.56597e-015 -5.89385 -59.2997 -8.90413 -179.727 2.66815 84.1623 -6.9724 -4.35338 -50.9592 -53.0658 0 3.18055e-015 25.8884 77.2315 -18.5146 -21.9163 8.955 -171.319 -31.5993 3.18055e-015 -4.77083e-015 14.2084 17.9362 -7.85987 90 -1.2424e-016 -9.54166e-015 -29.3705 -6.16584 166.904 -30.0771 0 -1.56543e-015 1.64723 15.929 6.39055 90 -1.47869e-020 -0 
165.903 85.5063 -152.146 94.1758 -49.7006 6.0943 15.6625 -4.96778 3.32519 9.16239 1.70754e-006 5.12264e-006 -5.12265e-006 1.70755e-006 -8.53773e-006 1.70748e-006 -8.53774e-006 -4.95189e-005 44.7557 21.376 -18.0382 -178.698 -7.68659 -80.3537 -9.57187 -2.49035 49.564 -66.4549 -3.18055e-015 5.56597e-015 -5.02371 -59.2936 -8.08526 -179.71 2.85372 84.1886 -6.05764 -3.3364 -50.3195 -53.2568 6.36111e-015 6.36111e-015 22.5658 78.3914 -15.5602 -21.1137 8.51611 -171.223 -29.6245 3.18055e-015 -4.77083e-015 13.5955 18.1839 -7.69609 90 4.96962e-017 6.36111e-015 -28.9471 -6.69943 167.215 -29.7282 6.36111e-015 9.93923e-016 2.24009 16.7395 5.9288 90 3.50715e-020 -1.59028e-015 
166.26 85.8331 -153.003 94.6686 -48.7383 6.56828 15.521 -4.98684 3.78459 9.08525 1.70754e-006 5.12264e-006 -5.12265e-006 1.70755e-006 -8.53773e-006 1.70748e-006 -8.53774e-006 -4.95189e-005 45.0418 22.3904 -18.8836 -178.649 -7.88668 -80.2492 -9.59172 -0.822904 50.3491 -67.1272 -1.59028e-015 -3.97569e-015 -3.71675 -58.8149 -7.20032 -179.711 2.89642 84.299 -5.161 -2.49849 -49.862 -53.9909 0 -0 21.378 79.2144 -14.6589 -20.403 8.36256 -171.209 -27.6451 3.18055e-015 -0 12.8564 18.4811 -7.28557 90 0 -6.36111e-015 -28.4017 -6.68187 167.654 -29.1629 3.18056e-015 -3.97569e-016 2.60093 18.0476 5.60206 90 -1.29859e-020 1.59028e-015 
166.622 86.1 -153.742 95.1076 -47.6132 6.85602 15.4186 -5.01939 4.42331 9.0655 1.70754e-006 5.12264e-006 -5.12265e-006 1.70755e-006 -8.53773e-006 1.70748e-006 -8.53774e-006 -4.95189e-005 45.3063 23.2551 -19.8078 -178.584 -8.11591 -80.0693 -10.2365 1.23246 50.9855 -67.5231 1.59028e-015 7.15625e-015 -3.07441 -56.6826 -6.44698 -179.71 2.91693 84.3114 -4.45793 -2.10835 -49.21 -55.1304 3.18055e-015 3.18055e-015 20.7594 79.7344 -14.0341 -20.0139 8.48149 -171.056 -25.9062 9.54166e-015 -3.18055e-015 11.9864 18.6918 -6.95402 90 -4.96962e-016 3.18055e-015 -27.9586 -6.99267 168.028 -28.6226 -3.18056e-015 8.94531e-016 2.92234 19.0752 5.2854 90 -1.78201e-020 -3.18055e-015 
166.946 86.2796 -154.323 95.569 -46.595 7.42941 15.2822 -4.92126 4.66001 9.06904 1.70754e-006 5.12264e-006 -5.12265e-006 1.70755e-006 -8.53773e-006 1.70748e-006 -8.53774e-006 -4.95189e-005 45.6179 24.3423 -20.6582 -178.526 -8.32575 -79.9201 -10.5875 2.84051 51.762 -67.5175 1.59028e-015 2.38542e-015 0.337736 -55.185 -3.05742 -179.696 3.03014 84.277 -3.93965 -1.78933 -48.6802 -55.9558 -3.18055e-015 3.18055e-015 22.3824 80.4648 -16.1327 -19.8641 8.792 -171.228 -24.577 3.18055e-015 1.59028e-015 11.1883 18.693 -6.36242 90 -1.98785e-016 -0 -27.9926 -7.35398 167.96 -28.5442 -6.36111e-015 -2.38542e-015 3.34246 19.6702 4.98469 90 1.28912e-020 -3.18055e-015 
167.215 86.3661 -154.799 95.8119 -45.841 7.85087 15.306 -4.60184 4.80133 9.10132 1.70754e-006 5.12264e-006 -5.12265e-006 1.70755e-006 -8.53773e-006 1.70748e-006 -8.53774e-006 -4.95189e-005 46.111 25.4511 -21.6133 -178.457 -8.52295 -79.6956 -10.5231 3.87988 52.6085 -67.0113 3.18055e-015 4.77083e-015 4.70872 -55.0533 0.617611 -179.7 3.0576 84.3972 -3.70806 -1.67204 -48.3511 -56.513 -3.18055e-015 -3.18055e-015 24.8478 80.9726 -18.6704 -19.4729 8.79505 -171.379 -23.1758 0 1.59028e-015 10.468 18.8446 -6.56826 90 -1.98785e-016 1.59028e-014 -28.1752 -7.7079 167.827 -28.8448 -3.18056e-015 1.59028e-015 3.86773 19.9811 4.67905 90 1.36495e-020 -0 
167.456 86.3836 -155.21 95.9357 -45.1104 7.89772 15.4079 -4.2497 5.25653 9.14148 1.70754e-006 5.12264e-006 -5.12265e-006 1.70755e-006 -8.53773e-006 1.70748e-006 -8.53774e-006 -4.95189e-005 46.6444 26.2035 -22.6431 -178.369 -8.68053 -79.3153 -10.4475 4.78173 53.2421 -65.9675 3.18055e-015 -3.97569e-015 7.5322 -55.1679 2.82142 -179.717 2.94514 84.5156 -3.63744 -1.71628 -48.0534 -56.7772 3.18055e-015 -0 23.9523 80.9325 -17.6756 -18.9952 8.34313 -171.18 -21.7137 -3.18055e-015 -1.59028e-015 9.816 19.0818 -7.61694 90 -3.97569e-016 3.18055e-015 -28.2462 -7.90261 167.985 -29.2139 0 -0 4.36819 20.5839 4.4662 90 3.79152e-021 -0 
167.655 86.3664 -155.484 96.1747 -44.2435 8.10134 15.3866 -4.15045 5.60847 9.16088 1.70754e-006 5.12264e-006 -5.12265e-006 1.70755e-006 -8.53773e-006 1.70748e-006 -8.53774e-006 -4.95189e-005 47.1701 26.7707 -23.6488 -178.295 -8.82183 -79.0124 -10.4803 5.71558 53.7615 -64.6222 0 -2.38542e-015 8.65559 -55.0696 3.64619 -179.723 2.91082 84.556 -4.0953 -1.83336 -47.7689 -56.5252 6.36111e-015 -3.18055e-015 24.6512 80.8687 -18.2934 -18.7457 8.18566 -171.111 -20.3218 6.36111e-015 1.59028e-015 9.10506 19.6313 -8.68644 90 5.96354e-016 -9.54166e-015 -28.5111 -7.8672 167.997 -29.7114 -6.36111e-015 7.95139e-016 4.82149 21.4167 4.3844 90 -1.97159e-020 -0 
167.812 86.3836 -155.653 96.2815 -43.1583 8.15057 15.4536 -4.13559 6.02579 9.14845 1.70754e-006 5.12264e-006 -5.12265e-006 1.70755e-006 -8.53773e-006 1.70748e-006 -8.53774e-006 -4.95189e-005 47.5738 27.3837 -24.463 -178.259 -8.83917 -78.8079 -10.5175 6.33776 54.2764 -63.0616 3.18055e-015 -7.95139e-016 10.3392 -54.7523 4.8581 -179.727 2.86451 84.5603 -4.3133 -1.97562 -47.7544 -56.0861 -3.18055e-015 3.18055e-015 25.4709 80.9551 -18.9829 -18.6753 8.01085 -171.159 -19.2228 3.18055e-015 -1.59028e-015 8.25744 19.5889 -9.14557 90 8.94531e-016 -0 -28.681 -8.49602 167.755 -29.9006 0 -1.59028e-015 5.1012 21.7723 4.30844 90 8.72049e-021 -1.59028e-015 
167.911 86.4322 -155.733 96.3807 -42.0411 8.10978 15.4393 -4.12478 6.38659 9.14498 1.70754e-006 5.12264e-006 -5.12265e-006 1.70755e-006 -8.53773e-006 1.70748e-006 -8.53774e-006 -4.95189e-005 47.6533 27.9233 -24.7128 -178.271 -8.82374 -78.8681 -10.3261 6.63725 54.9979 -61.588 0 4.77083e-015 12.694 -54.1132 6.5648 -179.723 2.85711 84.4537 -4.59182 -2.25245 -47.84 -55.4873 -3.18055e-015 -0 26.8769 80.611 -20.2171 -18.6418 8.35241 -171.134 -18.0654 -6.36111e-015 -1.59028e-015 7.12309 18.8824 -9.43341 90 -9.93923e-017 9.54166e-015 -28.6824 -9.07513 167.575 -29.7949 6.36111e-015 7.95139e-016 5.18513 22.2827 4.32018 90 2.04742e-020 -0 
167.877 86.4921 -155.719 96.339 -41.228 7.99736 15.446 -3.94518 6.51953 9.16284 1.70754e-006 5.12264e-006 -5.12265e-006 1.70755e-006 -8.53773e-006 1.70748e-006 -8.53774e-006 -4.95189e-005 47.6112 28.5749 -24.794 -178.307 -8.81948 -79.0885 -9.73484 6.65001 55.8222 -60.3691 3.18055e-015 -3.18055e-015 13.8001 -53.4994 7.83838 -179.718 2.85051 84.3444 -4.94589 -2.6403 -48.1135 -54.8023 -1.59028e-015 -6.36111e-015 27.1182 80.1469 -20.2924 -19.1684 9.45155 -170.888 -18.4161 -3.18055e-015 -3.18055e-015 6.32261 15.9911 -8.14705 90 0 -0 -28.4418 -9.28218 167.435 -29.5329 1.27222e-014 3.97569e-016 5.11209 22.7973 4.47736 90 -6.06643e-021 -0 
167.745 86.5315 -155.626 96.2282 -40.5696 7.65861 15.4137 -3.69904 6.70344 9.18449 1.70754e-006 5.12264e-006 -5.12265e-006 1.70755e-006 -8.53773e-006 1.70748e-006 -8.53774e-006 -4.95189e-005 47.5591 29.0748 -24.8198 -178.31 -8.86797 -79.1655 -8.78215 6.40342 56.3674 -59.5251 0 -3.57812e-015 13.3726 -53.5611 7.76102 -179.721 2.77248 84.2576 -5.2153 -3.12101 -48.5294 -54.2056 0 -0 28.8455 79.6948 -21.8325 -20.6235 12.4831 -169.733 -20.0938 -3.18055e-015 -3.18055e-015 5.46554 10.7873 -5.48191 90 -7.95139e-016 -3.18055e-015 -28.0339 -9.41933 167.462 -29.1522 -6.36111e-015 -0 4.9284 23.3035 4.72781 90 9.47879e-021 -0 
167.484 86.5486 -155.393 96.1203 -39.8629 7.21818 15.2994 -3.55764 6.95163 9.17809 1.70754e-006 5.12264e-006 -5.12265e-006 1.70755e-006 -8.53773e-006 1.70748e-006 -8.53774e-006 -4.95189e-005 47.3572 29.3957 -24.662 -178.303 -8.90747 -79.1632 -7.74839 6.1248 56.6656 -59.2687 3.18055e-015 7.95139e-016 12.1605 -54.3907 6.4406 -179.713 2.77039 84.0806 -5.5135 -3.6248 -48.869 -53.6843 1.59028e-015 -3.18055e-015 28.4798 79.6052 -21.4231 -22.313 15.6383 -168.314 -22.0411 0 3.18055e-015 4.98947 6.38159 -2.8069 90 0 -3.18055e-015 -27.5832 -9.54817 167.471 -28.6947 0 -3.37934e-015 4.6111 23.9385 5.12687 90 2.65406e-020 -0 
167.076 86.5139 -155.019 95.9316 -39.1195 6.70944 15.1371 -3.50697 7.17856 9.17337 1.70754e-006 5.12264e-006 -5.12265e-006 1.70755e-006 -8.53773e-006 1.70748e-006 -8.53774e-006 -4.95189e-005 47.123 29.6284 -24.3449 -178.308 -8.99893 -79.3039 -6.96993 5.9323 56.7937 -59.4607 -3.18055e-015 2.98177e-015 10.9128 -54.3281 5.51341 -179.7 2.81878 83.9276 -5.84517 -4.22224 -49.2209 -53.3208 -1.59028e-015 3.18055e-015 29.1338 79.1696 -21.925 -23.2649 17.2535 -167.483 -23.5058 3.18055e-015 1.59028e-015 5.03116 3.15678 -1.90334 90 0 -3.18055e-015 -27.2051 -9.93459 167.235 -28.3923 3.18056e-015 2.38542e-015 4.3051 24.3021 5.64895 90 5.30812e-021 -3.18055e-015 
166.511 86.4445 -154.479 95.6718 -38.3689 6.25882 14.9516 -3.49795 7.27703 9.18001 1.70754e-006 5.12264e-006 -5.12265e-006 1.70755e-006 -8.53773e-006 1.70748e-006 -8.53774e-006 -4.95189e-005 46.8037 29.888 -23.9306 -178.321 -9.03462 -79.4261 -5.95076 5.52285 56.7069 -60.1408 -6.36111e-015 1.39149e-015 9.92928 -53.5385 4.91051 -179.684 2.88171 83.7433 -5.97512 -4.77246 -49.5316 -53.0903 -6.36111e-015 -0 31.0306 79.2057 -23.7944 -23.5527 18.0234 -167.389 -24.0364 3.18055e-015 -0 5.29931 3.44611 -2.7966 90 -7.95139e-016 3.18055e-015 -26.8292 -10.1096 166.785 -28.2115 -9.54167e-015 1.98785e-016 3.93917 24.8383 6.36667 90 -6.82473e-021 3.18055e-015 
165.809 86.3432 -153.803 95.2363 -37.5631 5.87874 14.8944 -3.63728 7.12618 9.17116 1.70754e-006 5.12264e-006 -5.12265e-006 1.70755e-006 -8.53773e-006 1.70748e-006 -8.53774e-006 -4.95189e-005 46.333 30.216 -23.4661 -178.339 -9.03554 -79.537 -4.63321 4.95897 56.3851 -61.3512 3.18055e-015 -7.55382e-015 7.46143 -53.1127 2.86443 -179.659 2.98121 83.4593 -6.02954 -5.13133 -49.7817 -52.7995 -6.36111e-015 -0 31.8683 79.0849 -24.5835 -23.5519 17.5273 -167.959 -24.8516 3.18055e-015 4.77083e-015 5.87458 3.83264 -3.46738 90 -7.95139e-016 -3.18055e-015 -26.3714 -9.96935 166.07 -28.1898 3.18056e-015 2.08724e-015 3.52516 25.6465 7.29994 90 5.30812e-021 1.59028e-015 
164.994 86.2322 -153.041 94.7005 -36.667 5.41121 14.8699 -3.72105 7.02855 9.15822 1.70754e-006 5.12264e-006 -5.12265e-006 1.70755e-006 -8.53773e-006 1.70748e-006 -8.53774e-006 -4.95189e-005 45.7903 30.2537 -22.8444 -178.362 -8.96924 -79.6041 -3.55341 4.38475 55.7462 -62.7811 -6.36111e-015 1.59028e-015 3.96177 -53.1319 -0.213634 -179.631 3.07007 83.1425 -5.76994 -5.42 -50.0331 -52.4874 -4.77083e-015 6.36111e-015 31.923 79.021 -24.6319 -23.6669 16.6788 -168.622 -26.3406 3.18055e-015 -0 6.87861 4.01004 -3.38825 90 7.95139e-016 6.36111e-015 -25.7176 -9.87351 165.289 -28.0449 1.27222e-014 4.96962e-016 3.00242 26.467 8.36558 90 -1.45973e-020 -0 
164.063 86.0912 -152.231 94.0565 -35.6996 4.71445 14.8584 -3.71152 7.13395 9.16489 1.70754e-006 5.12264e-006 -5.12265e-006 1.70755e-006 -8.53773e-006 1.70748e-006 -8.53774e-006 -4.95189e-005 45.3464 30.2509 -22.2249 -178.381 -8.8697 -79.6114 -2.55226 3.7491 54.8518 -64.7387 -3.18055e-015 1.47101e-014 2.5476 -53.2971 -1.5057 -179.606 3.15997 82.8858 -5.32908 -5.64899 -50.3394 -52.054 -6.36111e-015 -9.54166e-015 31.6332 79.0054 -24.356 -23.9605 16.012 -169.112 -28.228 6.36111e-015 -1.59028e-015 8.09626 4.47497 -3.07284 90 3.97569e-016 -6.36111e-015 -24.8866 -10.2717 164.46 -27.7378 0 1.2424e-016 2.40703 26.9262 9.49162 90 7.58303e-022 1.59028e-015 
163.009 85.9155 -151.314 93.4515 -35.1178 4.08863 14.849 -3.40879 7.05489 9.14269 1.70754e-006 5.12264e-006 -5.12265e-006 1.70755e-006 -8.53773e-006 1.70748e-006 -8.53774e-006 -4.95189e-005 44.8339 30.2392 -21.5572 -178.374 -8.90687 -79.6095 -1.72396 3.40933 53.854 -67.6088 -1.27222e-014 -2.38542e-015 -1.69471 -53.5893 -4.66145 -179.578 3.23322 82.5602 -5.0842 -5.92893 -50.4333 -51.5492 1.59028e-015 -3.18055e-015 32.132 78.994 -24.7827 -24.0644 15.8848 -169.557 -29.9037 3.18055e-015 -0 9.31902 5.08156 -3.24536 90 3.97569e-016 -3.18055e-015 -24.0566 -10.4887 163.605 -27.3221 9.54167e-015 -7.95139e-016 1.65857 27.1563 10.698 90 3.67777e-020 1.59028e-015 
161.876 85.7032 -150.26 93.1778 -34.9789 3.75758 14.6268 -2.97563 6.72182 9.09714 1.70754e-006 5.12264e-006 -5.12265e-006 1.70755e-006 -8.53773e-006 1.70748e-006 -8.53774e-006 -4.95189e-005 44.2029 30.4192 -21.0019 -178.312 -9.11978 -79.4669 -0.976792 3.67387 52.579 -71.9107 -6.36111e-015 -2.38542e-015 -10.2569 -51.4524 -11.5157 -179.575 3.15583 82.3193 -5.03921 -6.15611 -50.5484 -50.9272 0 -3.18055e-015 30.2178 78.7637 -22.7494 -24.3386 15.9758 -170.065 -31.7276 -3.18055e-015 -1.59028e-015 10.7046 5.32545 -3.21298 90 5.96354e-016 3.18055e-015 -23.5115 -10.3738 162.718 -26.8053 -6.36111e-015 1.19271e-015 0.742127 27.1908 11.9619 90 -1.36495e-020 4.77083e-015 
160.613 85.4699 -149.189 92.636 -34.6201 3.22123 14.5789 -2.86712 6.48174 9.06314 1.70754e-006 5.12264e-006 -5.12265e-006 1.70755e-006 -8.53773e-006 1.70748e-006 -8.53774e-006 -4.95189e-005 43.6462 30.4956 -20.4747 -178.268 -9.28294 -79.3814 -0.390245 4.51441 51.4683 -76.7572 3.18055e-015 -1.59028e-015 -23.2261 -44.8145 -20.5221 -179.557 3.18332 82.0716 -5.15862 -6.25724 -50.6549 -50.3409 3.18055e-015 -3.18055e-015 32.1901 78.6814 -24.7868 -24.3864 15.977 -170.686 -33.5197 0 1.59028e-015 12.0775 5.81513 -3.10071 90 -1.98785e-016 3.18055e-015 -22.5813 -10.4914 161.744 -26.1111 0 3.97569e-015 -0.24459 27.2498 13.3398 90 -1.21329e-020 1.59028e-015 
159.298 85.2403 -148.092 92.0581 -33.9276 2.74802 14.4639 -2.88304 6.24989 9.06212 1.70754e-006 5.12264e-006 -5.12265e-006 1.70755e-006 -8.53773e-006 1.70748e-006 -8.53774e-006 -4.95189e-005 43.1892 30.3349 -19.665 -178.293 -9.24852 -79.4957 0.129614 5.04918 50.834 -81.1721 3.18055e-015 4.77083e-015 -32.3715 -42.8878 -26.6556 -179.517 3.35744 81.8112 -4.98067 -6.32307 -50.8415 -50.0629 -3.18055e-015 3.18055e-015 31.4539 78.7661 -24.0168 -24.1699 15.8169 -171.582 -35.0415 -4.77083e-015 -0 13.3431 6.26963 -2.95191 90 0 -0 -21.4451 -10.6507 160.669 -25.2261 -1.27222e-014 -3.97569e-016 -1.3763 27.667 14.8317 90 2.65406e-020 -0 
157.971 85.0369 -147.002 91.5579 -33.0597 2.26512 14.295 -2.87826 6.15313 9.03728 1.70754e-006 5.12264e-006 -5.12265e-006 1.70755e-006 -8.53773e-006 1.70748e-006 -8.53774e-006 -4.95189e-005 42.8217 30.0145 -18.7512 -178.324 -9.1777 -79.6042 0.301955 4.87054 50.4237 -84.5905 -6.36111e-015 3.18055e-015 -37.1116 -39.6175 -28.778 -179.464 3.58084 81.4856 -4.5959 -6.49461 -50.9779 -50.1129 -3.18055e-015 -0 31.4695 78.7861 -24.035 -23.9399 15.3554 -172.612 -36.5 0 -1.59028e-015 14.5677 6.47168 -2.37805 90 0 3.18055e-015 -19.9966 -10.7772 159.773 -23.883 0 -1.19271e-015 -2.79629 28.5116 16.4226 90 1.66827e-020 1.59028e-015 
156.659 84.8849 -145.902 91.1907 -32.3179 1.85743 14.1735 -2.85856 6.03961 8.9624 1.70754e-006 5.12264e-006 -5.12265e-006 1.70755e-006 -8.53773e-006 1.70748e-006 -8.53774e-006 -4.95189e-005 42.5719 29.682 -17.9565 -178.311 -9.15843 -79.5038 0.552912 3.96412 49.8338 -87.4681 3.18055e-015 1.27222e-014 -38.1825 -36.2649 -27.8029 -179.422 3.72603 81.1819 -4.34185 -6.56028 -51.1791 -50.0544 3.18055e-015 -0 30.3634 78.4699 -22.8703 -23.6447 14.6369 -173.827 -37.7832 3.18055e-015 1.59028e-015 15.7319 6.36814 -1.32838 90 -1.21329e-020 -0 -18.7137 -11.2912 159.014 -22.1603 6.36111e-015 7.95139e-016 -4.66489 29.7282 17.837 90 5.68728e-021 1.59028e-015 
155.377 84.8114 -144.771 91.0388 -31.873 1.46684 14.0351 -2.82095 6.05357 8.8693 1.70754e-006 5.12264e-006 -5.12265e-006 1.70755e-006 -8.53773e-006 1.70748e-006 -8.53774e-006 -4.95189e-005 42.7396 29.3299 -17.6173 -178.31 -9.10133 -79.436 0.157649 3.34469 49.1987 -89.0207 0 -1.59028e-015 -40.5941 -35.1332 -29.6894 -179.398 3.81444 81.0231 -4.49406 -6.51977 -51.4198 -49.8346 1.59028e-015 9.54166e-015 31.2777 78.431 -23.7839 -23.4146 14.7499 -174.718 -38.59 -3.18055e-015 -7.95139e-016 16.6114 6.51609 -0.191185 90 2.42657e-020 9.54166e-015 -18.7744 -11.9261 158.417 -21.8897 3.18056e-015 3.97569e-015 -6.09334 31.0134 16.83 90 1.42876e-016 3.18055e-015 
154.157 84.8686 -143.682 90.853 -31.4168 1.1112 14.0289 -3.08695 5.97976 8.91382 1.70754e-006 5.12264e-006 -5.12265e-006 1.70755e-006 -8.53773e-006 1.70748e-006 -8.53774e-006 -4.95189e-005 42.941 29.0847 -17.3142 -178.369 -8.9937 -79.6776 -0.844783 2.78842 48.8399 -89.4233 3.18055e-015 1.59028e-015 -39.726 -36.2315 -30.2567 -179.347 3.93168 80.5659 -4.93673 -6.31026 -51.4245 -49.7625 -4.77083e-015 -0 32.023 78.6147 -24.7441 -22.8292 16.0029 -175.302 -38.6246 4.77083e-015 2.38542e-015 17.0994 7.54609 0.944931 90 -2.42657e-020 3.18055e-015 -19.8159 -12.5587 157.886 -23.0946 3.18056e-015 -1.59028e-015 -6.96246 32.6695 13.4279 90 7.95139e-016 -0 
153.053 85.023 -142.643 90.8959 -30.7808 0.980721 14.0513 -3.81441 5.81845 8.95356 1.70754e-006 5.12264e-006 -5.12265e-006 1.70755e-006 -8.53773e-006 1.70748e-006 -8.53774e-006 -4.95189e-005 43 29.0173 -17.1117 -178.475 -8.67999 -79.9966 -2.35579 2.78047 48.187 -89.5824 0 -1.59028e-015 -39.0482 -34.5308 -30.2383 -179.303 4.0386 80.1999 -5.33649 -5.98344 -51.6824 -50.1101 4.77083e-015 -0 32.4217 78.5598 -25.2494 -22.1211 17.5258 -175.989 -37.9873 1.59028e-015 2.38542e-015 17.1785 8.73119 2.06127 90 -2.42657e-020 -6.36111e-015 -20.4781 -12.7171 157.813 -23.9964 6.36111e-015 -2.38542e-015 -7.51502 34.5716 10.4814 90 3.23025e-016 -3.97569e-016 
152.178 85.2633 -141.684 91.3251 -30.1395 0.823824 14.0982 -4.64118 5.90445 8.90062 1.70754e-006 5.12264e-006 -5.12265e-006 1.70755e-006 -8.53773e-006 1.70748e-006 -8.53774e-006 -4.95189e-005 42.8238 29.0743 -17.0056 -178.615 -8.1111 -80.2793 -3.03657 2.34729 47.6631 -91.0467 -6.36111e-015 1.43125e-014 -36.6557 -34.3805 -28.6862 -179.251 4.23256 79.9616 -5.56115 -5.50801 -52.1558 -50.9789 -1.59028e-015 -3.18055e-015 32.8351 78.6419 -25.9857 -21.6692 18.2586 -176.633 -36.9638 0 3.97569e-016 16.9528 9.20775 3.02133 90 -1.21329e-020 6.36111e-015 -20.8099 -11.3157 159.644 -26.9438 -3.18056e-015 1.19271e-015 -3.02815 32.1677 7.01107 90 7.95139e-016 -1.59028e-015 
151.442 85.59 -140.8 91.9184 -29.9458 0.513387 14.2951 -5.09872 6.30801 8.78957 1.70754e-006 5.12264e-006 -5.12265e-006 1.70755e-006 -8.53773e-006 1.70748e-006 -8.53774e-006 -4.95189e-005 42.7071 29.1927 -17.2875 -178.809 -7.85204 -81.3479 -2.93172 0.755646 49.2572 -91.6116 -3.18055e-015 -0 -28.453 -30.5251 -26.9508 -179.206 4.47861 79.9423 -5.56417 -5.02423 -52.6582 -52.2808 1.59028e-015 9.54166e-015 33.1324 79.1543 -26.8736 -21.2698 18.3458 -177.114 -35.6203 -3.18055e-015 -1.86361e-015 16.5437 9.22936 3.79968 90 -1.21329e-020 -0 -21.5916 -9.33373 162.142 -31.453 3.18056e-015 -2.78299e-015 0.309925 28.2875 9.74277 90 -9.44227e-016 -0 
150.714 85.9326 -140.013 92.5109 -30.2898 0.361702 14.4546 -5.48135 6.52114 8.7436 1.70754e-006 5.12264e-006 -5.12265e-006 1.70755e-006 -8.53773e-006 1.70748e-006 -8.53774e-006 -4.95189e-005 42.8839 29.7709 -18.0724 -178.927 -7.67219 -82.0162 -1.87099 -0.439098 50.3042 -92.1818 -6.36111e-015 -9.54166e-015 -20.2648 -27.4932 -26.2146 -179.183 4.74831 80.223 -5.30921 -4.28838 -53.2823 -53.8114 0 -0 37.016 79.7253 -31.5766 -20.6439 18.3046 -177.7 -34.0256 3.18055e-015 9.93923e-017 16.0798 8.86429 4.43166 90 1.21329e-020 -0 -22.6047 -8.67471 164.439 -34.7833 -3.18056e-015 2.68359e-015 2.01911 22.807 14.7927 90 0 -0 
149.95 86.1227 -139.291 92.9531 -30.542 0.797417 14.5629 -6.2672 6.13713 8.8489 1.70754e-006 5.12264e-006 -5.12265e-006 1.70755e-006 -8.53773e-006 1.70748e-006 -8.53774e-006 -4.95189e-005 42.8535 30.5285 -19.029 -178.962 -7.67032 -82.2721 -0.165012 -0.561252 50.2371 -93.4251 0 -0 -20.2718 -28.4132 -27.5651 -179.155 5.00476 80.404 -4.41295 -3.62103 -53.3661 -56.2961 3.18055e-015 -0 42.6428 82.2158 -38.5297 -19.7635 19.0413 -178.654 -32.6038 0 -1.19271e-015 15.704 9.53621 4.9865 90 1.21329e-020 -0 -22.9315 -7.52224 166.356 -36.7741 -3.18056e-015 -0 5.00644 19.5645 14.0486 90 0 -3.18055e-015 
149.267 86.166 -138.635 93.3578 -29.9012 1.90774 14.5041 -7.34586 5.42721 8.81665 1.70754e-006 5.12264e-006 -5.12265e-006 1.70755e-006 -8.53773e-006 1.70748e-006 -8.53774e-006 -4.95189e-005 43.0679 30.7973 -19.8466 -178.94 -8.11053 -82.5206 0.473632 -1.1179 49.4641 -93.4265 3.18055e-015 -0 -17.5879 -29.374 -27.4744 -179.033 5.75167 80.4347 -2.44637 -2.57338 -52.8919 -59.5561 0 3.18055e-015 62.6835 84.304 -59.5719 -18.7273 20.5278 -179.956 -31.3839 0 -7.95139e-016 15.2923 12.4362 5.34903 90 0 3.18055e-015 -21.9639 -6.08354 166.298 -35.406 6.36111e-015 -3.57812e-015 5.7787 22.7795 13.9615 90 -7.95139e-016 6.36111e-015 
148.815 86.0607 -138.12 93.5872 -28.0234 3.11465 14.5277 -8.69844 4.93857 8.60593 1.70754e-006 5.12264e-006 -5.12265e-006 1.70755e-006 -8.53773e-006 1.70748e-006 -8.53774e-006 -4.95189e-005 43.2278 30.6202 -20.194 -179.072 -7.66898 -83.0749 1.23495 -2.63082 48.9828 -92.0134 0 -1.59028e-015 -16.1313 -30.8265 -27.5933 -178.834 6.9356 80.431 0.406861 -0.852435 -51.9592 -62.9493 -6.36111e-015 -6.36111e-015 82.0288 85.3579 -79.4424 -18.9167 21.8076 179.353 -32.4828 0 -2.38542e-015 14.9379 17.6407 5.19643 90 4.34841e-017 6.36111e-015 -19.7463 -5.9876 164.899 -32.1527 -3.18056e-015 2.98177e-016 7.13063 24.2194 13.7962 90 0 -6.36111e-015 
148.64 85.7786 -137.723 93.9027 -26.4669 3.65727 14.6882 -9.36085 5.11989 8.27973 1.70754e-006 5.12264e-006 -5.12265e-006 1.70755e-006 -8.53773e-006 1.70748e-006 -8.53774e-006 -4.95189e-005 42.9348 30.6052 -20.3602 -179.194 -6.92065 -83.3401 2.68342 -4.79524 48.5076 -90.6865 -6.36111e-015 3.18055e-015 -16.4057 -31.7931 -27.96 -178.707 8.0635 80.8585 2.98357 1.11131 -50.2817 -65.9699 -4.77083e-015 6.36111e-015 119.474 84.7822 -117.424 -23.2738 22.8086 -178.297 -39.2298 -1.59028e-015 -1.59028e-015 15.4802 23.3584 1.3058 90 0 -3.18055e-015 -17.7724 -7.05368 163.923 -28.639 -3.18056e-015 -3.47873e-015 8.5948 23.7176 13.2774 90 -4.96962e-017 -6.36111e-015 
148.633 85.3188 -137.237 94.5399 -26.8323 3.80923 14.8752 -8.70432 5.38733 7.90796 1.70754e-006 5.12264e-006 -5.12265e-006 1.70755e-006 -8.53773e-006 1.70748e-006 -8.53774e-006 -4.95189e-005 42.3932 31.2199 -20.8453 -179.283 -6.48141 -83.672 4.25147 -6.94104 47.7935 -89.5008 -3.18055e-015 3.18055e-015 -14.8392 -33.1944 -27.9221 -178.705 8.76671 81.5617 4.62347 3.50632 -47.2336 -68.7048 -7.95139e-016 3.18055e-015 130.195 82.8999 -128.497 -28.5779 23.9334 -174.745 -45.68 7.95139e-016 -3.97569e-016 15.2376 23.7486 -0.0734048 90 7.95139e-016 9.54166e-015 -19.6994 -8.48547 163.121 -29.7737 -3.18056e-015 -6.57232e-015 9.0381 22.5341 13.2975 90 -6.06643e-021 -0 
148.654 84.8864 -136.611 95.0126 -28.8256 3.47393 15.4113 -7.8928 5.62723 7.78522 1.70754e-006 5.12264e-006 -5.12265e-006 1.70755e-006 -8.53773e-006 1.70748e-006 -8.53774e-006 -4.95189e-005 42.2414 32.8347 -22.4115 -179.323 -6.59243 -84.1246 6.69239 -9.30323 46.952 -88.3859 9.54166e-015 -0 -13.3957 -34.9541 -28.3268 -178.823 8.84469 82.3906 4.86518 6.53693 -42.8559 -71.8438 1.98785e-016 -0 128.441 81.7302 -127.37 -33.4369 23.6091 -170.304 -49.8657 0 2.57799e-016 13.1798 12.9655 3.65758 90 7.95139e-016 -0 -21.2064 -7.4199 163.479 -30.8346 9.54167e-015 -9.93923e-017 8.54058 22.5433 13.713 90 -2.12325e-020 3.18055e-015 
148.532 84.4487 -135.926 94.7613 -30.6319 3.22646 16.1911 -8.32643 5.12766 8.03079 1.70754e-006 5.12264e-006 -5.12265e-006 1.70755e-006 -8.53773e-006 1.70748e-006 -8.53774e-006 -4.95189e-005 42.4557 35.138 -23.7441 -179.408 -7.07424 -85.2025 9.413 -11.9283 45.9948 -86.6181 3.18055e-015 -1.59028e-015 -12.6793 -37.1122 -28.7829 -179.06 8.83075 83.9012 4.66612 9.85708 -38.9324 -75.8731 2.78299e-015 3.18055e-015 126.472 80.1466 -126.123 -36.4743 21.1712 -166.075 -52.9503 -7.95139e-016 1.59028e-015 12.9425 5.04455 2.78289 90 0 3.18055e-015 -22.5995 -7.2174 163.085 -32.1901 1.27222e-014 -3.98191e-015 8.05473 22.1902 14.037 90 -2.42657e-020 -0 
148.258 83.937 -135.226 94.454 -31.7812 2.96583 16.5898 -9.05784 4.75137 8.21261 1.70754e-006 5.12264e-006 -5.12265e-006 1.70755e-006 -8.53773e-006 1.70748e-006 -8.53774e-006 -4.95189e-005 43.5164 37.076 -24.9698 -179.536 -7.38317 -86.395 11.4462 -15.2774 44.754 -82.9937 3.18055e-015 4.77083e-015 -11.9901 -40.2215 -29.045 -179.337 9.60279 86.0296 4.68586 13.159 -35.5215 -81.24 -7.95139e-016 -3.18055e-015 128.994 78.8491 -129.06 -36.2 18.1306 -164.354 -52.816 1.59028e-015 7.95139e-016 15.5018 0.347115 7.51416 90 1.59028e-015 -0 -23.8613 -7.61562 162.245 -33.6005 0 -6.95746e-016 7.87442 21.2251 14.471 90 -9.09964e-021 -0 
147.83 83.3295 -134.414 94.3965 -33.0458 2.70796 16.5764 -9.36227 4.49161 8.18885 1.70754e-006 5.12264e-006 -5.12265e-006 1.70755e-006 -8.53773e-006 1.70748e-006 -8.53774e-006 -4.95189e-005 44.9818 38.7074 -26.4704 -179.717 -7.11161 -87.7144 13.0277 -18.238 43.151 -77.966 0 1.59028e-015 -11.5463 -43.8073 -28.5002 -179.662 10.8276 88.2029 4.66888 17.0602 -31.585 -86.9496 6.36111e-015 -0 127.927 77.5852 -128.561 -35.5324 15.7327 -162.344 -51.8114 0 -0 17.121 -3.24912 11.1485 90 3.18055e-015 -1.59028e-015 -24.8022 -6.66671 161.806 -34.8841 -6.36111e-015 7.82715e-016 7.67869 20.9112 15.2985 90 3.03321e-021 -3.18055e-015 
147.273 82.6284 -133.534 94.2543 -33.9055 2.08627 16.6106 -9.99269 4.43778 8.15812 1.70754e-006 5.12264e-006 -5.12265e-006 1.70755e-006 -8.53773e-006 1.70748e-006 -8.53774e-006 -4.95189e-005 45.5577 40.6075 -27.7209 -179.848 -6.81804 -88.7159 13.9351 -20.8752 40.8439 -72.2518 3.18055e-015 -7.95139e-016 -11.763 -47.3513 -27.8691 179.854 11.8499 90.7089 4.93396 21.4408 -28.088 -92.0953 -4.77083e-015 -0 134.754 74.5827 -136.031 -34.8326 13.7169 -160.235 -50.348 0 -3.18055e-015 17.7404 -8.59744 15.7188 90 3.18055e-015 -7.95139e-016 -25.3452 -5.72865 161.541 -36.0344 -3.18056e-015 2.98177e-015 7.48996 20.8544 16.3793 90 1.06162e-020 -0 
146.641 81.838 -132.559 94.0329 -34.1402 1.07628 16.752 -10.833 4.54263 8.07638 1.70754e-006 5.12264e-006 -5.12265e-006 1.70755e-006 -8.53773e-006 1.70748e-006 -8.53774e-006 -4.95189e-005 45.1128 42.701 -27.8915 -179.993 -6.33632 -89.9347 14.4194 -23.3684 39.3176 -65.9417 -3.18055e-015 3.18055e-015 -14.5594 -52.2111 -28.3369 179.333 12.647 93.0436 5.80034 26.8329 -25.2623 -96.4459 1.19271e-015 7.95139e-016 132.37 72.3503 -134.517 -35.5004 11.3907 -157.237 -50.9093 0 3.18055e-015 16.2146 -10.6931 12.3608 90 3.18055e-015 -3.97569e-016 -25.8157 -5.65944 161.202 -37.1399 -3.18056e-015 4.77083e-015 7.27953 20.7237 17.5176 90 7.58303e-021 -0 
145.926 80.989 -131.391 93.9148 -34.0427 0.223164 16.827 -11.811 4.20764 7.95332 1.70754e-006 5.12264e-006 -5.12265e-006 1.70755e-006 -8.53773e-006 1.70748e-006 -8.53774e-006 -4.95189e-005 44.0776 45.251 -27.4858 179.873 -5.84125 -91.2451 14.5638 -25.1586 38.1726 -60.9513 3.18055e-015 -3.37934e-015 -17.1517 -57.4486 -29.2004 178.793 13.68 95.0902 6.24376 32.4584 -23.4261 -100.206 1.98785e-015 -3.97569e-016 133.193 70.4508 -136.062 -36.0663 9.78843 -154.868 -50.6713 -7.95139e-016 -6.36111e-015 14.5532 -11.2546 3.17946 90 -6.36111e-015 -9.93923e-017 -26.3601 -5.51777 160.647 -38.2621 6.36111e-015 -1.19271e-015 6.69621 21.5615 18.8995 90 3.03321e-021 -0 
144.952 80.0133 -130.135 93.6748 -33.6778 -0.813829 16.7726 -12.5933 3.79351 7.79265 1.70754e-006 5.12264e-006 -5.12265e-006 1.70755e-006 -8.53773e-006 1.70748e-006 -8.53774e-006 -4.95189e-005 43.0763 47.4379 -27.0855 179.778 -5.41004 -92.3517 14.2705 -26.3772 37.4398 -57.0115 0 -2.98177e-016 -18.1082 -57.631 -29.2402 178.322 14.6465 96.6068 6.33553 37.9514 -21.3203 -104.129 3.18055e-015 4.77083e-015 132.987 68.4457 -136.129 -37.6052 8.97132 -153.063 -52.5118 -1.59028e-015 -3.18055e-015 14.9282 -10.0952 -1.39979 90 1.59028e-015 -0 -26.6632 -5.6497 159.874 -39.3669 0 3.77691e-015 5.9819 22.5316 20.561 90 -3.03321e-021 -0 
143.698 78.8529 -128.947 93.0558 -32.784 -2.37755 16.5543 -13.3675 3.43823 7.63841 1.70754e-006 5.12264e-006 -5.12265e-006 1.70755e-006 -8.53773e-006 1.70748e-006 -8.53774e-006 -4.95189e-005 42.5116 49.213 -26.522 179.693 -4.72179 -93.7236 13.8181 -26.7092 36.5552 -54.7875 -3.18055e-015 1.59028e-015 -13.9866 -52.8255 -23.7253 177.788 15.6402 98.1539 5.4354 43.0499 -19.0445 -107.739 -6.36111e-015 -3.18055e-015 133.022 65.1473 -136.792 -39.9808 8.24173 -151.901 -57.3782 1.59028e-015 -3.18055e-015 17.6738 -9.02788 -1.24901 90 -1.59028e-015 -4.96962e-017 -26.4282 -6.19611 159.101 -40.7253 3.18056e-015 -3.18056e-015 5.48714 23.5555 22.4478 90 -1.28912e-020 -3.18055e-015 
142.123 77.4852 -127.986 91.856 -32.0051 -4.45693 16.102 -14.1307 2.38345 7.47065 1.70754e-006 5.12264e-006 -5.12265e-006 1.70755e-006 -8.53773e-006 1.70748e-006 -8.53774e-006 -4.95189e-005 41.7317 50.761 -25.4318 179.608 -4.39097 -95.1074 13.6595 -26.7859 34.9241 -53.4684 -6.36111e-015 3.31722e-015 -15.318 -51.2763 -24.515 177.251 16.1283 99.8084 2.58754 47.3743 -16.2988 -110.423 3.18055e-015 -6.36111e-015 131.56 62.9377 -136.077 -42.2491 7.89845 -150.257 -62.7803 -7.95139e-016 -1.59028e-015 20.7344 -7.95376 -0.924823 90 -1.59028e-015 3.97569e-016 -25.3565 -6.29677 158.655 -42.4463 -1.59028e-014 -1.39149e-015 5.31947 24.7944 24.6306 90 -2.38866e-020 6.36111e-015 
140.294 76.0577 -127.261 90.4168 -30.3888 -6.63407 15.4107 -14.7105 0.424544 7.0219 1.70754e-006 5.12264e-006 -5.12265e-006 1.70755e-006 -8.53773e-006 1.70748e-006 -8.53774e-006 -4.95189e-005 39.2389 52.4693 -22.2303 179.365 -5.28486 -96.8611 12.3636 -27.9724 33.5852 -56.8297 3.18055e-015 -3.97569e-015 -11.2305 -51.1741 -21.9296 176.927 15.9959 101.024 -0.689974 51.4003 -13.3286 -112.212 -9.54166e-015 4.77083e-015 129.905 60.1393 -135.489 -43.9928 6.40831 -149.122 -66.9504 -1.3418e-015 3.18055e-015 22.5068 -6.5362 -2.7136 90 0 7.95139e-016 -23.1785 -6.61038 158.156 -44.0009 6.36111e-015 -2.78299e-015 5.23281 26.692 27.2633 90 9.85794e-021 1.59028e-015 
138.407 75.0598 -127.45 89.8744 -23.8194 -8.45325 13.7194 -15.7001 -2.54184 6.34092 1.70754e-006 5.12264e-006 -5.12265e-006 1.70755e-006 -8.53773e-006 1.70748e-006 -8.53774e-006 -4.95189e-005 32.149 52.5882 -12.1791 179.293 -4.01152 -100.003 3.30055 -28.5546 28.2539 -58.4142 -6.36111e-015 -5.56597e-015 -7.40026 -53.4104 -19.088 177.105 15.5999 100.65 -0.0586517 55.7045 -15.0635 -114.43 -1.59028e-014 -2.5842e-015 128.572 56.6103 -134.662 -44.5027 0.300334 -151.664 -69.5508 -5.96354e-016 -0 23.3077 -4.81324 -3.55331 90 1.59028e-015 -0 -17.0402 -7.45038 159.227 -43.918 0 -3.97569e-016 6.1266 32.25 30.9812 90 -1.36495e-020 -3.18055e-015 
136.795 74.7445 -128.567 91.361 -14.2662 -9.21587 11.3314 -14.2333 -7.71013 4.51246 1.70754e-006 5.12264e-006 -5.12265e-006 1.70755e-006 -8.53773e-006 1.70748e-006 -8.53774e-006 -4.95189e-005 21.1465 47.3806 2.20174 -179.883 0.471971 -103.906 -16.3016 -32.0445 18.8586 -52.5359 3.18055e-015 -3.18055e-015 -1.98314 -56.4501 -18.0766 178.287 13.5316 97.2858 6.15785 63.5995 -25.799 -118.9 0 -9.54166e-015 128.756 54.6203 -134.239 -45.9287 -6.60866 -155.178 -68.9297 1.59028e-015 -1.59028e-015 22.1936 -1.20875 -5.94616 90 -7.95139e-016 -9.93923e-017 -9.19169 -8.4051 163.11 -41.8959 0 -7.95139e-016 9.09188 39.7628 32.3192 90 -3.23025e-016 6.36111e-015 
135.48 75.0452 -130.174 94.9808 -2.76111 -10.5999 11.4 -9.17942 -11.315 1.62882 1.70754e-006 5.12264e-006 -5.12265e-006 1.70755e-006 -8.53773e-006 1.70748e-006 -8.53774e-006 -4.95189e-005 15.0677 34.4181 6.45803 -178.122 8.90633 -101.959 -42.1354 -39.069 5.84057 -47.467 3.18055e-015 -3.18055e-015 -5.72906 -60.0691 -17.8388 179.703 6.96047 92.448 14.8996 72.6788 -37.2939 -126.686 3.97569e-016 -2.38542e-015 125.458 50.3143 -134.902 -50.1753 -12.4677 -158.557 -65.9952 1.59028e-015 -0 19.2887 4.07002 -7.73465 90 7.95139e-016 1.98785e-016 -6.36801 -12.6516 169.487 -44.715 3.18056e-015 3.97569e-015 20.1954 42.7371 12.5297 90 3.97569e-016 -6.36111e-015 
134.181 75.6617 -131.626 99.5588 9.31999 -11.1683 14.3121 -2.34055 -14.6041 1.30816 1.70754e-006 5.12264e-006 -5.12265e-006 1.70755e-006 -8.53773e-006 1.70748e-006 -8.53774e-006 -4.95189e-005 8.38727 15.4122 -1.31155 -178.542 12.3159 -96.8036 -66.0138 -42.3144 1.47698 -60.5165 0 -1.59028e-015 -12.742 -59.5521 -19.6167 -179.919 -0.883041 95.2618 7.63445 61.6485 -35.2252 -124.808 4.77083e-015 1.59028e-015 116.491 37.6661 -131.179 -55.9847 -12.6846 -163.255 -61.7951 0 3.97569e-015 15.3613 9.72679 -7.04427 90 -2.38542e-015 -0 -3.19042 -16.8389 172.272 -46.6258 3.18056e-015 7.95139e-016 16.5008 38.9291 18.9308 90 -2.78299e-015 -6.36111e-015 
132.391 76.9338 -132.583 103.641 17.8703 -8.36628 19.067 4.81129 -22.6486 2.16764 1.70754e-006 5.12264e-006 -5.12265e-006 1.70755e-006 -8.53773e-006 1.70748e-006 -8.53774e-006 -4.95189e-005 4.10876 -2.6054 -10.4371 -179.654 10.4189 -91.9143 -74.3354 -37.4914 12.3342 -86.4165 1.59028e-015 -0 -9.02933 -63.8027 -14.4411 -178.502 -10.2297 98.3757 -1.56489 43.5899 -31.891 -91.9895 7.95139e-016 -0 125.792 46.6971 -133.698 -57.4954 -6.23362 -167.071 -54.3159 -6.36111e-015 -1.59028e-015 11.9435 17.6202 -8.03963 90 -3.97569e-016 1.59028e-015 -0.887298 -14.6227 171.41 -46.3658 -1.59028e-015 -3.18056e-015 6.70507 36.3663 25.3796 90 -1.98785e-015 6.36111e-015 
129.836 78.5648 -133.285 107.956 25.9001 -8.91545 23.4846 8.81987 -26.867 3.11997 1.70754e-006 5.12264e-006 -5.12265e-006 1.70755e-006 -8.53773e-006 1.70748e-006 -8.53774e-006 -4.95189e-005 2.1886 -17.3758 -15.4875 179.328 8.39985 -85.4096 -66.324 -22.6553 28.9507 -110.519 -3.97569e-016 1.59028e-015 -14.0101 -67.0249 -11.5711 -178.472 -14.3459 96.1442 -22.7517 25.3582 -20.1666 -40.4123 3.18055e-015 2.38542e-015 108.165 64.8568 -107.024 -58.4622 0.0341627 -169.234 -47.7416 0 -2.38542e-015 6.82265 22.4144 -7.25639 90 -4.96962e-017 1.59028e-015 1.89664 -11.3357 174.227 -43.8609 1.78906e-015 -3.18056e-015 -8.54732 27.0794 29.8274 90 3.18055e-015 -9.54166e-015 
127.272 79.7929 -133.761 113.754 33.969 -12.9187 26.251 10.6684 -26.9279 5.2037 1.70754e-006 5.12264e-006 -5.12265e-006 1.70755e-006 -8.53773e-006 1.70748e-006 -8.53774e-006 -4.95189e-005 -5.23735 -29.693 -15.9471 179.199 4.28555 -79.3991 -53.9869 -2.2203 36.0865 -122.415 0 -1.98785e-016 -22.8658 -75.252 -15.3182 -178.772 -15.1573 94.6855 -29.7814 8.1856 -24.2633 -23.1071 -3.18055e-015 -9.54166e-015 61.4827 58.8854 -53.0446 -61.1475 7.92612 -171.011 -43.6985 -3.18055e-015 -2.73329e-015 1.66203 22.9211 -2.58369 90 -1.98785e-016 3.18055e-015 3.90254 -13.5964 177.35 -38.1817 2.38542e-015 6.36111e-015 -21.2406 12.4232 29.6439 90 3.97569e-016 -0 
124.787 80.4967 -133.727 118.848 39.552 -18.468 27.6056 10.3079 -24.8446 6.09706 1.70754e-006 5.12264e-006 -5.12265e-006 1.70755e-006 -8.53773e-006 1.70748e-006 -8.53774e-006 -4.95189e-005 -8.96295 -38.158 -11.436 -179.797 -0.783568 -75.4774 -33.7455 11.8321 33.9029 -118.687 7.95139e-016 1.59028e-015 2.11383 -76.7235 4.29026 179.887 -11.7178 89.4439 -27.9646 13.8461 -34.3193 -20.5282 6.36111e-015 6.75868e-015 126.634 76.9141 -121.859 -62.4288 11.1444 -171.249 -41.3699 0 1.39149e-015 0.782759 25.6232 -2.57301 90 3.97569e-016 9.54166e-015 1.6093 -15.7286 177.219 -45.1566 1.59028e-015 -0 -25.2615 5.69095 34.287 90 0 1.59028e-015 
122.996 80.8585 -133.146 119.906 41.9443 -22.3811 28.1403 9.70346 -21.244 6.7964 1.70754e-006 5.12264e-006 -5.12265e-006 1.70755e-006 -8.53773e-006 1.70748e-006 -8.53774e-006 -4.95189e-005 -3.52499 -40.7676 -3.10925 -179.146 -4.1652 -78.4074 -17.9832 12.728 38.7927 -101.1 -9.54166e-015 -0 -5.78492 -73.0006 -12.4676 179.294 -10.85 86.2559 -25.2557 17.361 -43.4608 -20.4893 3.18055e-015 -3.97569e-016 73.3993 77.8535 -66.8793 -62.0755 9.49642 -170.253 -41.629 3.18055e-015 1.39149e-015 2.10801 25.336 -2.97736 90 -3.97569e-016 3.18055e-015 -2.93692 -13.9306 174.11 -57.9056 -2.18663e-015 6.36111e-015 -27.1242 10.0659 33.8332 90 1.98785e-016 3.18055e-015 
122.008 81.4796 -132.356 118.084 41.8075 -23.119 29.2818 9.5856 -18.9762 7.06782 1.70754e-006 5.12264e-006 -5.12265e-006 1.70755e-006 -8.53773e-006 1.70748e-006 -8.53774e-006 -4.95189e-005 3.90711 -37.005 4.88345 -179.189 -5.33381 -81.3441 -11.149 8.78508 43.5979 -86.0163 -6.36111e-015 4.77083e-015 10.7128 -69.3881 1.01057 178.977 -10.2676 84.2782 -32.0364 11.474 -46.8359 -20.7325 0 -0 54.5009 66.9701 -46.6669 -59.5116 6.83312 -169.359 -41.1659 3.18055e-015 3.97569e-016 3.70646 22.3412 -2.25474 90 -9.93923e-017 -0 -10.4865 -8.02897 168.841 -71.7673 0 -0 -24.7831 22.572 25.7861 90 0 -0 
121.102 82.3801 -131.947 116.598 40.8128 -23.9238 29.3207 7.93213 -17.2455 7.17273 1.70754e-006 5.12264e-006 -5.12265e-006 1.70755e-006 -8.53773e-006 1.70748e-006 -8.53774e-006 -4.95189e-005 5.54373 -33.5272 8.95266 -179.189 -5.58286 -81.7208 -8.72051 11.6035 40.9076 -84.1239 3.18055e-015 -0 11.4917 -78.5868 5.73075 178.897 -9.38922 83.2715 -29.2661 11.7859 -53.2275 -28.7342 3.18055e-015 -3.97569e-016 59.4504 69.843 -52.8418 -57.4411 4.71723 -167.751 -40.0512 0 -1.98785e-016 3.86285 20.8605 -1.95939 90 9.93923e-017 3.18055e-015 -18.962 -1.67552 165.497 -78.8183 0 -3.18056e-015 -22.2399 27.4656 16.67 90 -3.18055e-015 -6.36111e-015 
119.64 83.3359 -131.666 115.135 41.6183 -24.8898 28.984 4.80124 -14.9537 7.22748 1.70754e-006 5.12264e-006 -5.12265e-006 1.70755e-006 -8.53773e-006 1.70748e-006 -8.53774e-006 -4.95189e-005 7.23499 -30.112 10.9656 -179.327 -5.84524 -83.4212 -9.64629 13.9166 38.2448 -87.1294 4.77083e-015 -0 18.8577 -76.0308 14.6851 178.997 -7.51627 82.3798 -27.6336 10.0853 -57.9175 -38.9634 0 7.45443e-017 63.8578 71.8301 -59.0725 -54.583 3.13511 -166.374 -38.4183 6.36111e-015 1.19271e-015 3.61843 20.8477 -2.02404 90 0 3.18055e-015 -25.3223 -0.536565 163.148 -77.9492 -3.97569e-016 3.18056e-015 -18.9636 24.8524 16.7419 90 -3.18055e-015 6.36111e-015 
117.828 84.2591 -131.353 113.408 43.6722 -25.4693 28.5275 1.79273 -12.366 7.55429 1.70754e-006 5.12264e-006 -5.12265e-006 1.70755e-006 -8.53773e-006 1.70748e-006 -8.53774e-006 -4.95189e-005 9.15258 -25.8975 11.4618 -179.604 -5.02117 -85.4834 -10.7012 12.6194 36.6387 -89.4336 3.18055e-015 3.18055e-015 26.7898 -69.3631 23.2153 179.197 -6.05621 82.434 -28.5734 7.35404 -60.0578 -45.9166 -1.59028e-015 -1.49089e-016 65.4924 69.758 -61.0082 -50.8058 1.07698 -165.63 -36.6089 -1.27222e-014 -1.59028e-015 3.56953 20.6766 -2.25265 90 -1.36664e-016 -6.36111e-015 -29.5369 -3.65448 161.846 -71.1603 -1.59028e-015 3.18056e-015 -15.7291 22.7391 17.4492 90 3.18055e-015 -0 
115.837 85.1416 -131.137 111.607 45.1633 -25.6239 27.7922 0.144919 -10.4832 7.68449 1.70754e-006 5.12264e-006 -5.12265e-006 1.70755e-006 -8.53773e-006 1.70748e-006 -8.53774e-006 -4.95189e-005 10.4387 -22.6956 11.7476 -179.821 -4.10487 -87.498 -12.0108 9.03968 35.6572 -90.8407 -2.78299e-015 -0 30.0448 -64.3564 23.6326 179.312 -5.35222 82.6612 -28.4633 5.54249 -61.144 -49.8638 3.97569e-016 1.19271e-015 62.2416 66.9205 -56.8526 -46.8481 -1.28608 -164.779 -34.8728 0 -7.95139e-016 4.29983 19.2104 -2.25613 90 -1.98785e-016 3.18055e-015 -32.4736 -7.25867 162.667 -61.5033 1.59028e-015 -6.36111e-015 -11.5376 22.1464 18.1139 90 6.36111e-015 -0 
113.755 85.9238 -131.005 109.813 45.8991 -24.754 26.8999 -0.71821 -10.0353 7.48942 1.70754e-006 5.12264e-006 -5.12265e-006 1.70755e-006 -8.53773e-006 1.70748e-006 -8.53774e-006 -4.95189e-005 11.0887 -20.5232 12.2007 -179.951 -3.80279 -89.2671 -12.9903 4.11407 35.2172 -91.6808 0 -3.18055e-015 30.0232 -61.2255 21.0149 179.4 -4.96583 83.0972 -27.9074 4.73951 -61.7512 -51.7807 7.95139e-016 -2.38542e-015 60.8128 66.0113 -54.6465 -42.8248 -2.82553 -163.995 -32.769 -9.54166e-015 2.15557e-015 4.946 17.3603 -2.41817 90 -1.98785e-016 3.18055e-015 -34.2686 -10.9113 164.067 -49.6093 6.36111e-015 3.18056e-015 -8.95669 20.917 18.5138 90 3.18055e-015 1.98785e-016 
111.604 86.456 -130.884 108.178 46.4167 -22.9541 25.5577 -1.38822 -10.597 7.39423 1.70754e-006 5.12264e-006 -5.12265e-006 1.70755e-006 -8.53773e-006 1.70748e-006 -8.53774e-006 -4.95189e-005 11.8441 -18.8631 12.4118 179.973 -3.61332 -90.4255 -12.4362 -1.01819 35.3179 -92.6855 -2.38542e-015 -0 27.2314 -60.749 18.1502 179.471 -4.761 83.6502 -27.5228 4.15549 -61.5911 -53.1857 -3.18055e-015 5.46658e-016 59.4439 66.3079 -52.6311 -39.2536 -2.33781 -163.316 -30.4254 3.18055e-015 -2.28602e-015 5.19692 16.8729 -3.34305 90 -7.95139e-016 3.18055e-015 -35.0187 -15.3576 165.102 -36.6177 0 -0 -8.15032 16.1419 21.4911 90 7.95139e-016 -1.59028e-015 
109.311 86.5419 -130.696 106.48 47.4185 -20.598 24.0483 -1.86552 -11.2376 7.50808 1.70754e-006 5.12264e-006 -5.12265e-006 1.70755e-006 -8.53773e-006 1.70748e-006 -8.53774e-006 -4.95189e-005 13.1712 -17.708 12.4223 179.942 -3.33746 -90.9971 -11.8398 -5.56224 35.6835 -93.1935 -1.59028e-015 -3.18055e-015 21.3776 -64.0762 13.3445 179.531 -4.55829 84.1205 -27.2436 3.26352 -60.415 -54.8669 0 1.2921e-015 56.5781 66.8968 -49.3773 -36.3589 -1.30398 -163.054 -29.3719 3.18055e-015 1.78906e-015 6.12898 16.7567 -4.16352 90 0 -3.18055e-015 -34.3839 -18.9837 166.129 -25.0593 0 -0 -10.167 10.5875 27.3515 90 0 -3.18055e-015 
106.782 86.2848 -130.422 104.081 49.5882 -17.8367 23.1128 -2.49357 -11.1065 7.72749 1.70754e-006 5.12264e-006 -5.12265e-006 1.70755e-006 -8.53773e-006 1.70748e-006 -8.53774e-006 -4.95189e-005 14.2011 -17.6928 12.1009 179.912 -3.28534 -91.5491 -11.4604 -9.75281 37.117 -93.4764 3.18055e-015 -9.54166e-015 15.6049 -66.6951 7.8111 179.581 -4.3322 84.457 -26.8921 2.26423 -58.4356 -56.4847 1.59028e-015 -3.57812e-015 54.4359 67.5586 -47.1988 -33.5486 -1.15975 -163.04 -29.7212 3.18055e-015 -4.12478e-015 7.54347 16.5725 -5.19217 90 0 -6.36111e-015 -32.5312 -20.8986 167.4 -18.3364 3.18056e-015 -2.38542e-015 -12.1271 9.01326 28.2665 90 3.18055e-015 -0 
104.119 85.7949 -130.188 101.737 52.2453 -15.0059 22.1147 -3.1197 -10.8027 7.77168 1.70754e-006 5.12264e-006 -5.12265e-006 1.70755e-006 -8.53773e-006 1.70748e-006 -8.53774e-006 -4.95189e-005 14.7962 -18.8422 11.7599 179.885 -3.23468 -92.0296 -10.7558 -13.5008 39.2473 -94.0478 3.18055e-015 -0 12.2527 -66.1292 4.25029 179.586 -4.19641 84.3595 -25.7645 1.26136 -56.1738 -57.9098 -4.77083e-015 -7.95139e-016 53.7408 68.2947 -46.9124 -31.3193 -1.63605 -163.291 -30.9132 -6.36111e-015 -2.17421e-015 9.28468 17.1538 -6.37886 90 -7.95139e-016 3.18055e-015 -31.2873 -21.3979 169.059 -17.7009 3.18056e-015 -3.97569e-016 -10.2833 10.8268 16.7733 90 -3.18055e-015 6.36111e-015 
101.483 85.2505 -130.003 99.2074 54.6516 -11.9889 21.3063 -3.04772 -10.353 7.49886 1.70754e-006 5.12264e-006 -5.12265e-006 1.70755e-006 -8.53773e-006 1.70748e-006 -8.53774e-006 -4.95189e-005 15.0322 -20.4341 11.1159 179.93 -3.17387 -91.2728 -10.9906 -16.2445 39.9577 -94.2286 1.59028e-015 6.36111e-015 9.6669 -66.0785 1.87855 179.595 -3.93091 84.1084 -23.9066 0.671329 -54.0642 -58.8604 6.36111e-015 -7.55382e-015 53.037 69.2632 -46.5157 -29.3349 -2.41986 -163.416 -32.2555 0 1.49089e-016 10.8393 17.7413 -7.79541 90 -3.97569e-016 9.54166e-015 -29.2113 -17.1648 170.203 -21.1956 3.18056e-015 1.19271e-015 -6.04227 17.5678 8.76162 90 3.97569e-016 -0 
99.0581 84.9509 -129.838 96.1154 56.1725 -9.26038 20.9043 -2.40072 -9.03773 7.34185 1.70754e-006 5.12264e-006 -5.12265e-006 1.70755e-006 -8.53773e-006 1.70748e-006 -8.53774e-006 -4.95189e-005 14.2138 -21.4269 9.74298 -179.985 -3.08169 -89.7149 -10.4262 -17.5123 40.469 -94.9086 4.77083e-015 -6.36111e-015 6.1385 -67.1104 -1.0113 179.587 -3.95191 84.0351 -22.0329 1.10557 -52.0888 -58.6074 2.38542e-015 -3.97569e-016 52.1462 70.8649 -46.0793 -26.7447 -3.42637 -162.912 -33.0188 -6.36111e-015 1.78906e-015 12.5525 17.0063 -8.01342 90 0 6.36111e-015 -28.8063 -13.3795 171.066 -27.5953 -9.54167e-015 -3.97569e-015 -2.58005 21.2104 7.57279 90 -1.98785e-016 3.18055e-015 
96.7872 84.8586 -129.553 92.9355 57.2867 -6.16445 20.2314 -2.38608 -8.20143 7.28556 1.70754e-006 5.12264e-006 -5.12265e-006 1.70755e-006 -8.53773e-006 1.70748e-006 -8.53774e-006 -4.95189e-005 14.2804 -21.1513 8.74112 -179.923 -3.51764 -88.7495 -9.17499 -17.1785 42.1152 -95.4828 -4.77083e-015 6.36111e-015 3.47005 -67.6558 -3.35821 179.554 -4.27652 84.0372 -20.774 2.20767 -50.7657 -56.9809 3.18055e-015 2.38542e-015 50.5796 72.5727 -44.7189 -24.0714 -4.06468 -162.743 -33.4062 -1.27222e-014 -4.37326e-015 13.515 15.6933 -7.67126 90 1.98785e-015 3.18055e-015 -27.2067 -13.3684 171.259 -30.7693 3.18056e-015 -1.59028e-015 1.14051 21.7511 6.71953 90 0 3.18055e-015 
94.7424 85.1971 -129.445 91.2413 58.3461 -4.40623 19.1426 -2.28512 -7.28103 7.18932 1.70754e-006 5.12264e-006 -5.12265e-006 1.70755e-006 -8.53773e-006 1.70748e-006 -8.53774e-006 -4.95189e-005 14.6053 -21.0651 8.33034 -179.839 -4.2749 -87.8452 -8.63239 -15.9003 44.0156 -95.3448 -3.18055e-015 3.18055e-015 3.1532 -67.3339 -3.6827 179.526 -4.32562 83.7361 -19.2446 3.65192 -49.942 -55.2199 3.97569e-016 -0 44.1712 73.1967 -37.7182 -23.123 -3.12587 -162.513 -33.8772 0 -7.95139e-016 12.648 14.0596 -5.7099 90 1.19271e-015 -6.36111e-015 -25.0607 -15.111 171.608 -30.7169 -3.18056e-015 -0 3.47657 21.2902 5.3795 90 -9.93923e-017 9.54166e-015 
92.9206 85.7657 -129.346 90.0235 58.7262 -3.08581 17.974 -1.38363 -6.41211 7.17337 1.70754e-006 5.12264e-006 -5.12265e-006 1.70755e-006 -8.53773e-006 1.70748e-006 -8.53774e-006 -4.95189e-005 14.7827 -21.249 8.0123 -179.742 -4.66957 -86.8286 -8.12477 -13.3767 45.7066 -95.1535 -3.18055e-015 -6.36111e-015 4.86378 -67.07 -2.19149 179.546 -4.20964 83.8415 -17.6154 4.80783 -49.9298 -53.7788 1.19271e-015 -1.09332e-015 36.6575 74.0121 -29.9721 -22.5743 -1.203 -162.031 -33.9371 0 1.78906e-015 10.9324 12.6282 -3.5294 90 -7.95139e-016 6.36111e-015 -22.5532 -14.6571 172.821 -29.5075 3.18056e-015 -7.95139e-016 4.36389 22.4337 4.69677 90 0 -1.27222e-014 
91.2414 86.3668 -129.161 88.9029 59.0027 -1.67703 16.8337 -0.914413 -5.75848 7.11859 1.70754e-006 5.12264e-006 -5.12265e-006 1.70755e-006 -8.53773e-006 1.70748e-006 -8.53774e-006 -4.95189e-005 15.116 -21.1218 7.72176 -179.604 -5.22792 -85.6663 -7.71484 -9.7044 46.8118 -94.9209 2.38542e-015 -3.18055e-015 5.9134 -67.1703 -1.16778 179.571 -4.03184 83.9171 -16.8699 5.38387 -50.0556 -52.394 -6.31141e-015 3.70236e-015 35.1768 75.4273 -28.8185 -21.5106 -0.259973 -161.954 -33.4757 3.18055e-015 2.38542e-015 9.3422 11.4554 -1.53597 90 7.95139e-016 -3.18055e-015 -19.9356 -14.3407 173.796 -27.672 -6.36111e-015 -3.18056e-015 4.9672 23.3183 3.96172 90 4.96962e-017 -3.18055e-015 
89.6734 86.8931 -128.946 87.7888 59.3562 -0.346901 15.8098 -0.995441 -5.01036 7.0136 1.70754e-006 5.12264e-006 -5.12265e-006 1.70755e-006 -8.53773e-006 1.70748e-006 -8.53774e-006 -4.95189e-005 15.6978 -20.6727 7.26382 -179.407 -5.98355 -84.3331 -7.41524 -5.48929 47.413 -94.5017 -4.77083e-015 -6.36111e-015 8.34895 -66.6014 1.06117 179.583 -3.81709 83.7568 -17.0715 5.38552 -49.9202 -51.3342 1.98785e-015 -7.85199e-015 39.3038 76.4601 -32.9473 -20.2891 0.0356058 -161.896 -32.8381 0 -2.5842e-015 7.769 10.4247 -0.397947 90 7.95139e-016 -0 -17.2077 -13.7875 174.824 -25.5946 -9.54167e-015 1.59028e-015 5.48677 24.339 3.27542 90 0 3.18055e-015 
88.2334 87.2633 -128.729 86.7495 59.5762 0.840794 14.9427 -0.887592 -4.16462 6.88448 1.70754e-006 5.12264e-006 -5.12265e-006 1.70755e-006 -8.53773e-006 1.70748e-006 -8.53774e-006 -4.95189e-005 16.4595 -20.3617 6.91206 -179.187 -6.73812 -83.103 -7.75748 -1.2023 47.8809 -93.4082 -2.38542e-015 -0 12.1791 -64.7767 4.55029 179.621 -3.36318 83.5655 -17.5593 4.85198 -49.725 -51.0419 9.93923e-016 -1.98785e-015 41.4901 75.6454 -34.8584 -19.3165 0.571902 -161.61 -32.3862 -3.18055e-015 -1.98785e-016 6.48407 9.80594 0.295836 90 3.57812e-015 -3.18055e-015 -14.7946 -13.1756 175.784 -23.8635 0 7.95139e-016 6.14985 25.1403 2.57557 90 0 9.54166e-015 
86.9325 87.4779 -128.543 85.9023 59.5071 1.84878 14.2 -0.544479 -3.35796 6.81775 1.70754e-006 5.12264e-006 -5.12265e-006 1.70755e-006 -8.53773e-006 1.70748e-006 -8.53774e-006 -4.95189e-005 16.9956 -19.7387 6.58181 -178.947 -7.50804 -81.989 -8.41081 2.62661 48.53 -91.2814 5.46658e-016 3.18055e-015 15.0437 -62.3324 7.85447 179.662 -2.92336 83.3958 -18.0303 3.91664 -49.606 -51.4124 -1.59028e-015 -2.78299e-015 41.4877 74.7567 -34.7863 -18.4739 1.00949 -161.268 -32.1607 -9.54166e-015 -8.54774e-015 5.60607 9.33324 0.632371 90 3.47873e-015 -0 -13.1429 -13.0272 176.432 -23.0261 -3.18056e-015 -3.18056e-015 7.01809 25.1366 1.86906 90 0 -0 
85.7074 87.5821 -128.411 85.1672 59.4137 2.72484 13.6755 -0.234189 -2.5854 6.79529 1.70754e-006 5.12264e-006 -5.12265e-006 1.70755e-006 -8.53773e-006 1.70748e-006 -8.53774e-006 -4.95189e-005 16.9968 -19.1457 6.213 -178.728 -8.024 -80.9612 -8.67868 5.79128 49.4404 -88.5501 1.19271e-015 3.18055e-015 17.8569 -59.8962 10.5944 179.687 -2.54983 83.0059 -18.3063 2.88529 -49.5871 -51.9799 -1.19271e-015 -5.96354e-016 42.2021 74.7077 -35.494 -17.8386 1.14433 -160.92 -32.3364 -9.54166e-015 1.78906e-015 5.03112 8.9006 1.11306 90 6.95746e-016 -0 -12.1397 -12.9397 176.922 -23.1161 0 7.95139e-016 8.03176 25.0036 1.26551 90 1.21329e-020 -3.18055e-015 
84.5628 87.6276 -128.305 84.3732 59.3563 3.62738 13.4134 -0.0932683 -1.83363 6.81898 1.70754e-006 5.12264e-006 -5.12265e-006 1.70755e-006 -8.53773e-006 1.70748e-006 -8.53774e-006 -4.95189e-005 16.709 -18.7575 5.72727 -178.537 -8.39003 -80.0733 -8.65528 8.37368 50.6345 -85.5504 -2.38542e-015 -6.36111e-015 19.8537 -57.4083 11.3617 179.696 -2.31565 82.5122 -18.3196 1.92097 -49.8027 -52.603 -1.19271e-015 -2.5842e-015 43.0043 74.7424 -36.2878 -17.4716 1.09094 -160.688 -33.0143 6.36111e-015 -8.15017e-015 4.40753 7.83474 1.58776 90 3.67752e-015 -9.54166e-015 -11.2745 -12.8221 177.378 -23.4431 3.18056e-015 -7.95139e-016 9.09716 24.9765 0.690801 90 0 3.18055e-015 
83.4817 87.6584 -128.182 83.6298 59.2519 4.49258 13.2679 0.0120681 -1.17049 6.81512 1.70754e-006 5.12264e-006 -5.12265e-006 1.70755e-006 -8.53773e-006 1.70748e-006 -8.53774e-006 -4.95189e-005 16.5907 -18.4064 5.13522 -178.379 -8.84557 -79.5711 -9.05185 10.4124 52.301 -81.6107 -1.59028e-015 -3.18055e-015 20.6654 -55.8624 11.1942 179.702 -2.13948 82.0683 -18.2548 1.00547 -50.3928 -52.9254 4.37326e-015 2.38542e-015 43.968 74.4183 -37.2261 -17.6271 1.2557 -160.637 -34.3461 0 -4.37326e-015 3.61259 5.82231 2.56399 90 -8.94531e-016 6.36111e-015 -10.461 -12.8236 177.755 -23.7483 3.18056e-015 -0 10.1001 24.8654 0.149926 90 -2.32951e-018 -3.18055e-015 
82.4629 87.6945 -128.026 83.0163 59.1426 5.36232 13.0983 0.133659 -0.711934 6.86712 1.70754e-006 5.12264e-006 -5.12265e-006 1.70755e-006 -8.53773e-006 1.70748e-006 -8.53774e-006 -4.95189e-005 16.5717 -18.1909 4.50463 -178.29 -9.13517 -79.3504 -9.77079 12.0523 54.1229 -76.7892 7.95139e-015 6.36111e-015 20.8949 -55.3388 11.0507 179.74 -1.80731 81.8186 -18.4162 0.218045 -51.4562 -52.8428 2.78299e-015 -4.77083e-015 44.8843 74.1033 -38.1467 -18.1931 1.32802 -160.92 -36.1453 3.18055e-015 2.78299e-015 2.41434 2.9305 3.4725 90 9.93923e-016 -0 -9.73585 -12.7186 177.983 -24.0283 -6.36111e-015 2.38542e-015 11.0521 24.8265 -0.342577 90 2.32951e-018 3.18055e-015 
81.4932 87.6989 -127.839 82.272 59.0692 6.28319 13.0915 0.200923 -0.25781 6.95235 1.70754e-006 5.12264e-006 -5.12265e-006 1.70755e-006 -8.53773e-006 1.70748e-006 -8.53774e-006 -4.95189e-005 16.4639 -17.9886 3.88045 -178.274 -9.16163 -79.2853 -10.5034 13.4047 55.812 -71.6553 0 6.36111e-015 21.6471 -55.6123 11.4632 179.788 -1.46909 81.7828 -18.9055 -0.488884 -52.8074 -52.4631 -6.75868e-015 4.77083e-015 45.8923 73.7235 -39.0436 -18.928 0.948718 -161.504 -38.3044 6.36111e-015 1.19271e-015 1.1302 -1.0175 4.7805 90 9.1441e-015 -3.18055e-015 -8.97088 -12.5546 178.235 -24.3709 9.54167e-015 3.97569e-015 12.005 24.9045 -0.786119 90 -7.76503e-019 -0 
80.5776 87.6782 -127.596 81.5072 59.0115 7.09065 13.1741 0.310801 0.31166 7.02185 1.70754e-006 5.12264e-006 -5.12265e-006 1.70755e-006 -8.53773e-006 1.70748e-006 -8.53774e-006 -4.95189e-005 16.2619 -17.8584 3.11976 -178.286 -9.05093 -79.2293 -11.3522 14.4306 57.3188 -66.1239 6.36111e-015 -0 22.3075 -55.7699 11.854 179.809 -1.3232 81.7746 -19.178 -1.13976 -54.1672 -52.2389 7.95139e-016 -3.18055e-015 46.9854 72.7001 -39.5101 -19.7166 0.202961 -162.496 -40.516 3.18055e-015 -3.97569e-016 0.281118 -5.48065 7.35206 90 -5.96354e-016 -0 -8.14615 -12.7509 178.49 -24.6728 -6.36111e-015 -1.59028e-015 12.9204 24.6743 -1.16292 90 0 -3.18055e-015 
79.7589 87.6681 -127.28 81.012 58.8514 7.6311 13.22 0.609806 0.877265 7.03676 1.70754e-006 5.12264e-006 -5.12265e-006 1.70755e-006 -8.53773e-006 1.70748e-006 -8.53774e-006 -4.95189e-005 16.0186 -18.0476 2.29628 -178.276 -9.02472 -79.1397 -12.2601 14.9043 58.6736 -60.3083 -3.18055e-015 3.18055e-015 23.7775 -55.4594 12.6461 179.831 -1.15025 81.6532 -19.758 -1.91477 -55.1441 -52.0155 1.98785e-015 2.38542e-015 48.0845 71.8067 -40.1504 -20.793 0.00683835 -163.669 -42.6666 -3.18055e-015 7.95139e-015 0.3497 -6.90249 9.33482 90 1.19271e-015 -0 -7.37445 -12.7553 178.748 -24.8065 3.18056e-015 -0 13.6854 24.5573 -1.45313 90 3.10601e-018 -0 
79.0566 87.7067 -126.855 80.7925 58.3592 8.13804 13.2295 1.07029 1.06014 7.04762 1.70754e-006 5.12264e-006 -5.12265e-006 1.70755e-006 -8.53773e-006 1.70748e-006 -8.53774e-006 -4.95189e-005 15.7274 -18.2165 1.58974 -178.261 -9.05135 -79.0788 -12.0379 14.7756 59.969 -54.8463 -9.54166e-015 -0 24.7308 -54.3119 12.6991 179.854 -0.985766 81.5509 -21.0114 -2.73629 -55.8917 -51.5706 -3.97569e-016 4.17448e-015 48.4152 71.5517 -40.3838 -21.9513 1.01919 -165.017 -44.0824 3.18055e-015 3.18055e-015 1.60752 -1.82149 8.74135 90 7.95139e-015 -3.18055e-015 -6.71221 -12.703 178.657 -24.8177 -6.36111e-015 7.95139e-016 14.2948 24.0919 -1.60311 90 -1.55301e-018 -6.36111e-015 
78.4364 87.7495 -126.314 80.7455 57.6972 8.52902 13.2498 1.57183 1.1005 7.05743 1.70754e-006 5.12264e-006 -5.12265e-006 1.70755e-006 -8.53773e-006 1.70748e-006 -8.53774e-006 -4.95189e-005 15.3201 -18.3953 0.906364 -178.202 -9.24383 -78.9433 -10.7949 14.2059 61.0186 -49.9706 3.18055e-015 -0 24.5125 -53.4788 11.5635 179.863 -0.932439 81.647 -22.6457 -3.52071 -56.625 -51.1385 3.77691e-015 -3.97569e-016 47.7207 70.9881 -39.4047 -23.0836 3.05569 -166.532 -43.783 3.18055e-015 -4.77083e-015 1.91434 2.42313 7.79847 90 4.37326e-015 3.18055e-015 -6.12044 -12.3548 178.479 -24.8205 0 -0 14.847 23.7865 -1.65404 90 1.55301e-018 -3.18055e-015 
77.7935 87.7746 -125.658 80.8357 57.0976 8.47456 13.1582 2.1427 1.46139 7.09779 1.70754e-006 5.12264e-006 -5.12265e-006 1.70755e-006 -8.53773e-006 1.70748e-006 -8.53774e-006 -4.95189e-005 14.8662 -18.7511 0.152364 -178.111 -9.45588 -78.6508 -8.93971 13.5733 61.6237 -45.9512 0 1.59028e-015 23.6965 -53.8858 10.0539 179.866 -0.941243 81.9029 -24.1119 -4.27301 -57.3744 -51.0506 2.73329e-016 -2.23633e-016 47.055 69.8282 -38.35 -24.0538 5.52147 -167.784 -41.5075 -6.36111e-015 -2.38542e-015 1.09034 4.77173 7.43671 90 -1.98785e-016 3.18055e-015 -5.3082 -12.1479 178.6 -24.5316 -6.36111e-015 -0 15.3068 23.4171 -1.63353 90 1.55301e-018 3.18055e-015 
77.1279 87.7863 -124.903 81.1042 56.6419 7.97942 12.9367 2.76742 2.09719 7.12019 1.70754e-006 5.12264e-006 -5.12265e-006 1.70755e-006 -8.53773e-006 1.70748e-006 -8.53774e-006 -4.95189e-005 14.4667 -19.2925 -0.613293 -178.005 -9.68236 -78.3 -6.98286 13.1127 61.769 -43.1524 1.27222e-014 4.77083e-015 23.5373 -54.5162 9.38094 179.885 -0.838673 82.1638 -25.5741 -5.05281 -57.9745 -51.1618 -7.95139e-016 1.78906e-015 46.648 68.7832 -37.6321 -24.6363 8.08164 -168.815 -36.9264 3.18055e-015 2.98177e-015 -1.21535 5.44692 7.24356 90 1.78906e-015 -0 -4.31569 -12.2079 178.98 -23.9146 -3.18056e-015 -0 15.6546 22.9797 -1.55287 90 6.21202e-018 -0 
76.4392 87.7504 -124.029 81.4921 56.1787 7.25424 12.6215 3.47797 2.76621 7.141 1.70754e-006 5.12264e-006 -5.12265e-006 1.70755e-006 -8.53773e-006 1.70748e-006 -8.53774e-006 -4.95189e-005 14.1034 -19.806 -1.31545 -177.88 -10.0111 -77.9767 -5.51581 13.0577 61.534 -41.7285 -9.54166e-015 -1.59028e-015 23.6605 -55.1249 9.21508 179.901 -0.742055 82.3704 -26.9233 -5.92831 -58.3967 -51.5769 -1.19271e-015 1.59028e-015 47.1724 68.2671 -38.1102 -24.5998 10.3346 -169.906 -30.5385 0 1.52816e-015 -4.01902 5.70469 7.36246 90 -2.98177e-015 -3.18055e-015 -3.31193 -12.0934 179.476 -23.3536 6.36111e-015 3.18056e-015 16.0854 22.6836 -1.41617 90 -6.21202e-018 -0 
75.7116 87.6356 -123.02 81.9158 55.5477 6.36962 12.2544 4.34182 3.40662 7.19282 1.70754e-006 5.12264e-006 -5.12265e-006 1.70755e-006 -8.53773e-006 1.70748e-006 -8.53774e-006 -4.95189e-005 13.7327 -20.2518 -1.86245 -177.719 -10.4547 -77.6166 -4.83252 13.4317 60.9326 -41.4051 3.18055e-015 3.18055e-015 23.9818 -55.4681 9.5854 179.901 -0.759787 82.5638 -28.1329 -6.83111 -58.7136 -52.119 -1.19271e-015 3.97569e-016 47.8168 68.0448 -38.8852 -24.7703 12.4786 -170.653 -24.9284 0 -1.98785e-016 -3.93092 6.48376 6.83179 90 -9.93923e-016 -3.18055e-015 -2.36494 -11.8063 -179.961 -23.072 3.18056e-015 1.59028e-015 16.6997 22.3904 -1.22077 90 -3.10601e-018 3.18055e-015 
74.9342 87.4319 -121.889 82.2664 54.6417 5.43565 11.9367 5.28208 3.92386 7.24756 1.70754e-006 5.12264e-006 -5.12265e-006 1.70755e-006 -8.53773e-006 1.70748e-006 -8.53774e-006 -4.95189e-005 13.4249 -20.2542 -2.25227 -177.551 -10.8904 -77.2438 -4.36496 13.9487 60.0911 -41.8725 9.54166e-015 -3.18055e-015 23.971 -55.8466 9.99566 179.884 -0.902865 82.7003 -29.4421 -7.68807 -58.8746 -52.6493 4.77083e-015 -2.38542e-015 47.9734 67.8654 -39.0232 -24.4981 13.7905 -171.23 -19.268 0 1.19271e-015 -3.65718 7.91323 5.7077 90 0 -0 -1.46978 -11.3659 -179.38 -23.159 -3.18056e-015 -0 17.5363 22.0036 -0.96959 90 3.10601e-018 -3.18055e-015 
74.0774 87.1474 -120.619 82.5058 53.8078 4.53584 11.6194 5.89972 4.27544 7.27329 1.70754e-006 5.12264e-006 -5.12265e-006 1.70755e-006 -8.53773e-006 1.70748e-006 -8.53774e-006 -4.95189e-005 13.4372 -19.9427 -2.35347 -177.375 -11.3371 -76.8701 -4.02753 14.3799 59.0949 -42.5446 -9.54166e-015 -1.11319e-014 23.6698 -56.5159 10.1296 179.857 -1.10327 82.6104 -30.9013 -8.50155 -58.8059 -52.9982 -3.18055e-015 1.59028e-015 48.1464 67.3838 -39.1538 -24.0892 13.4567 -171.713 -14.8327 3.18055e-015 -7.95139e-016 -3.1125 8.2691 4.23535 90 0 -6.36111e-015 -0.525156 -10.9804 -178.814 -23.4837 -6.36111e-015 1.59028e-015 18.5901 21.553 -0.654551 90 0 3.18055e-015 
73.1161 86.7797 -119.2 82.4355 53.0388 3.89756 11.3906 6.34626 4.38447 7.30565 1.70754e-006 5.12264e-006 -5.12265e-006 1.70755e-006 -8.53773e-006 1.70748e-006 -8.53774e-006 -4.95189e-005 13.7757 -19.4781 -2.1413 -177.268 -11.5885 -76.6373 -3.67741 14.5103 58.1059 -43.0521 6.36111e-015 4.77083e-015 23.2999 -57.0401 10.1483 179.832 -1.26984 82.4751 -32.2611 -9.08621 -58.7817 -53.1488 5.56597e-015 -3.97569e-015 48.1792 67.0555 -39.2961 -23.6909 12.0041 -171.989 -12.8444 0 -0 -2.21231 8.93981 4.11751 90 0 -6.36111e-015 0.592885 -10.5356 -178.286 -24.0502 3.18056e-015 -1.59028e-015 19.8973 21.3033 -0.317403 90 3.10601e-018 3.18055e-015 
72.1047 86.3362 -117.581 82.2171 52.0762 3.59075 11.2008 6.83706 4.03944 7.33324 1.70754e-006 5.12264e-006 -5.12265e-006 1.70755e-006 -8.53773e-006 1.70748e-006 -8.53774e-006 -4.95189e-005 14.25 -19.0844 -1.66919 -177.222 -11.6721 -76.5144 -3.33266 14.3456 57.1509 -43.3097 -6.36111e-015 6.36111e-015 22.9765 -57.5326 10.0344 179.804 -1.46984 82.4172 -33.277 -9.42421 -58.9654 -53.1535 1.59028e-015 7.95139e-016 48.0773 66.6574 -39.147 -23.317 10.2008 -172.171 -13.4552 3.18055e-015 -0 -2.22545 9.53807 4.18767 90 -1.59028e-015 -3.18055e-015 1.67507 -9.77593 -178.075 -24.9931 -6.36111e-015 -0 21.4765 21.2267 0.0896801 90 0 -0 
71.1149 85.8674 -115.743 82.0588 50.8709 3.54516 10.9995 7.33729 3.2239 7.29251 1.70754e-006 5.12264e-006 -5.12265e-006 1.70755e-006 -8.53773e-006 1.70748e-006 -8.53774e-006 -4.95189e-005 14.7011 -18.526 -1.25518 -177.175 -11.6821 -76.303 -3.11889 13.9088 56.1316 -43.2231 3.18055e-015 4.77083e-015 22.6969 -57.9315 9.88002 179.774 -1.69841 82.4106 -33.8731 -9.56899 -59.2742 -53.0395 -1.59028e-015 -3.18055e-015 47.6271 66.3205 -38.6154 -23.2108 8.24604 -172.154 -16.141 6.36111e-015 7.95139e-016 -4.75503 11.135 2.80391 90 1.59028e-015 3.18055e-015 2.68957 -8.58755 -178.293 -26.0286 0 -0 23.1352 21.471 0.593573 90 -1.55301e-018 -0 
70.1967 85.56 -113.777 81.8399 49.7364 4.46744 11.1478 7.56306 1.23253 7.1796 1.70754e-006 5.12264e-006 -5.12265e-006 1.70755e-006 -8.53773e-006 1.70748e-006 -8.53774e-006 -4.95189e-005 14.9515 -17.9024 -0.656218 -177.167 -11.5535 -76.1218 -3.25868 12.924 55.0543 -42.4746 0 3.18055e-015 22.0716 -58.3452 9.37529 179.732 -1.92889 82.0928 -33.7337 -9.29868 -59.5452 -52.5673 -7.95139e-016 -0 46.3917 66.1125 -37.4621 -22.8381 7.81675 -172.771 -18.098 0 -1.59028e-015 -7.00231 8.72128 3.6132 90 -7.95139e-016 9.54166e-015 3.85376 -6.99394 -179.351 -26.5928 -3.18056e-015 1.59028e-015 24.5863 22.6041 1.02106 90 0 3.18055e-015 
69.3105 85.3627 -111.764 81.4596 49.0984 5.73782 11.3843 7.58644 -0.83884 7.12599 1.70754e-006 5.12264e-006 -5.12265e-006 1.70755e-006 -8.53773e-006 1.70748e-006 -8.53774e-006 -4.95189e-005 15.0665 -17.866 -0.257831 -177.377 -10.9638 -76.4542 -3.46933 11.4699 54.5324 -41.6033 0 3.18055e-015 22.1744 -57.8114 8.98255 179.715 -2.13327 82.3867 -32.4114 -8.29631 -60.5333 -51.902 -3.97569e-015 -0 45.2356 66.0744 -36.0951 -22.9725 8.50044 -173.515 -21.7107 3.18055e-015 -2.38542e-015 -5.45821 8.8497 3.99892 90 0 3.18055e-015 5.67673 -6.27382 179.355 -26.1747 0 1.59028e-015 25.5828 23.6637 1.51249 90 -1.21329e-020 3.18055e-015 
68.4956 85.3551 -109.693 81.4697 48.5532 6.3302 11.307 7.43789 -2.27442 6.94898 1.70754e-006 5.12264e-006 -5.12265e-006 1.70755e-006 -8.53773e-006 1.70748e-006 -8.53774e-006 -4.95189e-005 15.2772 -18.0334 -0.215107 -177.372 -10.6931 -76.1068 -4.00283 9.74961 53.5728 -41.064 6.36111e-015 6.36111e-015 22.5064 -57.401 8.94577 179.676 -2.48601 82.5807 -30.6212 -7.51794 -61.2257 -50.9363 -2.38542e-015 3.97569e-016 44.2678 66.8611 -35.1973 -22.6703 8.01101 -174.356 -24.5355 -6.36111e-015 3.97569e-016 -3.05102 7.81485 3.42416 90 7.95139e-016 -1.27222e-014 6.29271 -5.74447 178.167 -27.541 0 3.18056e-015 25.526 24.634 2.91468 90 9.93923e-017 -3.18055e-015 
67.8045 85.5785 -107.667 82.0021 47.9492 6.20569 10.7666 7.31539 -3.16436 6.83788 1.70754e-006 5.12264e-006 -5.12265e-006 1.70755e-006 -8.53773e-006 1.70748e-006 -8.53774e-006 -4.95189e-005 15.4481 -18.5743 -0.342009 -177.282 -10.6753 -75.6259 -5.1624 7.83852 52.8676 -40.4551 -3.18055e-015 -0 20.5601 -57.9489 7.26273 179.658 -2.69648 82.779 -29.1031 -6.7948 -61.5393 -49.4121 -1.19271e-015 1.39149e-015 43.5922 67.9639 -34.8605 -22.0204 7.6958 -175.083 -25.9409 0 -8.94531e-016 -1.07686 6.73009 3.15348 90 -3.97569e-016 -0 4.08419 -4.99741 176.794 -33.2303 0 3.18056e-015 23.7082 25.605 6.18557 90 -1.98785e-016 3.18055e-015 
67.1594 85.9654 -105.765 82.6279 47.6345 5.9387 10.1357 6.9525 -3.93026 6.73406 1.70754e-006 5.12264e-006 -5.12265e-006 1.70755e-006 -8.53773e-006 1.70748e-006 -8.53774e-006 -4.95189e-005 15.6792 -19.4304 -0.132336 -177.418 -10.4013 -75.9756 -6.28014 5.76905 53.1942 -40.028 -3.18055e-015 3.18055e-015 18.5362 -58.9327 5.14577 179.654 -2.867 83.1098 -27.7049 -6.02432 -61.794 -47.6329 -2.18663e-015 7.95139e-016 41.6605 68.5958 -32.6526 -21.0124 8.02295 -175.727 -26.181 -6.36111e-015 3.13086e-015 0.493116 6.41755 3.30737 90 7.95139e-016 -3.18055e-015 0.797865 -5.04213 175.393 -40.0447 -3.18056e-015 -3.18056e-015 20.4626 26.6157 8.64613 90 7.95139e-016 -1.59028e-015 
66.5137 86.3779 -104.058 83.1913 47.5972 5.59035 9.60603 6.23693 -4.59972 6.61703 1.70754e-006 5.12264e-006 -5.12265e-006 1.70755e-006 -8.53773e-006 1.70748e-006 -8.53774e-006 -4.95189e-005 15.8859 -20.1839 0.376138 -177.743 -9.83952 -77.0151 -7.44553 3.90149 54.1253 -40.025 9.54166e-015 -0 16.1782 -59.5388 2.84904 179.652 -3.00507 83.3869 -26.6045 -5.30077 -61.8061 -45.9086 -4.96962e-016 3.97569e-016 40.8104 68.9128 -31.7367 -19.6819 8.3249 -176.181 -25.5026 9.54166e-015 -9.93923e-017 1.48669 6.49966 2.91489 90 9.93923e-016 -3.18055e-015 -3.39694 -6.0184 174.183 -47.4301 3.18056e-015 3.18056e-015 16.2564 28.4823 8.38251 90 -3.18055e-015 3.18055e-015 
65.8911 86.7366 -102.483 83.4486 47.6413 5.41825 9.36978 5.31463 -5.14869 6.52674 1.70754e-006 5.12264e-006 -5.12265e-006 1.70755e-006 -8.53773e-006 1.70748e-006 -8.53774e-006 -4.95189e-005 15.9696 -20.8157 0.879895 -178.063 -9.13359 -77.9694 -9.17522 2.37309 54.5748 -40.5267 -3.18055e-015 -3.18055e-015 15.4945 -60.41 2.48485 179.649 -3.09253 83.5232 -25.7096 -4.63854 -61.4501 -44.4693 1.59028e-015 -2.38542e-015 40.3509 69.1072 -31.1764 -18.1687 8.99909 -176.453 -24.565 -9.54166e-015 6.95746e-016 2.2322 7.08057 2.2854 90 7.95139e-016 -6.36111e-015 -7.75166 -7.39082 172.669 -53.8762 -3.18056e-015 3.18056e-015 9.65729 31.209 10.0267 90 -1.59028e-015 -1.19271e-015 
65.2496 87.0448 -101.097 83.4673 48.0019 5.26721 9.36471 4.08924 -5.44899 6.49058 1.70754e-006 5.12264e-006 -5.12265e-006 1.70755e-006 -8.53773e-006 1.70748e-006 -8.53774e-006 -4.95189e-005 15.9231 -21.4542 1.31628 -178.297 -8.45905 -78.5755 -11.8671 1.10197 54.0575 -41.279 -3.18055e-015 6.36111e-015 15.6116 -61.0336 2.95052 179.634 -3.12133 83.3032 -24.7471 -4.05962 -60.7122 -43.5045 -7.95139e-016 -6.55989e-015 39.8161 69.4555 -30.6058 -16.815 9.43159 -176.573 -23.8673 3.18055e-015 7.95139e-016 2.94187 7.69784 1.90194 90 -3.97569e-016 3.18055e-015 -11.481 -9.51108 171.188 -57.8235 0 -0 3.39021 33.5562 11.2019 90 1.59028e-015 -7.95139e-016 
64.5729 87.3325 -99.8443 83.4125 48.5159 5.0903 9.41888 2.8834 -5.56702 6.49812 1.70754e-006 5.12264e-006 -5.12265e-006 1.70755e-006 -8.53773e-006 1.70748e-006 -8.53774e-006 -4.95189e-005 16.0107 -22.2495 1.77412 -178.485 -7.82685 -79.0114 -15.2259 0.0732901 52.8586 -42.09 -6.36111e-015 -3.18055e-015 15.3643 -61.1814 3.09269 179.621 -3.04595 82.9064 -23.4761 -3.45719 -59.9642 -42.8141 2.38542e-015 -1.19271e-015 38.9056 69.9724 -29.7333 -15.4447 9.46679 -176.607 -23.0548 -3.18055e-015 -9.93923e-016 3.52726 8.15957 1.34883 90 9.93923e-017 -6.36111e-015 -14.6447 -11.5967 169.894 -59.6942 3.18056e-015 -3.18056e-015 -0.283812 33.7113 11.3137 90 1.59028e-015 -0 
63.8475 87.6037 -98.7022 83.3924 48.9098 4.79829 9.46653 1.91371 -5.54579 6.48942 1.70754e-006 5.12264e-006 -5.12265e-006 1.70755e-006 -8.53773e-006 1.70748e-006 -8.53774e-006 -4.95189e-005 16.2441 -23.1343 2.34503 -178.678 -7.22806 -79.6085 -18.1453 -1.34499 51.8097 -42.7518 9.54166e-015 -6.36111e-015 15.0773 -60.8602 3.00483 179.62 -2.93538 82.6109 -21.9534 -2.75869 -59.582 -42.2687 0 7.95139e-016 37.9951 70.8885 -28.8405 -14.1888 9.58474 -176.448 -22.3264 6.36111e-015 -0 4.13899 8.62915 0.869694 90 2.48481e-016 -6.36111e-015 -17.567 -13.2498 168.86 -60.2378 0 6.36111e-015 -2.03253 32.3695 11.9054 90 -1.59028e-015 -1.59028e-015 
63.092 87.8367 -97.6469 83.5254 49.282 4.40237 9.4141 0.937773 -5.48427 6.50199 1.70754e-006 5.12264e-006 -5.12265e-006 1.70755e-006 -8.53773e-006 1.70748e-006 -8.53774e-006 -4.95189e-005 16.4539 -23.8905 2.88346 -178.84 -6.80979 -80.3061 -20.3612 -3.06316 51.0406 -43.5052 -3.18055e-015 3.18055e-015 13.5962 -60.8165 1.91138 179.632 -2.77021 82.4225 -20.6066 -2.10528 -59.4683 -41.7753 1.59028e-015 -7.95139e-016 36.6169 71.6836 -27.4995 -13.1385 9.7957 -176.208 -21.7104 -3.18055e-015 1.98785e-015 4.74406 9.19703 0.465954 90 9.93923e-017 -0 -20.3057 -14.77 167.952 -59.2209 0 6.36111e-015 -2.4652 31.1316 12.5232 90 -1.59028e-015 1.59028e-015 
62.2747 88.0129 -96.6526 83.4796 49.6905 4.23014 9.53243 -0.115249 -5.46405 6.52108 1.70754e-006 5.12264e-006 -5.12265e-006 1.70755e-006 -8.53773e-006 1.70748e-006 -8.53774e-006 -4.95189e-005 16.4492 -24.6509 3.42705 -178.97 -6.50684 -80.9817 -21.7776 -4.95391 50.4526 -44.5253 -1.59028e-015 -0 13.3026 -61.076 1.98776 179.644 -2.60009 82.1925 -19.5666 -1.66158 -59.4438 -41.4767 -1.59028e-015 -7.95139e-016 36.2127 72.2433 -27.1609 -11.9992 9.65564 -176.05 -21.1526 6.36111e-015 -1.98785e-015 5.37014 9.41462 -0.144006 90 6.21202e-017 -9.54166e-015 -22.6084 -16.3424 166.971 -56.6874 -9.54167e-015 -6.36111e-015 -2.49184 30.06 12.7709 90 7.95139e-016 -0 
61.4252 88.1436 -95.7202 83.4334 49.8742 4.17177 9.68538 -0.971658 -5.51727 6.57236 1.70754e-006 5.12264e-006 -5.12265e-006 1.70755e-006 -8.53773e-006 1.70748e-006 -8.53774e-006 -4.95189e-005 16.313 -25.2973 3.83794 -179.073 -6.22274 -81.5093 -22.6512 -6.64753 49.9317 -45.8212 1.59028e-015 6.36111e-015 12.4038 -61.8353 1.46956 179.645 -2.49264 81.8806 -19.0505 -1.6326 -59.3615 -41.3689 -3.18055e-015 9.54166e-015 35.9009 72.612 -26.9016 -10.9428 9.6785 -175.925 -20.8197 -3.18055e-015 -7.95139e-016 6.11668 9.49132 -0.581547 90 -1.21329e-020 6.36111e-015 -24.3076 -17.5534 166.166 -52.2816 -3.18056e-015 -0 -2.90316 28.6451 13.1566 90 -3.97569e-016 -0 
60.5528 88.2119 -94.8402 83.4901 49.8154 4.20026 9.8036 -1.59784 -5.66183 6.6333 1.70754e-006 5.12264e-006 -5.12265e-006 1.70755e-006 -8.53773e-006 1.70748e-006 -8.53774e-006 -4.95189e-005 16.0903 -25.8965 4.04813 -179.149 -6.04483 -81.9702 -23.3478 -7.95774 49.552 -47.0781 -5.56597e-015 -3.18055e-015 10.7092 -62.3255 0.382542 179.658 -2.3399 81.6709 -19.0394 -1.84439 -59.4123 -41.3057 -4.77083e-015 2.38542e-015 35.9015 72.4632 -26.8776 -10.0728 9.7542 -175.928 -20.8113 0 7.95139e-016 7.02005 9.3722 -0.801085 90 -1.21329e-020 -9.54166e-015 -25.4352 -18.5275 165.499 -46.0758 -6.36111e-015 -0 -4.68379 27.2479 13.7726 90 -3.10601e-016 -3.97569e-016 
59.6146 88.2246 -94.0089 83.6039 49.7726 4.29645 9.86711 -2.2153 -5.80483 6.69146 1.70754e-006 5.12264e-006 -5.12265e-006 1.70755e-006 -8.53773e-006 1.70748e-006 -8.53774e-006 -4.95189e-005 15.8627 -26.3751 4.11853 -179.204 -5.92928 -82.3383 -23.7907 -8.85292 49.3246 -48.338 5.56597e-015 3.18055e-015 9.45388 -62.7489 -0.459696 179.669 -2.21406 81.5044 -19.1758 -2.2748 -59.6268 -41.3837 -1.59028e-015 8.74653e-015 36.2575 72.0949 -27.1982 -9.28242 9.65714 -176.001 -20.9403 0 7.95139e-016 7.99917 9.10568 -1.09363 90 -1.21329e-020 -6.36111e-015 -25.9581 -19.6051 165.211 -38.5139 -6.36111e-015 -1.59028e-015 -6.19013 25.9569 12.7339 90 -3.97569e-016 3.97569e-016 
58.5841 88.1892 -93.2235 83.8094 49.7511 4.44792 9.82674 -2.77823 -5.98686 6.75962 1.70754e-006 5.12264e-006 -5.12265e-006 1.70755e-006 -8.53773e-006 1.70748e-006 -8.53774e-006 -4.95189e-005 15.6595 -26.7506 4.17458 -179.256 -5.81411 -82.6903 -24.0288 -9.19489 49.3151 -49.4922 -7.95139e-016 -0 8.30628 -63.039 -1.19393 179.681 -2.08935 81.3292 -19.1831 -2.60698 -60.0424 -41.2773 -3.18055e-015 -2.38542e-015 37.2975 71.6711 -28.2222 -8.56034 9.57615 -176.122 -21.1149 3.18055e-015 2.38542e-015 9.00458 8.8269 -1.45305 90 6.06643e-021 6.36111e-015 -26.2611 -20.5266 164.781 -30.6232 3.18056e-015 7.95139e-016 -8.3912 24.3348 14.5436 90 7.95139e-016 -0 
57.4676 88.0958 -92.4405 84.0318 49.7922 4.78645 9.68786 -3.37085 -6.28361 6.86347 1.70754e-006 5.12264e-006 -5.12265e-006 1.70755e-006 -8.53773e-006 1.70748e-006 -8.53774e-006 -4.95189e-005 15.4836 -27.162 4.34209 -179.299 -5.78796 -83.0839 -24.1072 -9.07522 49.6653 -50.4533 1.19271e-015 6.36111e-015 7.79553 -63.3003 -1.61162 179.688 -1.99596 81.1126 -19.1696 -3.03057 -60.5253 -41.1599 -1.59028e-015 -1.59028e-015 37.7254 71.4284 -28.5927 -7.81908 9.61046 -176.381 -21.3329 3.18055e-015 -7.95139e-016 10.0667 8.67774 -1.85017 90 -3.03321e-020 -3.18055e-015 -26.129 -21.682 164.629 -22.113 3.18056e-015 1.2921e-015 -10.9738 22.1293 14.567 90 3.18055e-015 3.97569e-016 
56.2329 87.946 -91.667 84.2785 49.8645 5.22998 9.46247 -3.8516 -6.6121 6.93544 1.70754e-006 5.12264e-006 -5.12265e-006 1.70755e-006 -8.53773e-006 1.70748e-006 -8.53774e-006 -4.95189e-005 15.4832 -27.5108 4.57145 -179.323 -5.7458 -83.2649 -24.2029 -8.29411 49.9566 -51.1326 0 -3.18055e-015 8.25409 -63.5134 -1.00857 179.699 -1.86883 80.8575 -19.1399 -3.57118 -61.0174 -40.9892 0 -0 37.921 71.1898 -28.7661 -7.09631 9.86806 -176.637 -21.6281 6.36111e-015 2.38542e-015 11.2057 8.70961 -2.32964 90 6.06643e-021 9.54166e-015 -25.8874 -22.671 164.626 -14.927 3.18056e-015 1.59028e-015 -12.0931 20.0086 15.2295 90 0 -7.95139e-016 
54.8454 87.7283 -90.8943 84.2433 50.0566 5.89879 9.32771 -4.30899 -6.77836 6.96504 1.70754e-006 5.12264e-006 -5.12265e-006 1.70755e-006 -8.53773e-006 1.70748e-006 -8.53774e-006 -4.95189e-005 15.6537 -27.74 4.70329 -179.313 -5.63344 -83.0376 -24.2531 -6.90523 49.9984 -51.5133 1.19271e-015 -0 9.55461 -63.3487 0.298869 179.718 -1.70093 80.5858 -19.2468 -4.14477 -61.4592 -40.6113 -3.18055e-015 -5.56597e-015 38.2537 70.9346 -29.0244 -6.27875 9.85403 -176.825 -22.1887 0 7.95139e-016 12.5396 8.6823 -2.91656 90 0 3.18055e-015 -25.4914 -22.7075 164.695 -10.7846 3.18056e-015 -0 -11.7363 19.0107 16.2324 90 -3.18055e-015 -0 
53.2929 87.441 -90.0687 83.5677 50.262 7.03922 9.42773 -4.7253 -6.71339 7.075 1.70754e-006 5.12264e-006 -5.12265e-006 1.70755e-006 -8.53773e-006 1.70748e-006 -8.53774e-006 -4.95189e-005 15.745 -27.9763 4.53347 -179.283 -5.6001 -82.6897 -24.2518 -5.22897 50.2136 -51.3687 -4.77083e-015 -0 10.4495 -63.0678 1.18849 179.74 -1.53861 80.3946 -19.5314 -4.70936 -61.8114 -40.0891 3.18055e-015 3.18055e-015 38.6637 70.6256 -29.4052 -5.08847 9.41874 -176.965 -22.996 3.18055e-015 -7.95139e-016 14.0851 8.31204 -3.58503 90 6.06643e-021 3.18055e-015 -24.6914 -21.1106 164.837 -10.5401 3.18056e-015 -0 -11.3539 19.9237 15.7292 90 0 -7.95139e-016 
51.5711 87.0891 -89.1999 82.7454 50.4805 8.31057 9.39946 -5.12488 -6.49531 7.13853 1.70754e-006 5.12264e-006 -5.12265e-006 1.70755e-006 -8.53773e-006 1.70748e-006 -8.53774e-006 -4.95189e-005 16.0433 -28.2238 4.079 -179.24 -5.74142 -82.4501 -24.0818 -3.28113 50.9505 -50.7686 -3.57812e-015 -3.18055e-015 11.1124 -62.5406 1.64914 179.766 -1.35319 80.1935 -20.0578 -5.44162 -61.9957 -39.5034 3.18055e-015 3.18055e-015 39.2784 70.0731 -29.8329 -3.75054 8.89216 -177.033 -23.8495 3.18055e-015 7.95139e-016 15.7447 7.85115 -4.34717 90 6.06643e-021 -0 -23.8138 -18.6285 165.01 -13.0682 -3.18056e-015 1.98785e-015 -11.822 21.51 14.7018 90 -1.59028e-015 7.95139e-016 
49.7326 86.8199 -88.4217 82.2667 50.61 8.7985 9.23024 -5.3114 -5.55285 7.14594 1.70754e-006 5.12264e-006 -5.12265e-006 1.70755e-006 -8.53773e-006 1.70748e-006 -8.53774e-006 -4.95189e-005 16.0278 -28.5346 3.36722 -179.12 -6.1152 -81.797 -23.6771 -1.34817 51.7779 -49.7588 2.78299e-015 3.18055e-015 12.0227 -61.6907 2.22772 179.804 -1.07818 79.6792 -20.5447 -6.22862 -61.6135 -38.9031 0 -2.38542e-015 39.7895 69.5628 -30.2595 -2.45992 8.19767 -176.576 -24.2625 3.18055e-015 1.59028e-015 17.1847 7.06121 -5.15382 90 -1.21329e-020 -3.18055e-015 -23.0239 -16.9906 165.411 -13.8681 -9.54167e-015 -7.95139e-016 -14.7469 23.5883 15.0022 90 1.59028e-015 7.95139e-016 
47.8217 86.73 -87.7341 81.7851 50.5434 8.63951 9.26393 -5.42551 -3.84011 7.11878 1.70754e-006 5.12264e-006 -5.12265e-006 1.70755e-006 -8.53773e-006 1.70748e-006 -8.53774e-006 -4.95189e-005 15.6548 -28.531 2.56567 -178.983 -6.64487 -81.281 -22.4999 0.260186 53.3814 -48.5203 0 3.18055e-015 12.893 -60.674 2.52398 179.816 -0.987921 79.4011 -20.7189 -6.71307 -61.1941 -38.1687 6.36111e-015 6.36111e-015 39.9346 69.3091 -30.3413 -1.01105 7.69856 -175.525 -24.3006 0 -0 18.4138 5.99876 -5.264 90 -9.93923e-017 -6.36111e-015 -22.8486 -16.7065 166.55 -16.6334 3.18056e-015 7.95139e-016 -12.5585 23.6337 10.3949 90 0 1.59028e-015 
45.9099 86.7725 -87.074 81.3902 50.18 8.57574 9.30574 -5.38383 -2.43028 7.10337 1.70754e-006 5.12264e-006 -5.12265e-006 1.70755e-006 -8.53773e-006 1.70748e-006 -8.53774e-006 -4.95189e-005 15.3881 -28.415 2.10862 -178.901 -7.13456 -81.2168 -20.5801 1.80008 55.6814 -47.3774 -3.18055e-015 3.18055e-015 13.7331 -60.1466 2.64691 179.833 -0.884121 79.3228 -20.4919 -6.77646 -60.8968 -37.4457 0 8.74653e-015 39.2318 69.299 -29.4815 0.165583 7.95165 -174.823 -25.0467 -3.18055e-015 5.56597e-015 20.0415 5.32199 -2.50378 90 2.18663e-015 -0 -23.0096 -16.9779 167.155 -20.0016 3.18056e-015 -9.93923e-016 -9.66224 22.9136 8.45117 90 7.95139e-016 -2.38542e-015 
43.9322 86.9525 -86.5219 81.3064 49.7107 8.62035 9.07299 -5.30571 -1.72923 7.1354 1.70754e-006 5.12264e-006 -5.12265e-006 1.70755e-006 -8.53773e-006 1.70748e-006 -8.53774e-006 -4.95189e-005 15.5636 -28.1954 2.2958 -178.86 -7.50027 -81.3313 -18.3451 3.61631 57.8024 -46.2539 0 6.36111e-015 14.8123 -59.7575 3.23891 179.841 -0.797896 78.6969 -19.7519 -6.68791 -60.1742 -36.8641 0 -9.54166e-015 38.7116 69.9368 -29.0458 1.29442 8.08148 -174.48 -25.536 -3.18055e-015 -1.59028e-015 21.0453 4.73759 1.07604 90 3.97569e-016 3.18055e-015 -22.1817 -16.8106 168.024 -21.4133 0 -0 -7.12076 22.9093 6.86364 90 -7.95139e-016 -0 
41.9191 87.2855 -86.1074 81.3673 49.3577 8.44295 8.83547 -5.41384 -1.01155 7.06867 1.70754e-006 5.12264e-006 -5.12265e-006 1.70755e-006 -8.53773e-006 1.70748e-006 -8.53774e-006 -4.95189e-005 15.9355 -27.5238 2.41842 -178.802 -7.77497 -81.2108 -16.5319 5.87236 59.232 -45.0261 3.18055e-015 -6.36111e-015 15.7414 -59.7204 3.91702 179.853 -0.687129 77.9423 -19.0765 -6.37027 -59.2761 -36.1559 3.18055e-015 1.59028e-015 39.1746 70.6502 -29.5375 0.945195 7.14027 -173.452 -28.0925 9.54166e-015 -3.18055e-015 20.3067 4.14994 1.16832 90 1.39149e-015 6.36111e-015 -20.4963 -16.1384 169.477 -21.3629 0 8.94531e-016 -5.33466 23.8014 5.71761 90 -7.95139e-016 7.95139e-016 
40.0409 87.6853 -85.6805 81.6404 48.8518 8.12524 8.52558 -5.33126 -0.157697 7.01377 1.70754e-006 5.12264e-006 -5.12265e-006 1.70755e-006 -8.53773e-006 1.70748e-006 -8.53774e-006 -4.95189e-005 16.0762 -26.7455 1.943 -178.738 -7.98357 -80.9887 -15.417 8.17125 60.4395 -43.6562 0 3.18055e-015 17.1579 -59.1202 4.76559 179.901 -0.461976 77.9469 -18.6398 -5.72315 -58.8558 -35.461 0 7.95139e-016 38.3657 70.8225 -28.5675 0.054628 6.15238 -172.639 -31.3309 -3.18055e-015 -0 19.1157 3.35465 1.86458 90 6.4605e-016 -0 -18.7078 -15.7166 170.809 -20.5987 -3.18056e-015 1.39149e-015 -3.94502 24.1527 4.95819 90 -7.95139e-016 7.95139e-016 
38.2698 88.0374 -85.304 82.0608 48.4208 7.62203 8.22893 -4.99565 0.889575 6.98842 1.70754e-006 5.12264e-006 -5.12265e-006 1.70755e-006 -8.53773e-006 1.70748e-006 -8.53774e-006 -4.95189e-005 15.7766 -26.626 1.22622 -178.703 -8.07128 -80.8361 -14.8052 10.1437 61.5413 -42.4006 0 6.36111e-015 19.2616 -57.4022 6.25948 179.944 -0.275235 78.4179 -18.3092 -5.28791 -58.6412 -35.2909 0 -7.95139e-016 37.9594 71.0313 -28.029 -1.65576 5.66607 -171.736 -35.4718 0 -1.59028e-015 17.5992 2.54848 2.98345 90 1.98785e-015 -3.18055e-015 -17.0266 -16.299 171.959 -19.4537 -3.18056e-015 6.95746e-016 -2.59497 23.5445 4.17956 90 -7.95139e-016 7.95139e-016 
36.65 88.2827 -85.0241 82.6133 47.9279 6.93086 8.08468 -4.2942 2.06503 6.95837 1.70754e-006 5.12264e-006 -5.12265e-006 1.70755e-006 -8.53773e-006 1.70748e-006 -8.53774e-006 -4.95189e-005 14.9728 -26.8005 0.418075 -178.653 -8.12162 -80.552 -14.2057 11.4979 62.3326 -41.6793 -3.18055e-015 3.18055e-015 22.1035 -55.4151 8.20035 179.962 -0.194322 78.8561 -18.3425 -5.26007 -58.0018 -35.5292 0 2.38542e-015 38.8879 71.608 -29.2243 -4.0643 5.5063 -170.726 -40.1968 0 -0 15.6153 1.54164 4.02764 90 -3.97569e-016 -0 -15.5889 -16.9998 173.131 -18.3647 3.18056e-015 1.59028e-015 -1.36193 22.7388 3.42558 90 -7.95139e-016 1.59028e-015 
35.1842 88.4012 -84.8247 83.1911 47.287 6.21858 8.13646 -3.41642 3.12684 6.89529 1.70754e-006 5.12264e-006 -5.12265e-006 1.70755e-006 -8.53773e-006 1.70748e-006 -8.53774e-006 -4.95189e-005 14.1397 -26.7032 -0.1086 -178.608 -8.20854 -80.3437 -13.3418 12.2548 62.9732 -41.4439 0 -3.18055e-015 24.9184 -54.5183 10.4113 179.947 -0.273447 79.0517 -18.9567 -5.50032 -56.7722 -35.8801 0 1.59028e-015 40.3756 71.8647 -30.9566 -6.66519 5.22024 -169.848 -44.6941 -6.36111e-015 -1.59028e-015 13.1946 0.314985 4.30763 90 3.97569e-015 -3.18055e-015 -14.4621 -17.0072 174.348 -17.6947 6.36111e-015 -1.39149e-015 -0.186027 22.3421 2.61854 90 7.95139e-016 -3.18055e-015 
33.8893 88.4512 -84.6443 83.538 46.5274 5.73106 8.53479 -2.56121 4.00677 6.84513 1.70754e-006 5.12264e-006 -5.12265e-006 1.70755e-006 -8.53773e-006 1.70748e-006 -8.53774e-006 -4.95189e-005 13.2844 -26.5987 -0.34115 -178.578 -8.34386 -80.2948 -12.4146 12.5433 63.6775 -41.555 3.18055e-015 9.54166e-015 25.5096 -54.8052 11.016 179.905 -0.497012 79.2304 -19.8517 -5.5595 -55.2982 -36.0792 3.18055e-015 4.77083e-015 40.0259 71.4389 -30.6474 -9.14786 4.62912 -169.367 -48.8328 -3.18055e-015 4.77083e-015 10.4623 -1.61676 4.43497 90 -7.95139e-016 -3.18055e-015 -13.4571 -16.5329 175.489 -17.2925 3.18056e-015 -1.19271e-015 0.826145 22.3275 1.66914 90 7.95139e-016 -4.77083e-015 
32.7203 88.4834 -84.4253 83.6074 45.9538 5.52619 9.0698 -1.91746 4.69466 6.90705 1.70754e-006 5.12264e-006 -5.12265e-006 1.70755e-006 -8.53773e-006 1.70748e-006 -8.53774e-006 -4.95189e-005 12.6779 -26.4518 -0.258616 -178.563 -8.47553 -80.3409 -11.7043 12.5214 64.3541 -42.011 6.36111e-015 3.18055e-015 24.1554 -54.866 9.94911 179.858 -0.765282 79.5045 -20.2081 -5.11238 -53.9378 -36.2829 0 6.36111e-015 38.8572 70.8743 -29.417 -11.4606 3.94242 -169.365 -52.1694 -3.18055e-015 -1.59028e-015 8.08869 -3.8329 5.66729 90 1.59028e-015 6.36111e-015 -12.4678 -16.0817 176.379 -17.0788 -3.18056e-015 -2.18663e-015 1.79204 22.3872 0.829335 90 -3.97569e-016 -0 
31.653 88.5829 -84.1279 83.7153 45.4768 5.51264 9.45222 -1.3045 5.0509 6.96573 1.70754e-006 5.12264e-006 -5.12265e-006 1.70755e-006 -8.53773e-006 1.70748e-006 -8.53774e-006 -4.95189e-005 12.4782 -26.6782 -0.0359461 -178.549 -8.53648 -80.3135 -11.3352 12.3151 64.6939 -42.7729 9.54166e-015 -3.18055e-015 23.468 -55.4993 9.63117 179.837 -0.903794 79.7479 -19.8056 -4.19055 -52.7897 -36.5418 0 7.95139e-016 38.2188 71.0451 -28.815 -13.3468 3.56899 -169.969 -53.4596 -3.18055e-015 -6.36111e-015 7.18015 -3.8386 7.3446 90 -1.59028e-015 3.18055e-015 -11.5118 -15.6764 176.921 -16.6714 -6.36111e-015 -3.97569e-016 2.56643 22.449 0.300831 90 0 -0 
30.6341 88.7442 -83.7675 83.8929 45.1223 5.61401 9.63736 -0.800398 5.11708 7.00461 1.70754e-006 5.12264e-006 -5.12265e-006 1.70755e-006 -8.53773e-006 1.70748e-006 -8.53774e-006 -4.95189e-005 12.585 -27.0676 0.135068 -178.532 -8.55038 -80.2181 -11.5785 12.0984 64.6503 -43.691 6.36111e-015 3.18055e-015 23.4583 -55.9124 9.84558 179.825 -0.978528 79.8654 -18.8276 -3.02101 -51.8586 -36.9517 0 2.38542e-015 37.8851 71.8328 -28.6573 -15.106 3.74704 -170.808 -53.0376 3.18055e-015 6.36111e-015 6.99122 -2.5252 7.8296 90 1.59028e-015 3.18055e-015 -10.7117 -15.2659 177.173 -16.362 0 -1.09332e-015 3.22096 22.5324 0.0526669 90 0 -0 
29.6389 88.9009 -83.36 84.0011 44.8544 5.73911 9.80673 -0.325807 5.11308 7.01659 1.70754e-006 5.12264e-006 -5.12265e-006 1.70755e-006 -8.53773e-006 1.70748e-006 -8.53774e-006 -4.95189e-005 12.6441 -27.7558 0.219002 -178.531 -8.52473 -80.1846 -11.9639 11.7679 64.4164 -44.9469 3.18055e-015 -3.18055e-015 23.5162 -55.6953 10.1623 179.824 -1.00865 80.0754 -17.5677 -1.79778 -51.3001 -37.6505 0 -0 37.02 72.594 -27.9238 -16.5694 4.55006 -171.635 -50.9121 3.18055e-015 3.18055e-015 7.38585 -0.867726 8.2497 90 0 3.18055e-015 -9.75061 -15.0066 177.419 -15.8145 -3.18056e-015 1.2921e-015 3.73728 22.503 -0.28496 90 -3.97569e-016 -1.59028e-015 
28.6561 89.0131 -82.9465 84.1086 44.7654 5.72308 9.92348 0.0494817 5.1624 7.07694 1.70754e-006 5.12264e-006 -5.12265e-006 1.70755e-006 -8.53773e-006 1.70748e-006 -8.53774e-006 -4.95189e-005 12.3814 -28.5084 0.267236 -178.522 -8.51331 -80.1103 -12.3387 11.3509 63.9218 -46.6512 6.36111e-015 -3.18055e-015 22.8556 -55.6062 9.96151 179.825 -1.02893 80.3411 -16.3311 -0.85701 -50.9713 -38.7583 0 -1.59028e-015 36.9412 73.3765 -28.0259 -17.8128 5.7081 -172.311 -47.2227 -6.36111e-015 1.59028e-015 7.4478 0.613949 8.4559 90 6.75868e-015 -3.18055e-015 -8.65041 -14.8755 177.812 -15.0494 -6.36111e-015 -1.2921e-015 4.1555 22.558 -0.860085 90 0 1.59028e-015 
27.702 89.095 -82.4919 84.2443 44.6769 5.57288 10.0246 0.394438 5.25853 7.10716 1.70754e-006 5.12264e-006 -5.12265e-006 1.70755e-006 -8.53773e-006 1.70748e-006 -8.53774e-006 -4.95189e-005 12.0273 -29.2023 0.285909 -178.468 -8.58521 -79.8471 -12.6307 10.8183 63.1141 -48.5531 -9.54166e-015 -0 21.7459 -56.4016 9.50241 179.813 -1.13228 80.6021 -15.3107 -0.310065 -50.7118 -39.9969 3.18055e-015 -6.36111e-015 37.4108 74.4181 -28.8672 -18.6863 7.49969 -172.825 -41.9004 0 -1.59028e-015 6.38949 1.84881 8.56487 90 -1.98785e-015 -0 -7.8779 -14.9612 178.121 -14.9266 6.36111e-015 -6.4605e-016 4.86959 22.3908 -0.847867 90 0 1.59028e-015 
26.7863 89.1432 -81.9919 84.5975 44.4529 5.1544 9.96644 0.868986 5.38228 7.10965 1.70754e-006 5.12264e-006 -5.12265e-006 1.70755e-006 -8.53773e-006 1.70748e-006 -8.53774e-006 -4.95189e-005 11.7039 -29.8852 0.357664 -178.403 -8.70485 -79.5624 -12.6944 10.0815 62.3101 -50.4358 -3.18055e-015 3.18055e-015 20.6566 -57.1246 9.01489 179.805 -1.21826 80.9057 -14.4043 0.0956254 -50.6122 -41.1583 0 -3.18055e-015 38.7167 75.363 -30.4486 -19.1648 10.0267 -173.208 -34.907 -6.36111e-015 -0 3.55935 3.47532 8.34641 90 1.11816e-015 3.18055e-015 -7.06048 -14.7112 178.635 -14.4582 -9.54167e-015 -4.72114e-016 5.37943 22.4813 -1.1052 90 0 1.59028e-015 
25.8659 89.1455 -81.4177 84.9309 44.2692 4.63655 9.83266 1.1732 5.54529 7.13277 1.70754e-006 5.12264e-006 -5.12265e-006 1.70755e-006 -8.53773e-006 1.70748e-006 -8.53774e-006 -4.95189e-005 11.5306 -30.3392 0.518789 -178.377 -8.72349 -79.4202 -12.3932 9.32992 61.737 -52.2729 0 3.18055e-015 19.3269 -57.7525 8.15517 179.795 -1.33055 81.2269 -13.7538 0.385353 -50.6262 -42.0721 0 -1.59028e-015 40.5966 75.8654 -32.4198 -19.0861 12.6758 -173.674 -27.0929 3.18055e-015 1.59028e-015 0.328351 5.34776 7.42286 90 0 -0 -6.43854 -14.6855 179.099 -14.5153 6.36111e-015 -4.72114e-016 6.16836 22.3828 -1.06927 90 -3.97569e-016 -0 
24.9102 89.0908 -80.7762 85.2024 44.1395 4.01802 9.66648 1.33401 5.75177 7.17609 1.70754e-006 5.12264e-006 -5.12265e-006 1.70755e-006 -8.53773e-006 1.70748e-006 -8.53774e-006 -4.95189e-005 11.3992 -30.8479 0.818603 -178.371 -8.70821 -79.3636 -12.0891 8.67998 61.2245 -53.9969 -4.77083e-015 6.36111e-015 18.6591 -58.3903 7.8149 179.777 -1.46658 81.3594 -12.9144 0.795752 -50.6097 -42.8594 3.18055e-015 4.77083e-015 41.68 75.9192 -33.6958 -19.4092 14.713 -173.981 -21.478 -3.18055e-015 -1.59028e-015 -0.0438739 7.26245 5.32085 90 -7.95139e-016 -3.18055e-015 -5.8884 -14.6361 179.647 -14.9641 -9.54167e-015 -1.39149e-015 7.19518 22.3964 -0.896989 90 0 1.59028e-015 
23.8854 88.9715 -80.0399 85.31 44.0123 3.43566 9.52669 1.41593 5.91825 7.15105 1.70754e-006 5.12264e-006 -5.12265e-006 1.70755e-006 -8.53773e-006 1.70748e-006 -8.53774e-006 -4.95189e-005 11.5553 -31.0991 1.15136 -178.359 -8.66607 -79.2351 -12.0442 8.34268 60.503 -55.5129 1.59028e-015 3.18055e-015 18.0713 -58.7144 7.5717 179.755 -1.60445 81.3207 -12.013 1.17913 -50.5808 -43.489 -3.18055e-015 7.95139e-015 43.8867 76.9216 -36.1655 -19.725 16.1762 -174.155 -17.4865 -3.18055e-015 -3.97569e-016 -0.991629 8.75167 2.25493 90 0 -6.36111e-015 -5.25932 -14.5109 -179.763 -15.6648 3.18056e-015 -7.95139e-016 8.40312 22.4282 -0.826473 90 -7.95139e-016 1.59028e-015 
22.7959 88.7998 -79.1887 85.2193 43.8458 2.93845 9.38094 1.44883 6.01791 7.15995 1.70754e-006 5.12264e-006 -5.12265e-006 1.70755e-006 -8.53773e-006 1.70748e-006 -8.53774e-006 -4.95189e-005 11.9199 -31.3383 1.62089 -178.339 -8.65519 -79.0947 -12.2296 8.13905 59.6936 -56.6714 0 -0 18.2882 -58.9322 7.95927 179.738 -1.7132 81.2924 -11.1392 1.60002 -50.6832 -43.8981 -3.18055e-015 3.18055e-015 47.0904 78.5421 -39.6981 -19.9481 17.1699 -174.135 -15.342 9.54166e-015 1.59028e-015 -1.92696 10.4513 -1.08029 90 0 -3.18055e-015 -4.39426 -14.2486 -179.099 -16.3226 -3.18056e-015 -1.59028e-015 9.64372 22.5599 -0.999298 90 1.98785e-016 -0 
21.6231 88.5912 -78.1904 84.8505 43.7158 2.69162 9.31771 1.41614 5.93923 7.1645 1.70754e-006 5.12264e-006 -5.12265e-006 1.70755e-006 -8.53773e-006 1.70748e-006 -8.53774e-006 -4.95189e-005 12.4152 -31.6281 2.20752 -178.34 -8.59652 -79.0266 -12.4829 8.19692 58.9497 -57.5109 3.18055e-015 3.18055e-015 17.8125 -58.6942 7.73941 179.74 -1.69765 81.2826 -10.3268 2.00542 -50.9102 -44.2015 -3.18055e-015 -4.77083e-015 50.8389 79.2899 -43.5296 -19.7529 16.8459 -174.242 -14.6017 3.18055e-015 -3.97569e-016 -3.64335 11.7944 -3.28307 90 2.38542e-015 1.27222e-014 -3.33105 -14.1332 -178.569 -17.1623 -9.54167e-015 -0 11.0607 22.5727 -1.13991 90 0 3.18055e-015 
20.3661 88.3376 -77.0846 84.3436 43.6347 2.53453 9.19143 1.34647 5.73058 7.21777 1.70754e-006 5.12264e-006 -5.12265e-006 1.70755e-006 -8.53773e-006 1.70748e-006 -8.53774e-006 -4.95189e-005 13.063 -32.144 3.00633 -178.383 -8.41424 -79.0777 -12.5342 8.40322 58.3566 -58.181 3.18055e-015 9.54166e-015 17.8826 -58.3904 7.93502 179.752 -1.60317 81.1886 -9.66086 2.22384 -51.1016 -44.4033 -3.18055e-015 -4.77083e-015 53.2791 79.7511 -45.9839 -19.2978 15.9814 -174.496 -15.0645 -6.36111e-015 -1.59028e-015 -5.53342 13.2189 -0.181895 90 -6.21202e-017 3.18055e-015 -2.09972 -14.0355 -178.056 -18.0802 6.36111e-015 -1.19271e-015 12.6125 22.622 -1.23432 90 1.98785e-016 -3.18055e-015 
19.0639 88.0716 -75.8544 83.8591 43.3226 2.54046 8.98005 1.35325 5.16684 7.23227 1.70754e-006 5.12264e-006 -5.12265e-006 1.70755e-006 -8.53773e-006 1.70748e-006 -8.53774e-006 -4.95189e-005 14.0175 -32.5347 4.01334 -178.373 -8.40356 -78.9999 -12.7166 8.76207 57.6427 -58.5706 -1.59028e-015 9.54166e-015 18.0248 -58.2971 8.15986 179.752 -1.54193 80.8492 -9.36443 2.04139 -51.0035 -44.4904 6.36111e-015 -7.95139e-015 55.1716 79.9434 -47.9913 -18.5867 14.5489 -174.562 -16.9893 -6.36111e-015 -1.19271e-015 -3.54232 11.2278 3.10062 90 3.97569e-016 6.36111e-015 -0.822943 -13.8433 -177.767 -18.9009 0 -1.59028e-015 14.1353 22.5563 -1.39086 90 -1.98785e-016 -3.18055e-015 
17.8817 87.8846 -74.5342 83.5836 42.7984 3.14748 8.79473 1.32791 3.65605 7.2011 1.70754e-006 5.12264e-006 -5.12265e-006 1.70755e-006 -8.53773e-006 1.70748e-006 -8.53774e-006 -4.95189e-005 14.9399 -32.9175 5.33368 -178.337 -8.52137 -78.9153 -12.8253 9.01306 56.974 -58.5806 -1.59028e-015 3.18055e-015 18.0616 -58.3552 8.18307 179.746 -1.47898 80.2325 -9.31427 1.84486 -50.7778 -44.376 0 -7.95139e-015 53.7696 79.7683 -46.5657 -18.0169 13.8297 -174.917 -19.1077 6.36111e-015 2.08724e-015 -0.956291 9.72689 3.04194 90 0 3.18055e-015 0.0851126 -13.0468 -178.251 -19.6224 6.36111e-015 3.18056e-015 15.5249 23.0144 -1.70934 90 3.10601e-018 -0 
16.808 87.7835 -73.2015 83.4561 42.2606 4.01552 8.64111 1.33614 1.82405 7.17001 1.70754e-006 5.12264e-006 -5.12265e-006 1.70755e-006 -8.53773e-006 1.70748e-006 -8.53774e-006 -4.95189e-005 15.5019 -33.3633 6.32754 -178.414 -8.4466 -79.3228 -12.7499 9.11396 56.9964 -58.1797 1.59028e-015 -6.36111e-015 18.1511 -57.825 8.1114 179.741 -1.50188 80.2284 -8.96379 1.7379 -51.417 -44.2347 -6.36111e-015 -1.74931e-014 52.6692 79.7879 -45.2559 -17.4553 12.826 -175.829 -21.1067 0 -2.45996e-015 0.926566 8.28171 3.18348 90 1.98785e-016 -3.18055e-015 0.710698 -12.0245 -179.166 -20.4311 1.27222e-014 2.38542e-015 16.8918 23.9951 -1.42484 90 1.55301e-018 -0 
15.8422 87.7058 -71.8929 83.7192 41.6138 4.42159 8.33891 1.44667 0.403583 7.06827 1.70754e-006 5.12264e-006 -5.12265e-006 1.70755e-006 -8.53773e-006 1.70748e-006 -8.53774e-006 -4.95189e-005 15.6386 -33.7467 6.85032 -178.448 -8.38782 -79.4775 -12.5432 9.35178 56.887 -58.352 0 9.54166e-015 19.4215 -56.3695 8.64406 179.754 -1.48404 80.5874 -8.46733 1.63187 -52.3569 -44.3374 -6.36111e-015 -3.18055e-015 53.3075 79.388 -45.7069 -16.7129 12.2118 -176.797 -22.167 6.36111e-015 -0 2.70356 6.71519 4.05179 90 3.97569e-016 -0 0.0607469 -11.5162 179.723 -23.0315 0 3.18056e-015 17.9991 24.3671 -0.578027 90 0 -0 
14.9389 87.7502 -70.6314 84.0188 40.7599 4.50274 8.13425 1.50093 -0.585618 6.99893 1.70754e-006 5.12264e-006 -5.12265e-006 1.70755e-006 -8.53773e-006 1.70748e-006 -8.53774e-006 -4.95189e-005 15.3929 -33.9007 7.0789 -178.362 -8.56594 -79.1311 -12.4619 9.71573 56.3599 -58.7322 -4.77083e-015 -3.18055e-015 19.5981 -55.3086 8.70031 179.745 -1.52605 80.5126 -8.56048 1.26227 -52.5746 -44.477 -6.36111e-015 -0 54.1083 79.418 -46.474 -15.7755 12.2724 -177.316 -22.5968 0 1.19271e-015 4.21135 5.80549 4.57855 90 3.97569e-016 -3.18055e-015 -1.53311 -11.3145 178.547 -27.2271 -3.18056e-015 -3.18056e-015 18.2145 24.1949 1.02844 90 -4.96962e-017 -0 
14.0731 87.9114 -69.4704 84.2274 39.9738 4.39412 7.95138 1.40892 -1.22299 7.04904 1.70754e-006 5.12264e-006 -5.12265e-006 1.70755e-006 -8.53773e-006 1.70748e-006 -8.53774e-006 -4.95189e-005 15.2575 -33.9286 7.2547 -178.368 -8.59667 -79.2061 -12.4289 9.99547 56.4202 -58.7616 -4.77083e-015 3.18055e-015 19.0593 -55.468 8.30572 179.725 -1.65432 80.5471 -8.95497 0.93967 -52.8596 -44.2303 3.18055e-015 -1.59028e-015 53.5302 79.2926 -45.9188 -14.7089 12.4325 -177.513 -22.5831 -9.54166e-015 -2.38542e-015 5.18784 5.37498 4.9108 90 3.97569e-016 -3.18055e-015 -3.54501 -11.1707 177.486 -32.0491 6.36111e-015 3.18056e-015 17.2905 24.0137 3.18573 90 1.98785e-016 -0 
13.2638 88.1049 -68.4318 84.4247 39.3503 4.23754 7.88569 1.15134 -1.78486 7.03179 1.70754e-006 5.12264e-006 -5.12265e-006 1.70755e-006 -8.53773e-006 1.70748e-006 -8.53774e-006 -4.95189e-005 15.334 -33.915 7.60081 -178.48 -8.48169 -79.8044 -12.2809 10.185 56.9959 -59.0039 -1.59028e-015 -3.18055e-015 19.5364 -55.253 8.51001 179.724 -1.68868 80.7211 -9.39838 0.760327 -53.4263 -44.0056 3.18055e-015 -3.18055e-015 52.0778 78.6986 -44.2169 -13.5317 12.4809 -177.768 -22.1239 3.18055e-015 3.97569e-016 5.93783 4.88176 5.27631 90 3.97569e-016 3.18055e-015 -6.12035 -11.3169 176.239 -37.4987 0 -0 15.285 23.6829 5.88796 90 -1.98785e-016 1.19271e-015 
12.5097 88.2499 -67.4971 84.7207 39.0062 4.04731 7.79207 0.625698 -2.31441 7.01746 1.70754e-006 5.12264e-006 -5.12265e-006 1.70755e-006 -8.53773e-006 1.70748e-006 -8.53774e-006 -4.95189e-005 15.369 -33.7562 7.97898 -178.584 -8.37973 -80.3744 -12.5044 10.5723 57.2175 -59.5555 3.18055e-015 -3.18055e-015 19.3965 -55.0508 8.78947 179.731 -1.65111 80.7291 -9.69483 0.596829 -53.9116 -44.228 3.18055e-015 -4.77083e-015 51.1122 78.182 -43.1711 -12.6001 12.5294 -177.942 -21.7158 3.18055e-015 3.97569e-016 6.54885 4.63689 5.00853 90 -3.97569e-016 -0 -9.41455 -11.9645 174.545 -43.507 0 -0 12.0948 23.0341 9.14009 90 0 1.98785e-016 
11.7624 88.3236 -66.6901 84.8132 38.9883 3.97546 7.9307 -0.0697774 -2.78542 7.00961 1.70754e-006 5.12264e-006 -5.12265e-006 1.70755e-006 -8.53773e-006 1.70748e-006 -8.53774e-006 -4.95189e-005 15.3792 -33.7009 8.56166 -178.693 -8.22678 -80.9412 -13.1888 11.0995 57.0309 -60.391 7.95139e-016 -3.18055e-015 18.3839 -55.4169 8.52944 179.73 -1.61278 80.4889 -9.75198 0.333599 -54.2242 -44.9143 -3.18055e-015 -1.59028e-015 51.1239 78.4072 -43.4253 -11.8195 12.5806 -177.98 -21.6182 0 2.38542e-015 7.21212 4.75715 4.58666 90 -3.97569e-016 -3.18055e-015 -12.9705 -12.8285 172.494 -49.5321 3.18056e-015 4.77083e-015 7.66067 22.1664 12.8019 90 2.48481e-017 -9.93923e-017 
11.0221 88.3424 -66.0251 84.9297 39.151 3.83235 8.07025 -0.653034 -3.10987 7.02029 1.70754e-006 5.12264e-006 -5.12265e-006 1.70755e-006 -8.53773e-006 1.70748e-006 -8.53774e-006 -4.95189e-005 15.4649 -33.9408 9.24937 -178.795 -8.05767 -81.4628 -13.8688 11.3594 56.5338 -61.4985 -7.15625e-015 -3.18055e-015 18.2504 -55.2745 8.69503 179.738 -1.52515 80.2414 -9.49359 0.124162 -54.6574 -45.8279 -3.18055e-015 6.36111e-015 50.2809 78.3149 -42.603 -11.3162 12.5838 -177.85 -21.7849 6.36111e-015 -2.78299e-015 7.94779 5.0461 4.00097 90 -3.97569e-016 -3.18055e-015 -16.2045 -13.2628 170.645 -54.3001 -6.36111e-015 -6.36111e-015 2.85999 20.9552 16.0449 90 1.98785e-016 -0 
10.2552 88.3887 -65.4614 85.0305 39.4271 3.73699 8.22943 -1.12036 -3.36137 7.00175 1.70754e-006 5.12264e-006 -5.12265e-006 1.70755e-006 -8.53773e-006 1.70748e-006 -8.53774e-006 -4.95189e-005 15.6258 -34.3933 9.85597 -178.858 -7.94282 -81.7928 -14.2722 11.2151 55.6902 -62.6479 0 -3.18055e-015 18.5509 -54.8104 8.99562 179.742 -1.45799 79.9547 -9.11003 -0.14092 -55.1471 -46.7279 -3.18055e-015 6.36111e-015 49.8922 78.2408 -42.135 -10.6963 12.5354 -177.748 -21.6502 -9.54166e-015 7.95139e-016 8.53228 5.29092 3.41176 90 3.97569e-016 -0 -18.9498 -13.558 168.69 -57.1578 -6.36111e-015 -0 -2.07152 21.7792 19.629 90 3.97569e-016 -7.95139e-016 
9.46601 88.5079 -65.002 85.1557 39.8396 3.53625 8.34823 -1.54259 -3.34672 6.97708 1.70754e-006 5.12264e-006 -5.12265e-006 1.70755e-006 -8.53773e-006 1.70748e-006 -8.53774e-006 -4.95189e-005 15.7946 -34.9311 10.2658 -178.878 -7.86784 -81.8561 -14.4505 10.7772 54.5841 -63.6798 -1.98785e-015 -0 18.3224 -54.4484 8.95711 179.747 -1.40424 79.7745 -8.95478 -0.451938 -55.6977 -47.36 6.36111e-015 6.36111e-015 50.3605 78.4123 -42.6684 -9.99028 12.5372 -177.556 -21.1139 -9.54166e-015 -1.59028e-015 8.77956 5.60007 3.10959 90 0 9.54166e-015 -20.9479 -14.2469 167.173 -56.8265 -1.59028e-015 3.18056e-015 -3.47416 26.7625 17.2346 90 -3.60297e-016 -1.59028e-015 
8.63168 88.6524 -64.6221 85.2743 40.3245 3.27487 8.41789 -1.88815 -3.1251 6.95383 1.70754e-006 5.12264e-006 -5.12265e-006 1.70755e-006 -8.53773e-006 1.70748e-006 -8.53774e-006 -4.95189e-005 15.982 -35.3296 10.5073 -178.889 -7.82031 -81.8846 -14.2472 9.94897 53.6247 -64.5605 2.5842e-015 3.18055e-015 17.7036 -54.1085 8.38115 179.764 -1.30703 79.7535 -9.11255 -0.741829 -56.3157 -47.6984 -3.18055e-015 7.95139e-015 50.7191 77.9973 -42.9301 -9.25488 12.4345 -177.276 -20.4307 1.90833e-014 1.59028e-015 8.97878 5.83433 2.78407 90 -7.95139e-016 -9.54166e-015 -21.7879 -14.5535 165.921 -52.981 -6.36111e-015 -6.36111e-015 -3.33792 29.0869 14.6925 90 -1.19271e-015 -4.77083e-015 
7.75528 88.7497 -64.3242 85.3575 40.7281 3.15669 8.49622 -2.09882 -2.98731 6.95366 1.70754e-006 5.12264e-006 -5.12265e-006 1.70755e-006 -8.53773e-006 1.70748e-006 -8.53774e-006 -4.95189e-005 16.0634 -35.7576 10.769 -178.915 -7.78788 -82.0469 -13.6465 8.84951 52.9671 -65.5317 -2.68359e-015 3.18055e-015 17.1001 -54.0625 7.73018 179.78 -1.213 79.7102 -9.57261 -1.17056 -56.7823 -48.0572 0 -9.54166e-015 50.5289 77.8119 -42.7932 -8.55919 12.4091 -177.038 -19.8671 -6.36111e-015 1.59028e-015 9.13695 6.02854 2.49082 90 7.95139e-016 -9.54166e-015 -21.7361 -14.3701 164.846 -46.6603 -3.18056e-015 -1.59028e-015 -3.8597 28.8565 14.329 90 -3.97569e-016 1.59028e-015 
6.78544 88.7826 -64.148 85.4661 41.2364 3.13229 8.49215 -2.37646 -2.99552 6.95234 1.70754e-006 5.12264e-006 -5.12265e-006 1.70755e-006 -8.53773e-006 1.70748e-006 -8.53774e-006 -4.95189e-005 16.2137 -35.9161 11.1137 -178.954 -7.78321 -82.3227 -12.9422 7.77386 52.4415 -66.4925 -2.08724e-015 -3.18055e-015 16.3273 -54.4329 7.17166 179.783 -1.17621 79.5587 -10.1109 -1.56998 -57.1563 -48.3787 0 1.59028e-015 50.8747 77.6027 -43.1426 -7.97921 12.3323 -176.745 -19.4421 -1.27222e-014 -7.95139e-016 9.44897 6.33555 1.76138 90 -3.97569e-016 9.54166e-015 -20.8967 -14.2516 164.014 -38.3227 -3.18056e-015 -1.59028e-015 -5.38376 27.3169 15.2723 90 -1.11816e-016 -0 
5.72418 88.7425 -64.0578 85.5598 41.8465 3.30645 8.40448 -2.61243 -3.19061 6.97763 1.70754e-006 5.12264e-006 -5.12265e-006 1.70755e-006 -8.53773e-006 1.70748e-006 -8.53774e-006 -4.95189e-005 16.3824 -36.0847 11.5186 -178.985 -7.76321 -82.5272 -12.5068 6.81175 51.7873 -67.3069 -7.15625e-015 -6.36111e-015 15.5981 -54.7575 6.59575 179.794 -1.08463 79.2501 -10.6862 -2.09477 -57.3082 -48.8001 3.18055e-015 -0 50.4848 77.2803 -42.7772 -7.45088 11.9737 -176.546 -19.2015 -9.54166e-015 -1.59028e-015 9.91105 6.47136 0.775857 90 7.95139e-016 6.36111e-015 -19.8606 -14.3772 163.232 -29.5911 3.18056e-015 3.18056e-015 -6.34342 25.2255 16.3561 90 7.95139e-016 7.95139e-016 
4.56902 88.6229 -64.0586 85.6286 42.3061 3.64706 8.30677 -2.62384 -3.54337 6.98183 1.70754e-006 5.12264e-006 -5.12265e-006 1.70755e-006 -8.53773e-006 1.70748e-006 -8.53774e-006 -4.95189e-005 16.4983 -36.2197 11.7584 -178.994 -7.67946 -82.5101 -12.1931 6.00913 50.8751 -68.0333 -3.57812e-015 3.18055e-015 15.2083 -54.7827 6.35041 179.794 -1.05568 78.9348 -11.1784 -2.55228 -57.4346 -49.0379 -9.54166e-015 -1.11319e-014 49.8516 76.7319 -42.0524 -6.99758 11.5107 -176.379 -19.2153 3.18055e-015 -2.38542e-015 10.4548 6.39756 -0.321762 90 -1.98785e-016 6.36111e-015 -18.691 -14.776 162.629 -20.4961 0 -1.59028e-015 -9.26883 22.9897 17.8672 90 7.95139e-016 1.98785e-016 
3.29227 88.4652 -64.164 85.7295 42.7388 4.01623 8.11313 -2.58387 -3.92072 6.97984 1.70754e-006 5.12264e-006 -5.12265e-006 1.70755e-006 -8.53773e-006 1.70748e-006 -8.53774e-006 -4.95189e-005 16.5032 -36.3165 11.6748 -178.952 -7.6442 -82.1659 -12.0512 5.44236 49.6317 -68.6521 3.97569e-016 -6.36111e-015 14.9794 -54.8367 6.28579 179.787 -1.0567 78.5936 -11.7646 -3.00131 -57.5142 -49.0035 -3.18055e-015 -4.77083e-015 50.2531 76.4743 -42.4991 -6.58916 11.0183 -176.135 -19.2584 -3.18055e-015 1.59028e-015 10.9521 6.28884 -1.47952 90 0 -6.36111e-015 -17.8738 -15.5924 162.299 -13.2864 -3.18056e-015 -3.97569e-015 -10.2378 19.9563 19.8049 90 3.18055e-015 3.97569e-016 
1.88079 88.2837 -64.3339 85.6976 43.0842 4.56355 7.93097 -2.39106 -4.31869 6.93321 1.70754e-006 5.12264e-006 -5.12265e-006 1.70755e-006 -8.53773e-006 1.70748e-006 -8.53774e-006 -4.95189e-005 16.5541 -36.5578 11.2192 -178.877 -7.64396 -81.619 -12.0324 5.06627 48.331 -69.0579 1.19271e-015 -0 14.3421 -54.9698 5.94993 179.789 -1.02198 78.3369 -12.5796 -3.48653 -57.6095 -48.7149 -9.54166e-015 -7.95139e-015 49.9956 76.1472 -42.1081 -5.93948 10.8097 -175.844 -19.0939 0 1.98785e-015 11.4577 6.38781 -2.84932 90 0 -6.36111e-015 -17.0535 -14.6599 162.465 -9.48686 -6.36111e-015 -1.59028e-015 -10.0703 17.9023 20.7864 90 -3.18055e-015 7.95139e-016 
0.311925 88.0507 -64.5582 85.3989 43.4147 5.37863 7.84628 -2.28667 -4.76271 6.88254 1.70754e-006 5.12264e-006 -5.12265e-006 1.70755e-006 -8.53773e-006 1.70748e-006 -8.53774e-006 -4.95189e-005 16.5798 -36.5043 10.5006 -178.779 -7.85587 -81.1373 -11.9992 4.79416 47.3619 -69.4343 5.56597e-015 -0 14.0991 -55.1957 5.95913 179.781 -1.04999 78.2129 -13.5658 -4.03578 -57.774 -48.4209 3.18055e-015 -4.77083e-015 49.3213 75.7526 -41.4312 -5.17509 10.4437 -175.558 -19.1628 0 -1.19271e-015 11.9801 6.35235 -3.95014 90 0 -3.18055e-015 -16.7181 -13.0063 162.725 -9.82858 9.54167e-015 -2.38542e-015 -11.3301 17.4299 20.7759 90 4.77083e-015 1.59028e-015 
-1.37661 87.8527 -64.8488 84.8797 43.9118 6.02023 7.91803 -2.39894 -4.68377 6.85381 1.70754e-006 5.12264e-006 -5.12265e-006 1.70755e-006 -8.53773e-006 1.70748e-006 -8.53774e-006 -4.95189e-005 16.2462 -36.2213 9.50878 -178.646 -8.14684 -80.5276 -11.5729 4.5089 46.8493 -69.9465 3.18055e-015 -3.18055e-015 14.0015 -54.9511 5.89888 179.791 -0.995143 78.1183 -14.8895 -4.6308 -57.746 -48.1985 3.18055e-015 -9.54166e-015 49.5654 75.4707 -41.7472 -4.48218 9.64689 -174.953 -19.5208 6.36111e-015 -3.97569e-016 12.5276 6.02253 -4.53574 90 0 -0 -16.8052 -11.6937 163.164 -12.5632 0 -7.95139e-016 -12.3461 17.3279 19.4688 90 -1.59028e-015 -0 
-3.12199 87.8087 -65.1978 84.1348 44.6375 6.06778 8.22689 -2.67388 -3.55522 6.91601 1.70754e-006 5.12264e-006 -5.12265e-006 1.70755e-006 -8.53773e-006 1.70748e-006 -8.53774e-006 -4.95189e-005 15.5856 -35.7846 8.43889 -178.498 -8.5042 -79.9424 -10.8544 4.13356 47.3225 -70.4135 -3.37934e-015 -3.18055e-015 13.6587 -54.7732 5.52677 179.813 -0.893335 78.2039 -16.2583 -5.10326 -57.5679 -47.9554 3.18055e-015 6.36111e-015 49.3585 75.1344 -41.5137 -3.86548 8.66411 -173.629 -19.9264 0 1.19271e-015 12.8249 5.65734 -4.30716 90 0 3.18055e-015 -17.1291 -12.7141 164.105 -15.6907 0 -3.97569e-015 -9.83386 18.1611 16.6233 90 0 3.18055e-015 
-4.84479 87.8243 -65.597 83.6272 45.3799 5.91572 8.36641 -2.6862 -2.37447 6.99204 1.70754e-006 5.12264e-006 -5.12265e-006 1.70755e-006 -8.53773e-006 1.70748e-006 -8.53774e-006 -4.95189e-005 15.3842 -35.4158 7.99204 -178.489 -8.60128 -79.9958 -9.82933 3.96202 49.0599 -71.0043 1.98785e-015 -3.18055e-015 13.86 -54.6042 5.46694 179.853 -0.716584 78.4037 -17.3069 -5.63239 -57.4231 -48.124 0 -7.95139e-015 48.9416 74.5551 -40.8214 -3.26278 7.97119 -172.295 -19.8811 -6.36111e-015 -2.78299e-015 12.716 5.43306 -3.71797 90 3.97569e-016 3.18055e-015 -17.1186 -13.6099 165.236 -18.0962 -3.18056e-015 -7.95139e-016 -7.51347 18.4188 14.4127 90 1.59028e-015 1.59028e-015 
-6.49971 87.9003 -66.0781 83.6435 46.2328 5.5273 8.32151 -2.60533 -1.44655 6.95437 1.70754e-006 5.12264e-006 -5.12265e-006 1.70755e-006 -8.53773e-006 1.70748e-006 -8.53774e-006 -4.95189e-005 15.412 -35.2615 8.37836 -178.449 -8.72213 -79.8765 -8.92591 4.18404 50.6399 -71.9487 1.39149e-015 3.18055e-015 14.0286 -54.502 5.80866 179.899 -0.476253 78.0577 -18.1545 -6.49774 -56.6871 -48.7318 -6.36111e-015 4.77083e-015 48.8673 74.3437 -40.8972 -3.37616 8.00864 -171.043 -20.3281 -3.18055e-015 3.18055e-015 13.2562 5.5774 -2.23286 90 0 -0 -16.5505 -13.9608 166.611 -19.0888 3.18056e-015 -0 -5.53738 19.5179 12.8003 90 7.95139e-016 3.18055e-015 
-8.00769 88.0919 -66.5762 83.8812 47.356 5.19463 8.23488 -2.82022 -0.72586 6.89375 1.70754e-006 5.12264e-006 -5.12265e-006 1.70755e-006 -8.53773e-006 1.70748e-006 -8.53774e-006 -4.95189e-005 15.452 -34.8787 8.91415 -178.363 -8.8332 -79.4597 -8.37053 4.81933 51.827 -72.8673 -1.98785e-015 9.54166e-015 13.7074 -55.4229 5.76342 179.912 -0.398309 77.5931 -18.7382 -7.17251 -55.8019 -49.0747 3.18055e-015 4.77083e-015 49.0352 74.5377 -41.3183 -3.79432 8.35262 -170.223 -20.672 -6.36111e-015 2.78299e-015 13.5227 5.67281 0.675863 90 7.95139e-016 -3.18055e-015 -15.7271 -14.3778 167.785 -19.1029 3.18056e-015 -7.95139e-016 -4.11496 20.638 11.6436 90 -7.95139e-016 -3.18055e-015 
-9.40486 88.3643 -67.0821 84.1905 48.5397 4.93624 8.1548 -2.9884 -0.129096 6.89854 1.70754e-006 5.12264e-006 -5.12265e-006 1.70755e-006 -8.53773e-006 1.70748e-006 -8.53774e-006 -4.95189e-005 15.3766 -34.7177 9.36456 -178.348 -8.8597 -79.3937 -8.33324 5.68578 53.271 -73.4678 -6.75868e-015 -0 14.2157 -55.5098 6.16561 179.952 -0.217141 77.5687 -19.2037 -7.27025 -55.4232 -49.1001 0 -3.18055e-015 49.2604 74.2714 -41.4653 -4.85577 8.4388 -169.369 -21.7742 9.54166e-015 1.59028e-015 12.8932 5.7844 2.23165 90 1.59028e-015 -0 -14.7383 -14.7432 168.873 -18.5037 0 -0 -3.18143 21.8512 10.7206 90 -1.59028e-015 -0 
-10.6623 88.6506 -67.6092 84.4777 49.7136 4.86637 8.21708 -2.97529 0.320364 6.93636 1.70754e-006 5.12264e-006 -5.12265e-006 1.70755e-006 -8.53773e-006 1.70748e-006 -8.53774e-006 -4.95189e-005 15.0545 -34.9838 9.53684 -178.377 -8.75354 -79.4539 -8.87754 6.7886 54.5033 -74.0082 -5.56597e-015 -0 15.1435 -54.8036 6.98537 179.975 -0.115511 77.8517 -19.2675 -7.03541 -55.3336 -49.1478 -3.18055e-015 3.18055e-015 47.4979 73.9868 -39.4919 -6.15962 8.03489 -168.632 -23.2307 3.18055e-015 7.95139e-016 11.6815 5.72923 2.91364 90 7.95139e-016 -0 -13.835 -15.4129 169.707 -17.6339 0 2.38542e-015 -2.51373 22.7015 9.7192 90 7.95139e-016 -0 
-11.785 88.8913 -68.1551 84.82 50.6608 4.84206 8.37187 -2.67159 0.68627 6.9953 1.70754e-006 5.12264e-006 -5.12265e-006 1.70755e-006 -8.53773e-006 1.70748e-006 -8.53774e-006 -4.95189e-005 14.531 -35.4128 9.42863 -178.399 -8.56521 -79.3702 -9.80707 8.08616 55.2217 -74.5895 -5.56597e-015 -0 15.4416 -54.3393 7.59014 179.972 -0.135504 78.1695 -19.3036 -6.73908 -55.1477 -49.3216 6.36111e-015 3.18055e-015 48.9332 74.2338 -41.0823 -7.48996 7.62425 -168.061 -24.639 3.18055e-015 -3.18055e-015 10.311 5.45579 3.37822 90 -1.98785e-015 -3.18055e-015 -13.1415 -15.8402 170.406 -16.8812 6.36111e-015 7.95139e-016 -1.87869 23.4176 8.87454 90 -7.95139e-016 -1.59028e-015 
-12.8176 89.0661 -68.7104 85.1689 51.3505 4.82202 8.55203 -2.22757 0.983286 7.0815 1.70754e-006 5.12264e-006 -5.12265e-006 1.70755e-006 -8.53773e-006 1.70748e-006 -8.53774e-006 -4.95189e-005 14.0785 -35.7636 9.11895 -178.396 -8.52761 -79.3041 -10.998 9.3009 55.7162 -75.1498 -5.56597e-015 3.18055e-015 16.0625 -54.4921 8.25178 179.943 -0.278423 78.498 -19.6367 -6.43493 -54.7684 -49.36 1.59028e-015 -2.38542e-015 48.3617 74.3097 -40.5238 -8.76314 7.18934 -167.576 -26.0043 6.36111e-015 1.98785e-015 8.91215 4.8581 3.5345 90 -4.96962e-015 -9.54166e-015 -12.8077 -16.4929 170.957 -16.4862 -6.36111e-015 -0 -1.18226 23.5676 7.88541 90 -3.97569e-016 -1.59028e-015 
-13.8114 89.1858 -69.224 85.3932 51.9268 4.864 8.72459 -1.82674 1.26498 7.17609 1.70754e-006 5.12264e-006 -5.12265e-006 1.70755e-006 -8.53773e-006 1.70748e-006 -8.53774e-006 -4.95189e-005 13.9149 -35.8456 8.68189 -178.386 -8.54587 -79.2618 -12.0983 10.493 56.0721 -75.7664 -3.18055e-015 -3.18055e-015 16.5439 -54.0356 8.7153 179.915 -0.427235 78.806 -20.2693 -6.11219 -54.234 -49.2949 -1.59028e-015 -3.18055e-015 47.1709 73.9901 -39.2066 -9.86389 6.70311 -167.114 -27.2791 3.18055e-015 8.74653e-015 7.66958 4.34957 3.76951 90 7.15625e-015 -9.54166e-015 -12.5263 -16.9395 171.506 -16.3592 -6.36111e-015 -1.19271e-015 -0.40477 23.8346 6.95459 90 -3.97569e-016 -0 
-14.7524 89.2783 -69.7412 85.4799 52.4939 5.00827 8.98847 -1.54608 1.46678 7.22768 1.70754e-006 5.12264e-006 -5.12265e-006 1.70755e-006 -8.53773e-006 1.70748e-006 -8.53774e-006 -4.95189e-005 13.8253 -35.9208 8.31343 -178.381 -8.61567 -79.3167 -13.1287 11.4944 56.3933 -76.311 -1.19271e-014 -9.54166e-015 16.8892 -53.4687 8.997 179.889 -0.570911 78.997 -20.9072 -5.69286 -53.569 -49.3737 0 -0 46.0068 73.6656 -38.0882 -10.9267 6.24605 -166.685 -28.5584 -3.18055e-015 2.78299e-015 6.37031 3.74696 3.97621 90 9.93923e-017 -6.36111e-015 -12.3177 -17.5201 171.968 -16.4104 -3.18056e-015 -0 0.403275 23.9515 6.11376 90 3.97569e-016 -3.18055e-015 
-15.6752 89.3656 -70.2118 85.3629 53.1588 5.2951 9.22562 -1.34274 1.64951 7.32297 1.70754e-006 5.12264e-006 -5.12265e-006 1.70755e-006 -8.53773e-006 1.70748e-006 -8.53774e-006 -4.95189e-005 13.8494 -36.1548 8.04021 -178.392 -8.57777 -79.3408 -14.007 12.4159 56.5605 -76.779 -3.18055e-015 -0 16.7203 -52.9942 9.07698 179.871 -0.672544 79.1452 -21.1841 -5.12005 -52.9624 -49.4866 -4.77083e-015 7.95139e-016 45.3433 73.4738 -37.4003 -11.9234 5.86864 -166.27 -29.7849 -3.18055e-015 -1.59028e-015 4.95165 3.13625 4.10646 90 5.1684e-015 -0 -11.8157 -17.6927 172.532 -16.2992 0 -1.59028e-015 1.09949 24.5246 5.28674 90 0 -0 
-16.6192 89.428 -70.6353 85.1199 53.786 5.65119 9.37161 -1.18966 1.77237 7.41981 1.70754e-006 5.12264e-006 -5.12265e-006 1.70755e-006 -8.53773e-006 1.70748e-006 -8.53774e-006 -4.95189e-005 13.999 -36.3582 7.72556 -178.406 -8.58196 -79.4392 -14.5744 13.1105 56.7252 -77.3372 -4.77083e-015 -3.18055e-015 17.3636 -52.8371 9.52179 179.851 -0.79017 79.3542 -21.1217 -4.37664 -52.6504 -49.6199 0 -1.59028e-015 44.9313 73.5596 -37.009 -12.6756 5.20407 -165.948 -30.8932 6.36111e-015 2.38542e-015 3.67271 2.39333 4.36439 90 -2.5842e-015 3.18055e-015 -11.3062 -17.7802 173.105 -16.3871 -1.27222e-014 -7.95139e-016 1.91052 25.1336 4.57013 90 -3.97569e-016 -4.77083e-015 
-17.5613 89.4525 -71.0237 84.8253 54.2227 5.99476 9.48436 -0.94866 1.88207 7.47163 1.70754e-006 5.12264e-006 -5.12265e-006 1.70755e-006 -8.53773e-006 1.70748e-006 -8.53774e-006 -4.95189e-005 14.038 -36.6712 7.29133 -178.396 -8.6575 -79.4594 -14.9697 13.6924 56.7174 -77.8152 -1.59028e-015 3.18055e-015 17.2245 -52.7087 9.53402 179.844 -0.851512 79.5929 -21.046 -3.59012 -52.5262 -49.7755 1.59028e-015 -3.97569e-015 44.1558 73.7258 -36.2872 -13.3971 4.73969 -165.55 -32.0322 -3.18055e-015 -3.18055e-015 2.38249 1.39508 4.40803 90 9.93923e-016 -3.18055e-015 -10.7429 -17.3354 173.818 -16.5367 3.18056e-015 -3.97569e-016 2.71705 25.9989 3.78946 90 -7.95139e-016 -0 
-18.4873 89.459 -71.3916 84.4928 54.5319 6.27264 9.64125 -0.713056 2.04641 7.4932 1.70754e-006 5.12264e-006 -5.12265e-006 1.70755e-006 -8.53773e-006 1.70748e-006 -8.53774e-006 -4.95189e-005 13.7077 -37.0134 6.72912 -178.366 -8.73429 -79.3621 -15.0273 14.0507 56.5908 -78.2824 -7.95139e-016 -0 17.3055 -52.858 9.5754 179.843 -0.871487 79.7588 -21.131 -2.83862 -52.4122 -49.8846 7.95139e-016 -2.38542e-015 44.0727 73.9987 -36.2062 -14.1932 4.18729 -165.076 -33.3718 -3.18055e-015 -1.59028e-015 1.02179 0.280809 4.33006 90 -3.97569e-016 3.18055e-015 -10.0254 -16.8228 174.671 -16.4695 3.18056e-015 1.19271e-015 3.47233 26.7982 3.02249 90 -7.95139e-016 1.59028e-015 
-19.38 89.4421 -71.744 84.1393 54.7225 6.46175 9.82668 -0.494953 2.29922 7.50872 1.70754e-006 5.12264e-006 -5.12265e-006 1.70755e-006 -8.53773e-006 1.70748e-006 -8.53774e-006 -4.95189e-005 13.2317 -37.3102 6.10059 -178.352 -8.74732 -79.2883 -14.8691 14.2311 56.5421 -78.5525 3.18055e-015 -9.54166e-015 17.1787 -52.7579 9.47623 179.826 -0.988219 80.0071 -21.412 -2.07738 -52.4377 -49.6468 -7.95139e-016 7.95139e-016 43.6774 74.0312 -35.785 -15.0208 3.11504 -164.664 -35.0293 -3.18055e-015 -7.95139e-015 -0.344599 -1.1976 4.34738 90 -1.98785e-015 -0 -9.25415 -16.6168 175.565 -16.2932 -9.54167e-015 1.98785e-016 4.21504 27.1191 2.28386 90 -3.97569e-016 -1.59028e-015 
-20.2511 89.4036 -72.0711 83.8018 54.6212 6.61702 10.0439 -0.0663179 2.50748 7.5288 1.70754e-006 5.12264e-006 -5.12265e-006 1.70755e-006 -8.53773e-006 1.70748e-006 -8.53774e-006 -4.95189e-005 12.7211 -37.5038 5.62834 -178.348 -8.80372 -79.3279 -14.8595 14.2223 56.6054 -78.5425 3.97569e-015 6.36111e-015 17.1239 -52.8132 9.38955 179.801 -1.16973 80.3664 -21.6413 -1.44372 -52.7118 -49.4892 -1.59028e-015 -7.95139e-016 42.6262 73.8985 -34.5377 -15.895 2.14258 -164.274 -36.8595 -3.18055e-015 7.95139e-016 -1.84698 -2.8857 4.23652 90 1.98785e-015 3.18055e-015 -8.53819 -16.3676 176.433 -16.2044 0 3.97569e-016 5.02233 27.1807 1.67904 90 0 -0 
-21.1042 89.3555 -72.3741 83.5607 54.3255 6.71738 10.2585 0.415075 2.62457 7.53729 1.70754e-006 5.12264e-006 -5.12265e-006 1.70755e-006 -8.53773e-006 1.70748e-006 -8.53774e-006 -4.95189e-005 12.154 -37.7497 5.23416 -178.356 -8.79506 -79.3717 -14.7945 14.2541 56.599 -78.4844 -5.56597e-015 3.18055e-015 17.0062 -52.5319 9.34324 179.78 -1.33738 80.6457 -21.9285 -1.01479 -53.0018 -49.3683 -4.77083e-015 3.97569e-015 42.1686 73.8039 -34.2104 -16.7698 0.95071 -164.093 -38.7575 0 -4.77083e-015 -3.54837 -5.17975 4.27015 90 0 3.18055e-015 -7.94582 -15.9349 177.266 -16.1864 9.54167e-015 -5.96354e-016 5.74575 27.2167 0.962225 90 0 -1.59028e-015 
-21.9488 89.2994 -72.6594 83.3433 53.9424 6.72236 10.5274 0.792967 2.78035 7.53537 1.70754e-006 5.12264e-006 -5.12265e-006 1.70755e-006 -8.53773e-006 1.70748e-006 -8.53774e-006 -4.95189e-005 11.5614 -37.8371 4.89876 -178.369 -8.72765 -79.3686 -14.5708 14.3609 56.5117 -78.5576 -3.18055e-015 3.18055e-015 16.7131 -52.5211 9.13356 179.767 -1.45238 80.8813 -22.447 -0.806775 -53.2821 -49.3812 -1.59028e-015 3.97569e-015 42.57 73.8188 -34.6283 -17.7756 -0.554906 -164.062 -40.9043 -3.18055e-015 3.97569e-015 -5.5557 -7.86724 4.36433 90 -7.95139e-016 6.36111e-015 -7.2682 -15.5289 178.183 -15.9972 3.18056e-015 3.97569e-016 6.35608 27.1758 0.180041 90 0 -3.18055e-015 
-22.7614 89.2395 -72.8954 83.1578 53.5664 6.70782 10.7774 1.0325 2.92193 7.57237 1.70754e-006 5.12264e-006 -5.12265e-006 1.70755e-006 -8.53773e-006 1.70748e-006 -8.53774e-006 -4.95189e-005 11.0579 -38.0062 4.62004 -178.392 -8.62841 -79.4008 -14.3393 14.4796 56.4719 -78.6135 -9.54166e-015 -1.27222e-014 16.7002 -52.7031 9.1496 179.764 -1.50321 81.0779 -23.1062 -0.808875 -53.5588 -49.5471 7.95139e-016 -7.95139e-016 42.9463 73.732 -35.0111 -18.8489 -2.02629 -164.334 -42.8701 -6.36111e-015 3.18055e-015 -7.58055 -10.8339 5.23982 90 -2.38542e-015 -3.18055e-015 -6.46419 -15.7805 178.966 -15.5595 0 -1.39149e-015 6.99047 26.4624 -0.418305 90 7.95139e-016 -0 
-23.5389 89.1868 -73.0307 83.0386 52.9335 6.68317 11.0214 1.48456 3.00152 7.57723 1.70754e-006 5.12264e-006 -5.12265e-006 1.70755e-006 -8.53773e-006 1.70748e-006 -8.53774e-006 -4.95189e-005 10.6988 -38.1692 4.3865 -178.413 -8.54129 -79.4312 -14.2626 14.6165 56.4577 -78.6612 9.54166e-015 3.18055e-015 16.9867 -52.4881 9.38238 179.768 -1.52675 81.3546 -23.5254 -1.05636 -53.9777 -50.0347 -2.38542e-015 -0 43.1878 73.5643 -35.2929 -19.6883 -2.38938 -164.607 -43.9332 0 -0 -8.92587 -13.317 6.1605 90 -3.18055e-015 -0 -5.71847 -15.9818 179.619 -15.214 -3.18056e-015 -1.09332e-015 7.63423 25.7117 -0.824459 90 0 -0 
-24.2491 89.1852 -73.0375 83.1253 51.9815 6.64168 11.1109 2.05132 2.91755 7.64252 1.70754e-006 5.12264e-006 -5.12265e-006 1.70755e-006 -8.53773e-006 1.70748e-006 -8.53774e-006 -4.95189e-005 10.2844 -38.1237 4.02979 -178.378 -8.60921 -79.291 -14.2599 14.7799 56.3328 -78.6718 3.18055e-015 -3.18055e-015 17.004 -52.581 9.51308 179.767 -1.58062 81.6255 -23.7772 -1.45748 -54.4015 -50.6612 -1.59028e-015 2.38542e-015 44.7894 73.6558 -37.0476 -20.257 -1.57725 -165.079 -44.4953 9.54166e-015 7.95139e-016 -6.83284 -9.43899 7.22908 90 2.38542e-015 -3.18055e-015 -5.39233 -16.4143 179.885 -15.3314 0 3.97569e-015 8.15028 24.4931 -1.0709 90 -3.97569e-016 3.18055e-015 
-24.9148 89.2204 -72.9403 83.353 51.0435 6.57849 11.0981 2.40058 2.71871 7.70495 1.70754e-006 5.12264e-006 -5.12265e-006 1.70755e-006 -8.53773e-006 1.70748e-006 -8.53774e-006 -4.95189e-005 9.93564 -38.0115 3.71336 -178.325 -8.74444 -79.1088 -14.0905 14.9434 56.2184 -78.7114 -7.95139e-016 -0 16.9912 -52.8348 9.54419 179.753 -1.70092 81.7267 -23.8233 -1.91091 -54.6976 -51.1995 0 -7.95139e-016 45.1552 73.7652 -37.5463 -20.645 -0.353638 -165.976 -44.0298 -3.18055e-015 1.59028e-015 -3.9701 -3.49608 7.26052 90 -5.56597e-015 -0 -4.87316 -16.3694 -179.838 -14.8633 3.18056e-015 1.68967e-015 8.34929 23.7846 -1.52802 90 -3.97569e-016 -3.18055e-015 
-25.5881 89.2563 -72.7532 83.7709 50.41 6.30031 10.8776 2.41321 2.60013 7.68692 1.70754e-006 5.12264e-006 -5.12265e-006 1.70755e-006 -8.53773e-006 1.70748e-006 -8.53774e-006 -4.95189e-005 9.86592 -37.7008 3.44429 -178.279 -8.8743 -78.9797 -13.8057 15.1343 56.1385 -78.7296 -7.95139e-015 -3.18055e-015 17.245 -52.8596 9.7475 179.754 -1.70325 81.7782 -23.6701 -2.24209 -55.0532 -51.4461 0 -2.38542e-015 46.236 73.9058 -38.7237 -21.1023 1.47148 -166.911 -42.1427 0 -7.95139e-016 -2.62254 -1.52906 6.72187 90 7.95139e-016 -0 -4.41424 -16.9999 -179.613 -14.3946 3.18056e-015 7.95139e-016 8.5991 22.8565 -1.76463 90 -3.97569e-016 -0 
-26.2671 89.2748 -72.4825 84.2267 49.9354 5.8549 10.579 2.34442 2.6372 7.63218 1.70754e-006 5.12264e-006 -5.12265e-006 1.70755e-006 -8.53773e-006 1.70748e-006 -8.53774e-006 -4.95189e-005 9.80294 -37.5646 3.20427 -178.263 -8.93777 -78.953 -13.5556 15.3789 56.0779 -78.7491 -3.18055e-015 6.36111e-015 17.1856 -52.8039 9.85373 179.775 -1.58762 81.9354 -23.2187 -2.32787 -55.5423 -51.566 1.59028e-015 -0 46.317 74.0458 -38.7053 -21.5168 3.98921 -167.61 -39.4251 0 -4.37326e-015 -2.01191 -1.90498 7.31466 90 2.78299e-015 -6.36111e-015 -3.80396 -17.2201 -179.17 -13.7346 0 -1.73937e-015 8.79133 22.4742 -2.02611 90 0 3.18055e-015 
-26.9373 89.2662 -72.1248 84.6671 49.5117 5.43677 10.266 2.30959 2.62402 7.59724 1.70754e-006 5.12264e-006 -5.12265e-006 1.70755e-006 -8.53773e-006 1.70748e-006 -8.53774e-006 -4.95189e-005 9.70514 -37.4884 3.17986 -178.265 -8.92567 -78.9519 -13.287 15.5781 55.8914 -78.9094 3.97569e-015 3.18055e-015 17.1486 -52.9983 9.92545 179.786 -1.53432 82.0696 -22.2152 -2.36607 -55.9616 -51.8218 1.59028e-015 -2.38542e-015 46.3366 74.3587 -38.7218 -21.7257 7.01104 -168.272 -36.347 0 -1.19271e-015 -1.75053 -2.11858 7.79943 90 -4.17448e-015 -3.18055e-015 -3.21543 -17.1666 -178.757 -13.1601 0 -1.18028e-015 9.03358 22.3422 -2.40861 90 -3.97569e-016 3.18055e-015 
-27.6373 89.242 -71.7045 84.9679 49.2843 5.00678 9.98923 2.23355 2.69216 7.56247 1.70754e-006 5.12264e-006 -5.12265e-006 1.70755e-006 -8.53773e-006 1.70748e-006 -8.53774e-006 -4.95189e-005 9.70979 -37.6922 3.34531 -178.265 -8.91544 -78.9416 -13.1449 15.6608 55.4695 -79.201 1.59028e-015 -3.18055e-015 17.3073 -53.1215 10.0817 179.792 -1.49999 82.1064 -21.0557 -2.42184 -56.1561 -52.0509 -1.59028e-015 -2.38542e-015 46.5777 75.3604 -39.506 -21.7904 10.4701 -168.828 -33.5647 3.18055e-015 7.95139e-016 -1.49811 -0.978075 7.94164 90 -3.97569e-016 3.18055e-015 -2.46874 -17.0501 -178.224 -12.5982 -6.36111e-015 -1.11816e-015 9.33696 22.461 -2.66015 90 -3.97569e-016 1.59028e-015 
-28.2941 89.1947 -71.1915 85.2669 49.2247 4.62793 9.61362 2.07748 2.71248 7.57047 1.70754e-006 5.12264e-006 -5.12265e-006 1.70755e-006 -8.53773e-006 1.70748e-006 -8.53774e-006 -4.95189e-005 9.87532 -37.9499 3.61672 -178.253 -8.94128 -78.8942 -13.1782 15.6022 54.8581 -79.4585 -3.18055e-015 -3.18055e-015 17.3681 -53.1578 10.2335 179.782 -1.55947 82.0565 -19.1396 -2.24522 -56.1557 -52.5656 -3.18055e-015 1.59028e-015 46.9162 75.6487 -40.2352 -21.8671 13.7587 -169.438 -32.0918 -3.18055e-015 1.59028e-015 -0.458933 0.904706 6.75414 90 1.19271e-015 3.18055e-015 -1.85358 -17.2567 -177.875 -12.2943 -3.18056e-015 -1.83876e-015 9.75591 22.3565 -2.89064 90 -3.97569e-016 -0 
-28.952 89.1106 -70.6246 85.3966 49.2266 4.23529 9.38538 2.03359 2.85719 7.4985 1.70754e-006 5.12264e-006 -5.12265e-006 1.70755e-006 -8.53773e-006 1.70748e-006 -8.53774e-006 -4.95189e-005 10.1205 -38.4082 4.03501 -178.279 -8.86993 -78.9706 -13.2022 15.3915 54.2808 -79.745 7.95139e-016 -0 17.2953 -53.166 10.3392 179.793 -1.48923 82.0854 -16.6211 -1.74877 -56.1516 -53.5548 0 1.59028e-015 45.7783 76.5637 -39.4176 -21.2777 15.6152 -170.005 -31.177 -3.18055e-015 -3.97569e-016 0.45563 3.12578 4.85239 90 1.98785e-016 -6.36111e-015 -1.45454 -17.2669 -177.469 -12.6589 0 2.98177e-016 10.3221 22.5363 -3.21472 90 -3.97569e-016 -3.18055e-015 
-29.6119 88.9577 -70.0124 85.6198 49.2992 3.68702 9.01012 1.85195 2.94768 7.41734 1.70754e-006 5.12264e-006 -5.12265e-006 1.70755e-006 -8.53773e-006 1.70748e-006 -8.53774e-006 -4.95189e-005 10.7554 -38.4408 4.93392 -178.349 -8.79644 -79.3282 -13.0077 15.1006 53.9428 -80.2464 9.93923e-015 -6.36111e-015 16.989 -53.4929 10.1308 179.759 -1.6791 81.8217 -12.7707 -0.865615 -55.8015 -55.3268 3.18055e-015 -1.59028e-015 41.4016 77.4745 -36.4148 -20.4914 15.6837 -170.672 -31.3837 6.36111e-015 -0 2.27889 4.43975 5.67815 90 1.78906e-015 3.18055e-015 -1.60109 -17.2833 -177.137 -13.9972 3.18056e-015 5.96354e-016 11.2422 22.8138 -3.56888 90 0 3.18055e-015 
-30.2377 88.7819 -69.2937 85.671 49.3854 3.43 8.71541 1.5151 2.8117 7.34113 1.70754e-006 5.12264e-006 -5.12265e-006 1.70755e-006 -8.53773e-006 1.70748e-006 -8.53774e-006 -4.95189e-005 11.453 -38.3231 5.86722 -178.417 -8.69014 -79.6326 -12.7425 14.7624 53.3922 -81.1068 -1.15295e-014 3.18055e-015 17.2787 -54.6375 10.2753 179.754 -1.59121 81.1964 -8.14414 0.946489 -54.974 -57.848 -3.18055e-015 -0 25.8596 80.8027 -21.828 -18.8001 15.4974 -171.37 -30.2062 6.36111e-015 -3.97569e-016 4.89041 1.94914 6.83179 90 -7.45443e-017 3.18055e-015 -1.92336 -17.4149 -177.127 -15.8278 3.18056e-015 -7.95139e-016 12.3498 23.0391 -3.84942 90 9.93923e-017 -0 
-30.8138 88.6114 -68.5612 85.7806 49.7434 3.21893 8.36914 0.666163 2.539 7.24272 1.70754e-006 5.12264e-006 -5.12265e-006 1.70755e-006 -8.53773e-006 1.70748e-006 -8.53774e-006 -4.95189e-005 12.2517 -37.9788 6.7707 -178.528 -8.37258 -79.9942 -12.7317 14.6648 52.6915 -82.2823 5.56597e-015 -0 15.6882 -55.3761 9.20832 179.735 -1.63749 80.8147 -3.24518 3.71028 -54.3339 -60.5684 6.36111e-015 -0 -21.9599 85.2512 25.8124 -16.8817 15.3724 -171.641 -27.7695 0 -7.95139e-016 6.33121 1.76206 5.9555 90 5.96354e-016 3.18055e-015 -2.61987 -17.5928 -177.307 -18.163 0 1.19271e-015 13.4343 23.5282 -4.08112 90 -7.45443e-017 3.18055e-015 
-31.2559 88.4482 -67.8723 86.021 50.1835 2.97541 8.10488 -0.179448 2.17991 7.08236 1.70754e-006 5.12264e-006 -5.12265e-006 1.70755e-006 -8.53773e-006 1.70748e-006 -8.53774e-006 -4.95189e-005 12.9865 -37.7878 7.80738 -178.759 -7.55343 -80.6447 -14.236 14.7475 52.1516 -84.4803 2.38542e-015 3.18055e-015 14.6924 -53.8746 8.09676 179.709 -1.78204 80.725 0.523081 6.91714 -53.1274 -62.9373 -3.18055e-015 -0 -63.4984 82.962 67.4378 -15.451 14.6874 -171.783 -26.1564 6.36111e-015 -7.95139e-016 7.24913 1.84147 3.97159 90 6.95746e-016 -3.18055e-015 -4.45379 -18.0014 -178.013 -22.2308 -3.18056e-015 -1.59028e-015 14.6754 23.9351 -3.34468 90 0 -0 
-31.4855 88.3768 -67.3084 86.363 50.4677 2.81792 8.13198 -0.943274 1.60619 6.84637 1.70754e-006 5.12264e-006 -5.12265e-006 1.70755e-006 -8.53773e-006 1.70748e-006 -8.53774e-006 -4.95189e-005 13.554 -37.3453 9.01865 -179.038 -6.28757 -81.2866 -17.8417 14.6177 51.5164 -86.8659 -5.56597e-015 -6.36111e-015 14.3811 -51.1967 9.08926 179.631 -2.20653 80.5115 1.58494 10.1016 -50.3393 -63.9056 -3.18055e-015 1.27222e-014 -68.3984 82.2425 71.9619 -15.1924 14.7105 -171.88 -26.0295 0 1.19271e-015 7.67986 2.22049 3.06394 90 -7.95139e-016 3.18055e-015 -7.22392 -18.315 -179.308 -27.3594 6.36111e-015 2.38542e-015 15.1154 23.7733 -2.05467 90 -9.93923e-017 3.18055e-015 
-31.5967 88.3829 -66.8509 87.0445 50.469 2.15069 8.20296 -1.66631 1.37008 6.49398 1.70754e-006 5.12264e-006 -5.12265e-006 1.70755e-006 -8.53773e-006 1.70748e-006 -8.53774e-006 -4.95189e-005 13.8267 -36.4849 9.79377 -179.307 -4.72796 -81.6595 -22.112 13.9412 50.8147 -89.1447 1.59028e-015 3.18055e-015 15.6038 -51.3064 11.056 179.512 -2.96335 80.6339 1.3124 13.3754 -47.7613 -64.0372 -6.36111e-015 -0 -73.3452 83.3147 76.4424 -15.757 14.7186 -171.662 -26.7536 0 -1.98785e-015 8.05617 2.53211 2.90371 90 1.09332e-015 3.18055e-015 -9.42337 -19.0214 179.5 -31.0548 9.54167e-015 7.95139e-016 14.7173 21.6685 -0.68846 90 0 3.18055e-015 
-31.6468 88.3678 -66.4484 88.2093 49.6694 0.953019 8.14053 -1.66533 1.36722 6.10885 1.70754e-006 5.12264e-006 -5.12265e-006 1.70755e-006 -8.53773e-006 1.70748e-006 -8.53774e-006 -4.95189e-005 13.4132 -36.1429 9.9033 -179.529 -3.38863 -82.0818 -26.3568 12.7716 50.0361 -91.9735 3.18055e-015 -3.18055e-015 15.2071 -50.9134 11.4126 179.423 -3.80378 81.365 1.85947 16.352 -47.0125 -66.6616 -3.18055e-015 3.18055e-015 -72.8372 82.9697 76.1997 -16.1818 14.9845 -171.266 -26.7496 0 2.78299e-015 8.75374 2.84269 2.60706 90 -7.95139e-016 -3.18055e-015 -11.6663 -19.4427 178.536 -34.2022 -3.18056e-015 1.59028e-015 14.1206 19.1849 0.455556 90 -1.98785e-016 -1.59028e-015 
-31.6206 88.2813 -66.1631 89.5843 48.5467 0.0524439 8.20602 -1.17962 0.751634 5.61116 1.70754e-006 5.12264e-006 -5.12265e-006 1.70755e-006 -8.53773e-006 1.70748e-006 -8.53774e-006 -4.95189e-005 13.0055 -36.1385 10.307 -179.795 -1.74999 -83.3083 -31.3555 10.6279 49.7583 -94.0393 0 -3.18055e-015 11.2545 -50.0074 9.66518 179.379 -4.35863 81.8833 3.78668 19.1789 -47.4882 -73.2727 6.36111e-015 6.36111e-015 -35.9311 84.0849 38.6475 -16.6777 16.4889 -171.139 -26.4787 3.18055e-015 1.59028e-015 9.53668 3.05517 2.2603 90 -6.95746e-016 3.18055e-015 -15.126 -19.9049 176.748 -38.5771 0 -1.59028e-015 13.4149 16.146 1.55964 90 7.95139e-016 -0 
-31.6914 88.1373 -66.13 90.9048 49.02 -0.509329 8.68905 -1.90286 -0.345897 4.86036 1.70754e-006 5.12264e-006 -5.12265e-006 1.70755e-006 -8.53773e-006 1.70748e-006 -8.53774e-006 -4.95189e-005 13.6802 -36.743 12.2306 179.924 0.803591 -84.5781 -34.8466 5.8265 49.0595 -96.8752 0 7.95139e-016 6.45389 -50.5032 8.35193 179.361 -4.40918 81.7458 5.76271 19.1349 -47.3214 -80.0119 -3.18055e-015 6.36111e-015 -27.0026 82.1143 24.6983 -17.5861 17.2649 -171.248 -26.5902 -6.36111e-015 -3.18055e-015 9.88286 4.15156 1.46876 90 9.93923e-016 3.18055e-015 -18.5558 -19.3127 174.429 -42.7363 0 -1.59028e-015 12.5388 14.638 3.22245 90 -3.97569e-016 -0 
-32.0875 88.0142 -66.1356 91.4106 50.737 -0.496874 9.14141 -3.9443 -1.17374 4.41954 1.70754e-006 5.12264e-006 -5.12265e-006 1.70755e-006 -8.53773e-006 1.70748e-006 -8.53774e-006 -4.95189e-005 15.1736 -36.5693 13.5089 179.774 2.92419 -85.5765 -35.0719 -2.19688 47.5359 -99.2525 0 7.95139e-016 6.77444 -42.4343 12.1222 179.367 -4.16644 81.3542 8.86492 16.4442 -47.4666 -89.4619 -3.18055e-015 -0 52.495 76.2456 -47.8184 -17.9893 17.2458 -171.329 -26.7062 0 2.38542e-015 9.9638 5.99324 0.39606 90 -1.39149e-015 -3.18055e-015 -20.851 -18.4489 170.724 -45.4583 -6.36111e-015 -4.77083e-015 9.44864 23.8109 9.24123 90 -3.97569e-016 -0 
-32.7032 87.9807 -66.1116 91.0699 52.3888 -0.101977 9.08069 -8.91351 -1.90254 3.76832 1.70754e-006 5.12264e-006 -5.12265e-006 1.70755e-006 -8.53773e-006 1.70748e-006 -8.53774e-006 -4.95189e-005 19.4214 -32.513 13.5328 179.936 1.16447 -86.8638 -32.3359 -3.95443 46.2783 -97.8109 -3.18055e-015 7.95139e-016 -9.91187 -42.0087 3.33647 179.157 -5.15 80.6924 7.74834 11.5809 -45.9944 -93.7391 0 9.54166e-015 40.4796 76.9507 -39.2973 -17.7846 17.451 -171.06 -26.5668 3.18055e-015 3.97569e-016 10.0642 7.78062 -0.459703 90 1.98785e-016 -0 -20.5144 -17.7593 167.865 -44.944 3.18056e-015 -6.36111e-015 7.35579 31.4371 9.75135 90 -7.95139e-016 -7.95139e-016 
-33.0659 88.0284 -66.2238 89.8524 52.5434 0.123729 9.48287 -10.9752 -1.80388 3.29798 1.70754e-006 5.12264e-006 -5.12265e-006 1.70755e-006 -8.53773e-006 1.70748e-006 -8.53774e-006 -4.95189e-005 24.3671 -29.2786 15.1127 -179.995 -0.195398 -88.3968 -29.074 -5.9827 46.7568 -101.048 6.36111e-015 3.18055e-015 -5.77862 -35.746 8.12117 178.91 -5.58659 78.938 7.67261 8.44854 -42.7991 -94.8135 -3.18055e-015 3.18055e-015 33.8013 77.0248 -34.7803 -17.461 17.0438 -170.171 -26.9323 0 -7.95139e-016 10.1648 7.33037 -0.114593 90 1.98785e-016 -9.54166e-015 -18.4456 -16.406 167.242 -42.5716 0 3.18056e-015 6.27162 34.6762 5.76638 90 0 -7.95139e-016 
-33.2301 87.9634 -66.5156 87.9876 51.9858 0.589425 10.3492 -10.5381 -0.920776 2.54233 1.70754e-006 5.12264e-006 -5.12265e-006 1.70755e-006 -8.53773e-006 1.70748e-006 -8.53774e-006 -4.95189e-005 27.4821 -26.339 15.6808 -179.987 -0.554738 -88.6778 -26.61 -7.71136 47.0803 -103.483 -3.18055e-015 -0 -2.80385 -29.5238 10.5842 179.003 -5.28407 79.3038 6.65424 5.7933 -40.9548 -96.8478 -3.18055e-015 6.36111e-015 25.7197 77.1081 -28.2681 -17.6529 17.2933 -168.655 -28.4092 0 3.97569e-016 10.3789 6.60727 0.348799 90 -8.94531e-016 -6.36111e-015 -16.7846 -15.7308 166.553 -43.1006 6.36111e-015 -0 3.80786 36.1886 3.98226 90 0 -7.95139e-016 
-33.2514 87.7883 -67.0774 85.7082 51.7389 1.88166 10.7151 -10.5376 -1.01996 1.66901 1.70754e-006 5.12264e-006 -5.12265e-006 1.70755e-006 -8.53773e-006 1.70748e-006 -8.53774e-006 -4.95189e-005 31.2337 -24.5173 16.5148 -179.966 -0.80753 -87.5776 -25.835 -6.14149 44.5045 -103.205 0 1.59028e-015 -6.86419 -31.2972 6.80965 178.994 -5.32141 79.283 1.51423 3.66264 -38.0374 -97.8847 4.77083e-015 6.36111e-015 3.29393 78.3047 -8.98013 -17.5737 17.9562 -167.388 -29.5451 6.36111e-015 -0 10.4539 7.06448 0.201856 90 1.2424e-015 3.18055e-015 -15.5474 -15.5821 165.382 -46.9629 -6.36111e-015 -6.36111e-015 0.808927 36.0799 4.15431 90 3.18055e-015 -1.59028e-015 
-32.8771 87.4964 -67.6572 83.4748 49.2086 3.32207 10.6173 -9.2886 -1.1968 0.624962 1.70754e-006 5.12264e-006 -5.12265e-006 1.70755e-006 -8.53773e-006 1.70748e-006 -8.53774e-006 -4.95189e-005 34.4518 -21.864 15.3591 -179.918 -1.03403 -85.4804 -23.8379 0.57789 38.8324 -102.997 0 -3.97569e-015 -21.1247 -39.8986 -5.29136 179.039 -5.74457 80.4823 -4.92534 0.594027 -34.5101 -97.3299 -1.59028e-015 -0 -3.50655 79.4718 -4.4479 -17.3776 18.9312 -166.409 -31.369 -3.18055e-015 -0 10.4178 5.89854 0.764962 90 4.96962e-017 -0 -14.715 -13.7951 164.187 -51.4653 0 -3.18056e-015 -4.28228 34.1351 12.5005 90 4.77083e-015 3.18055e-015 
-31.9052 87.2347 -68.2351 81.8283 43.7395 4.31745 10.7759 -3.87026 -0.763068 -0.528015 1.70754e-006 5.12264e-006 -5.12265e-006 1.70755e-006 -8.53773e-006 1.70748e-006 -8.53774e-006 -4.95189e-005 35.8831 -21.3925 13.7316 -179.912 -0.740701 -83.2382 -18.0903 5.45952 34.4965 -106.804 0 1.59028e-015 -33.6171 -45.6925 -18.2931 179.577 -3.74197 83.5441 -10.7406 -2.49178 -30.8352 -95.8193 0 -1.59028e-015 -3.92748 82.126 -3.53042 -17.056 20.0526 -165.577 -34.0039 0 1.59028e-015 11.0172 3.56311 1.27575 90 1.963e-015 -3.18055e-015 -13.5212 -12.0596 163.377 -48.9182 3.18056e-015 -3.18056e-015 -2.24299 31.1026 13.9389 90 1.59028e-015 -1.59028e-015 
-30.2499 87.2015 -68.7747 82.6651 35.4645 4.31656 9.65948 3.95048 -0.54329 -2.05334 1.70754e-006 5.12264e-006 -5.12265e-006 1.70755e-006 -8.53773e-006 1.70748e-006 -8.53774e-006 -4.95189e-005 37.1841 -20.4193 11.2232 -179.606 -2.25421 -80.0944 -9.16646 2.03357 29.7615 -110.632 -3.18055e-015 -7.95139e-015 -32.8998 -49.9439 -17.7963 179.922 -1.69263 87.3483 -13.8871 -3.8843 -27.3089 -94.1573 1.59028e-015 -3.18055e-015 47.0588 82.7017 -52.8182 -16.2813 19.6702 -166.154 -35.5227 -3.18055e-015 -2.38542e-015 10.5671 1.21327 -0.540035 90 5.46658e-016 -0 -15.4722 -8.78534 161.91 -46.5956 6.36111e-015 -0 -1.52647 25.8975 15.0395 90 -3.18055e-015 1.59028e-015 
-28.4259 87.3224 -69.478 82.4622 26.7626 5.03485 8.05848 8.8633 -0.0688551 -1.26959 1.70754e-006 5.12264e-006 -5.12265e-006 1.70755e-006 -8.53773e-006 1.70748e-006 -8.53774e-006 -4.95189e-005 38.3799 -17.7139 7.59317 -179.262 -4.21086 -80.0531 1.19997 -11.4497 28.1096 -110.197 0 -3.18055e-015 -35.6072 -58.234 -24.2395 180 0.082273 90.2024 -19.0675 0.245389 -23.2218 -88.389 0 -1.59028e-015 81.6605 70.972 -82.4917 -13.9189 18.2826 -166.356 -36.8196 3.18055e-015 7.95139e-016 9.93811 4.83336 -3.48383 90 -1.98785e-016 -0 -16.3479 -2.364 162.177 -44.7329 -4.77083e-015 -0 -2.72719 22.1396 16.7073 90 3.97569e-016 1.59028e-015 
-26.8006 87.196 -70.5576 81.2125 21.0384 5.23309 6.08608 8.01834 1.31646 1.15219 1.70754e-006 5.12264e-006 -5.12265e-006 1.70755e-006 -8.53773e-006 1.70748e-006 -8.53774e-006 -4.95189e-005 38.8313 -11.5043 3.97896 -179.344 -6.43825 -84.1694 5.7947 -31.0156 33.3912 -104.859 -3.18055e-015 -5.56597e-015 -75.4038 -66.6796 -73.2866 -179.982 -0.524145 91.9177 -18.6842 8.4495 -18.9938 -83.6006 3.18055e-015 1.59028e-015 81.8437 68.8821 -83.3832 -11.5207 15.3933 -165.261 -40.0446 0 -3.18055e-015 10.5341 7.15144 -4.86562 90 -2.38542e-015 3.18055e-015 -16.5594 1.65869 163.556 -43.8212 -1.59028e-015 -3.18056e-015 -3.73178 20.1209 17.2624 90 7.95139e-016 -3.18055e-015 
-25.1944 86.678 -71.6727 79.7005 18.7255 5.05237 5.21541 2.4588 2.461 2.20125 1.70754e-006 5.12264e-006 -5.12265e-006 1.70755e-006 -8.53773e-006 1.70748e-006 -8.53774e-006 -4.95189e-005 39.3988 -2.49503 0.217465 -179.852 -4.31152 -88.0354 9.0402 -52.0987 39.5069 -101.037 1.59028e-015 5.96354e-015 -78.2138 -60.7063 -77.8989 -179.909 -2.00559 92.5937 -15.0184 24.8889 -14.4091 -77.0661 -6.36111e-015 -1.59028e-015 138.137 73.5305 -140.383 -9.74765 13.2185 -164.227 -47.5872 -9.54166e-015 4.77083e-015 13.1409 1.71831 0.621386 90 -2.18663e-015 6.36111e-015 -17.5441 0.734869 163.992 -44.0888 1.59028e-015 -9.54167e-015 -3.88387 17.6824 16.611 90 2.48481e-016 3.18055e-015 
-23.482 85.8782 -72.4936 79.2519 18.3379 4.35151 4.15682 -2.70634 2.77096 1.30665 1.70754e-006 5.12264e-006 -5.12265e-006 1.70755e-006 -8.53773e-006 1.70748e-006 -8.53774e-006 -4.95189e-005 40.7991 2.29132 0.680843 -179.88 2.49239 -92.7477 -0.684671 -65.9085 35.0583 -98.2712 3.18055e-015 1.19271e-015 -67.0885 -61.3875 -62.5503 -179.991 -0.110395 94.492 -15.192 40.6754 -9.7925 -62.0337 -9.54166e-015 9.44227e-015 173.507 74.8031 -174.396 -8.33403 10.8832 -164.427 -55.9015 1.27222e-014 -4.77083e-015 14.5153 3.38816 2.29028 90 -3.97569e-016 -0 -18.815 -1.41396 164.012 -43.8011 7.95139e-016 -0 -3.27951 15.5428 16.3601 90 3.97569e-016 -1.59028e-015 
-21.6282 85.2539 -73.1751 79.3111 18.5529 3.1633 2.92047 -7.90296 3.07114 0.999381 1.70754e-006 5.12264e-006 -5.12265e-006 1.70755e-006 -8.53773e-006 1.70748e-006 -8.53774e-006 -4.95189e-005 39.2529 6.86062 1.03544 -178.94 7.52654 -98.0413 -31.441 -68.1074 13.9075 -92.598 -3.18055e-015 -4.77083e-015 -63.0074 -63.6255 -57.6303 179.719 1.98533 98.0684 -13.4198 46.4312 -5.75071 -47.5246 3.18055e-015 -0 -162.069 75.4371 163.314 -6.53267 8.87063 -165.842 -61.054 3.18055e-015 4.77083e-015 16.1962 5.2313 2.94722 90 2.78299e-015 3.18055e-015 -19.4692 -2.62374 164.869 -42.351 -1.59028e-015 -3.18056e-015 -2.95112 14.4937 15.7482 90 1.98785e-016 1.59028e-015 
-19.1524 84.9868 -73.7005 79.3243 17.8569 1.79771 3.42129 -12.5356 4.0483 0.949898 1.70754e-006 5.12264e-006 -5.12265e-006 1.70755e-006 -8.53773e-006 1.70748e-006 -8.53774e-006 -4.95189e-005 35.479 11.9479 -0.786071 -177.804 9.31348 -103.329 -53.8594 -64.7843 3.45716 -85.2923 0 -6.36111e-015 -51.9202 -66.4458 -47.683 179.251 4.04074 100.507 -7.42537 44.1044 -4.19118 -40.5553 0 -6.36111e-015 -156.861 80.8995 157.452 -3.70569 7.05708 -168.576 -60.2195 3.18055e-015 -1.59028e-015 16.8423 8.71288 1.20286 90 3.18055e-015 -3.18055e-015 -20.2755 -2.25756 166.406 -40.2292 0 4.77083e-015 -5.33091 14.2392 15.4404 90 -1.98785e-016 -0 
-16.254 84.9558 -74.0504 79.2402 15.3114 0.621898 4.68772 -16.0347 4.82218 1.38143 1.70754e-006 5.12264e-006 -5.12265e-006 1.70755e-006 -8.53773e-006 1.70748e-006 -8.53774e-006 -4.95189e-005 32.4477 16.8335 -2.5171 -176.841 10.426 -106.96 -63.3203 -57.8303 2.56579 -79.3913 -3.18055e-015 6.36111e-015 -45.7402 -66.4752 -41.4904 178.775 6.5751 100.578 -0.665805 38.605 -5.60649 -39.1802 3.97569e-015 1.59028e-015 -144.251 81.0286 145.026 -0.182095 5.53119 -172.199 -55.086 6.36111e-015 3.18055e-015 20.6549 9.5635 -0.543908 90 7.95139e-016 -1.59028e-015 -21.2042 -2.15863 167.757 -36.667 -7.95139e-016 -0 -9.37042 12.8173 14.4729 90 -1.98785e-016 4.77083e-015 
-12.8688 84.8814 -74.4454 79.2851 11.4943 -0.21754 6.14938 -19.6604 4.62016 2.58886 1.70754e-006 5.12264e-006 -5.12265e-006 1.70755e-006 -8.53773e-006 1.70748e-006 -8.53774e-006 -4.95189e-005 29.6491 24.293 -3.08054 -176.616 10.2951 -108.305 -65.5521 -51.6341 7.29016 -77.3778 7.95139e-016 -3.18055e-015 -15.8933 -64.8994 -12.9761 178.715 9.12705 98.0502 3.39274 36.0539 -8.77864 -37.7508 -4.77083e-015 2.38542e-015 -146.124 81.2351 147.424 2.62053 4.63099 -176.133 -49.0515 1.59028e-015 -0 27.7453 2.31219 7.16957 90 -1.59028e-015 -1.59028e-015 -21.9992 -1.57688 168.987 -31.5963 7.95139e-016 1.59028e-015 -14.2058 9.56661 12.9494 90 -1.98785e-016 1.59028e-015 
-9.05531 84.6576 -74.9862 79.6779 6.25232 -0.797103 7.57057 -22.4478 3.68509 3.7689 1.70754e-006 5.12264e-006 -5.12265e-006 1.70755e-006 -8.53773e-006 1.70748e-006 -8.53774e-006 -4.95189e-005 27.8353 32.0206 -3.54376 -177.013 9.06044 -108.332 -62.7374 -45.3017 15.4688 -78.472 -1.59028e-015 -3.18055e-015 -1.84846 -59.9572 1.67446 179.147 10.7921 94.5485 6.80328 34.6482 -14.4771 -36.0337 1.03368e-014 2.38542e-015 -145.301 81.3435 147.749 3.81453 6.12736 -178.18 -42.9118 0 1.59028e-015 30.8902 -0.941713 9.42411 90 -1.59028e-015 -1.59028e-015 -23.6021 -1.22711 170.247 -25.89 -5.96354e-016 1.59028e-015 -20.52 4.25986 10.8148 90 7.95139e-016 -3.18055e-015 
-5.11664 84.2251 -75.4984 80.1772 0.120974 -1.10697 8.79292 -23.7044 2.47792 5.03562 1.70754e-006 5.12264e-006 -5.12265e-006 1.70755e-006 -8.53773e-006 1.70748e-006 -8.53774e-006 -4.95189e-005 26.2585 38.5222 -4.75799 -177.917 6.71971 -107.27 -59.7827 -36.0034 21.8656 -81.7747 -5.20567e-015 -0 -0.772841 -59.2655 2.46693 179.607 11.5741 91.96 11.1563 30.9674 -22.5386 -34.8024 2.68359e-015 7.95139e-016 -147.674 79.5141 151.275 4.93961 7.3227 -179.014 -36.584 0 7.95139e-016 31.8836 -0.511327 6.0118 90 0 1.59028e-015 -26.8812 -3.34245 170.242 -22.0929 7.95139e-016 -3.18056e-015 -26.3614 -1.13075 16.111 90 0 -0 
-1.13051 83.8984 -75.9143 80.5665 -5.60113 -0.602988 10.1182 -23.6409 0.830985 6.02708 1.70754e-006 5.12264e-006 -5.12265e-006 1.70755e-006 -8.53773e-006 1.70748e-006 -8.53774e-006 -4.95189e-005 24.1714 43.0094 -6.1052 -179.032 3.73839 -104.533 -57.5595 -26.9796 26.1946 -86.813 4.27387e-015 -1.59028e-015 6.43632 -54.0094 8.33731 -179.801 12.4523 89.0758 13.8296 24.8625 -29.1071 -33.4759 3.08116e-015 -3.97569e-016 -155.518 77.8728 160.367 2.33315 10.3976 -179.252 -37.1284 2.38542e-015 -0 30.1302 0.331495 0.210852 90 -2.42657e-020 -0 -29.0689 -5.75857 168.636 -20.1861 4.77083e-015 -3.18056e-015 -29.1782 4.32507 24.5352 90 0 -3.18055e-015 
2.72973 84.1848 -76.6761 81.5213 -9.85101 -0.503218 11.2057 -22.7881 0.608996 6.50788 1.70754e-006 5.12264e-006 -5.12265e-006 1.70755e-006 -8.53773e-006 1.70748e-006 -8.53774e-006 -4.95189e-005 22.8345 45.2113 -7.798 -179.715 1.48787 -100.851 -53.7043 -17.6378 31.2699 -91.6813 4.96962e-016 3.97569e-016 9.1223 -52.275 11.2365 -179.456 13.2207 87.6226 16.135 16.268 -36.7617 -32.551 1.59028e-015 1.59028e-015 -157.488 75.7824 163.925 -2.40516 12.5749 -178.959 -39.3696 3.97569e-016 1.98785e-016 28.6634 -0.913115 2.97733 90 -3.97569e-016 -0 -32.4897 -8.22061 167.56 -26.6281 1.27222e-014 -3.18056e-015 -22.8939 7.99217 24.1105 90 3.18055e-015 -3.18055e-015 
5.96938 84.8875 -77.4284 82.2025 -13.9636 -1.64723 12.4613 -20.619 2.7904 7.19179 1.70754e-006 5.12264e-006 -5.12265e-006 1.70755e-006 -8.53773e-006 1.70748e-006 -8.53774e-006 -4.95189e-005 22.5673 46.2289 -10.7118 179.935 -0.581169 -96.3974 -48.3718 -9.90836 37.0559 -94.4921 1.86361e-016 3.97569e-016 12.2484 -52.0962 14.0607 -179.26 12.9315 86.699 17.1586 8.76309 -42.959 -30.2012 1.59028e-015 -1.59028e-015 -161.868 76.8756 169.318 -5.30881 13.4341 -177.631 -38.9719 0 2.48481e-017 26.41 -3.63117 4.30388 90 7.95139e-016 -3.97569e-016 -33.4569 -9.76356 167.457 -33.7574 -3.18056e-015 -0 -18.8625 12.7218 21.0467 90 -1.59028e-015 -6.36111e-015 
8.80714 85.6941 -78.2441 82.9745 -18.5037 -1.96051 12.942 -17.8237 4.03751 7.21678 1.70754e-006 5.12264e-006 -5.12265e-006 1.70755e-006 -8.53773e-006 1.70748e-006 -8.53774e-006 -4.95189e-005 23.3993 47.3129 -12.9224 179.867 -3.10303 -92.4488 -42.5363 -3.20806 42.8068 -95.0928 1.10325e-014 -2.78299e-015 10.5059 -51.7746 11.2197 -179.063 11.8296 85.4384 16.4401 2.47732 -48.0347 -27.6012 0 3.18055e-015 -158.583 76.464 166.939 -7.21173 15.5716 -176.648 -37.3685 3.97569e-016 -3.97569e-016 23.9199 -4.60667 6.26734 90 0 3.97569e-016 -32.9263 -8.03993 167.093 -40.4259 -6.36111e-015 1.98785e-015 -15.4264 18.4991 17.1298 90 3.18055e-015 -0 
11.4232 86.3486 -79.3811 84.1704 -21.8024 -1.94244 12.5643 -16.1431 5.07376 7.13338 1.70754e-006 5.12264e-006 -5.12265e-006 1.70755e-006 -8.53773e-006 1.70748e-006 -8.53774e-006 -4.95189e-005 24.1095 48.8026 -14.4072 -179.96 -6.1265 -89.6253 -36.7886 2.79653 47.9287 -94.6799 7.95139e-016 7.95139e-016 7.2527 -52.9121 7.25597 -179.026 10.4103 84.6223 16.6012 -1.47792 -53.5043 -26.6074 6.36111e-015 -4.77083e-015 -152.382 77.1514 161.88 -9.45968 16.5817 -175.393 -36.0359 -2.38542e-015 3.97569e-016 21.6326 -5.06851 7.83401 90 -1.59028e-015 4.96962e-017 -31.2359 -6.52943 165.865 -45.2603 -3.18056e-015 -5.96354e-016 -12.5757 24.3185 14.6403 90 2.38542e-015 3.18055e-015 
13.8061 86.6472 -80.7791 85.054 -23.9368 -1.83072 12.1155 -14.5544 5.99451 7.10916 1.70754e-006 5.12264e-006 -5.12265e-006 1.70755e-006 -8.53773e-006 1.70748e-006 -8.53774e-006 -4.95189e-005 23.7817 49.4262 -14.8405 -179.71 -8.19126 -87.9639 -31.5664 7.61044 51.6012 -94.0678 -7.95139e-016 3.18055e-015 8.45083 -54.2813 7.53089 -179.021 9.35412 84.0004 17.455 -4.05694 -58.1315 -27.1015 0 6.36111e-015 -155.84 78.3823 165.191 -11.6203 16.7605 -173.906 -35.6334 7.95139e-016 7.95139e-016 19.9383 -5.04057 8.40659 90 0 1.98785e-016 -28.2358 -6.53779 163.764 -48.1338 0 -1.98785e-015 -9.35632 29.0354 11.7469 90 1.59028e-015 -6.36111e-015 
16.1575 86.4947 -82.2809 85.7868 -25.4814 -1.15409 11.4362 -12.2688 6.15236 7.04293 1.70754e-006 5.12264e-006 -5.12265e-006 1.70755e-006 -8.53773e-006 1.70748e-006 -8.53774e-006 -4.95189e-005 22.7938 49.0626 -14.1606 -179.531 -9.09819 -87.0374 -27.648 11.2764 53.5118 -93.3134 -3.18055e-015 -1.59028e-015 10.8345 -54.3479 9.65114 -179.076 8.49863 83.7721 16.5414 -6.47018 -61.8907 -27.5386 0 -1.59028e-015 -161.159 78.2267 169.958 -13.8516 16.3373 -172.782 -36.2025 7.95139e-016 7.95139e-016 18.7474 -5.23675 7.84628 90 -3.18055e-015 1.19271e-015 -24.5606 -7.55545 160.947 -48.7141 -3.18056e-015 -1.59028e-015 -5.44812 32.3901 8.30706 90 3.97569e-016 1.59028e-015 
18.6552 85.9804 -83.9224 86.4576 -27.062 -0.503503 11.0096 -9.53742 6.10489 6.88427 1.70754e-006 5.12264e-006 -5.12265e-006 1.70755e-006 -8.53773e-006 1.70748e-006 -8.53774e-006 -4.95189e-005 21.7975 48.3245 -13.3799 -179.412 -9.44743 -86.4208 -24.5459 14.396 54.1127 -92.8371 3.18055e-015 -3.18055e-015 10.1407 -54.5191 9.13399 -179.186 7.62218 83.8864 12.3267 -7.88756 -64.8075 -27.4506 -9.54166e-015 -1.59028e-015 -159.799 79.5248 169.101 -16.8147 16.2251 -171.019 -38.0342 0 -1.59028e-015 18.0067 -5.81808 7.19991 90 1.59028e-015 -7.95139e-016 -19.2308 -7.30468 159.355 -46.1949 0 -3.18056e-015 -3.18629 34.4322 13.5077 90 -9.93923e-016 -0 
21.3849 85.2734 -85.6877 87.084 -29.2287 -0.451056 11.1212 -6.15962 6.47388 6.69018 1.70754e-006 5.12264e-006 -5.12265e-006 1.70755e-006 -8.53773e-006 1.70748e-006 -8.53774e-006 -4.95189e-005 21.0634 47.4728 -13.3963 -179.232 -9.47746 -85.3433 -21.4059 16.5521 53.6072 -92.3086 0 3.18055e-015 9.54653 -56.2313 8.75615 -179.227 6.70387 83.409 5.49453 -8.11554 -65.488 -28.5172 -9.54166e-015 1.59028e-015 -167.172 83.3112 176.822 -20.3952 16.1592 -168.182 -40.6445 0 1.59028e-015 17.501 -6.3205 6.86297 90 -1.59028e-015 -3.97569e-016 -12.1052 -4.19992 160.733 -39.3216 -6.36111e-015 5.56597e-015 2.57101 29.1924 22.0645 90 0 3.18055e-015 
24.2718 84.5882 -87.309 88.0845 -31.3529 -0.357761 11.3726 -3.33867 7.09846 6.50454 1.70754e-006 5.12264e-006 -5.12265e-006 1.70755e-006 -8.53773e-006 1.70748e-006 -8.53774e-006 -4.95189e-005 21.1032 46.8389 -15.0062 -178.918 -9.6957 -83.6005 -18.2488 17.4401 52.3478 -91.555 3.18055e-015 6.36111e-015 10.2886 -57.8864 9.43073 -179.316 5.5818 83.0077 -1.00062 -7.22428 -64.1874 -31.5618 6.36111e-015 -0 140.811 86.8566 -131.857 -23.9894 15.1523 -165.607 -42.8742 0 1.59028e-015 16.8166 -6.4719 7.0998 90 -1.59028e-015 1.59028e-015 -9.02414 -3.14505 163.045 -32.3793 -6.36111e-015 3.18056e-015 10.1066 24.7851 18.7468 90 1.98785e-016 -3.18055e-015 
27.1178 84.136 -88.6073 89.0485 -32.7649 -0.545199 12.0931 -1.54423 8.4103 6.33396 1.70754e-006 5.12264e-006 -5.12265e-006 1.70755e-006 -8.53773e-006 1.70748e-006 -8.53774e-006 -4.95189e-005 21.5179 46.398 -17.7959 -178.594 -9.94202 -81.907 -15.7744 16.9955 51.8686 -90.4829 0 1.59028e-015 10.6309 -57.5875 9.76556 -179.543 4.1547 83.7153 -5.29764 -5.42045 -62.0971 -36.3311 6.36111e-015 6.36111e-015 85.9372 85.556 -78.0176 -26.7392 12.9668 -163.716 -43.9647 -6.36111e-015 -0 15.736 -6.18564 7.34106 90 -6.36111e-015 -1.59028e-015 -10.9953 -6.14352 164.483 -31.4442 0 -2.78299e-015 14.4096 19.11 14.7961 90 -7.27971e-020 -0 
29.5994 84.1465 -89.5122 89.6346 -33.9992 -0.381577 13.2528 -0.542192 9.14893 6.21352 1.70754e-006 5.12264e-006 -5.12265e-006 1.70755e-006 -8.53773e-006 1.70748e-006 -8.53774e-006 -4.95189e-005 21.9261 46.8918 -20.4996 -178.464 -9.91769 -81.1526 -13.6086 15.7649 53.5365 -89.1802 -3.18055e-015 -0 10.4824 -57.3989 9.46957 -179.738 2.83269 84.7108 -7.98475 -2.72007 -59.0633 -41.5175 -3.18055e-015 -3.18055e-015 80.0072 84.7538 -72.8294 -27.6018 11.2964 -163.227 -42.879 3.18055e-015 1.59028e-015 14.2277 -4.70329 7.31839 90 3.18055e-015 -1.59028e-015 -14.8668 -8.3785 164.937 -34.1435 3.18056e-015 7.95139e-016 15.2879 15.1462 12.9894 90 -3.03321e-021 -0 
31.4867 84.4058 -90.446 89.9063 -34.8694 0.963615 13.8134 -0.0492904 7.95968 6.30379 1.70754e-006 5.12264e-006 -5.12265e-006 1.70755e-006 -8.53773e-006 1.70748e-006 -8.53774e-006 -4.95189e-005 21.6174 47.0883 -20.9209 -178.629 -9.49848 -81.746 -12.3588 15.1025 56.1573 -88.5853 -3.18055e-015 -1.59028e-015 10.7421 -58.0595 8.99236 -179.805 2.31421 85.1913 -8.84644 0.144554 -56.0311 -46.8192 0 -3.18055e-015 82.5147 85.4537 -75.8875 -26.5466 11.4075 -164.174 -39.7659 3.18055e-015 3.18055e-015 12.8672 -0.431049 5.94404 90 1.59028e-015 -0 -17.0333 -8.64177 164.691 -35.7639 -3.18056e-015 -1.59028e-015 15.9929 13.4547 11.4305 90 3.03321e-021 -9.54166e-015 
32.9457 84.9885 -91.3754 90.2497 -34.7732 1.78568 13.8287 -0.0348527 7.6854 6.3544 1.70754e-006 5.12264e-006 -5.12265e-006 1.70755e-006 -8.53773e-006 1.70748e-006 -8.53774e-006 -4.95189e-005 21.8806 46.5522 -21.4572 -178.621 -9.18236 -81.4221 -12.8665 15.1578 57.1276 -88.759 3.18055e-015 1.59028e-015 10.4725 -58.5062 8.61554 -179.854 1.99804 85.8218 -7.86221 2.62796 -53.683 -51.9604 -1.59028e-015 -3.18055e-015 73.4561 87.0998 -67.5247 -25.3897 11.6737 -164.876 -36.4306 1.59028e-015 -1.59028e-015 10.899 1.38874 5.33646 90 -4.77083e-015 -0 -16.9035 -7.36544 165.925 -34.96 -6.36111e-015 -7.95139e-016 15.721 15.1099 10.1145 90 1.21329e-020 9.54166e-015 
33.8934 85.7336 -92.2351 90.4422 -33.8401 2.46386 13.4113 -0.682698 7.73698 6.37586 1.70754e-006 5.12264e-006 -5.12265e-006 1.70755e-006 -8.53773e-006 1.70748e-006 -8.53774e-006 -4.95189e-005 22.9115 45.6044 -22.2288 -178.619 -8.7259 -80.9721 -14.2355 15.6433 57.5985 -89.2052 -3.18055e-015 1.59028e-015 11.0893 -57.6951 9.46469 -179.896 1.86441 86.8012 -6.17107 4.56626 -52.3436 -55.9815 -5.56597e-015 -3.18055e-015 29.9057 88.6637 -24.7956 -24.7491 12.1163 -165.425 -34.5131 1.59028e-015 1.59028e-015 7.9008 0.986915 4.25987 90 4.77083e-015 3.18055e-015 -15.683 -6.79864 166.87 -32.7682 0 7.95139e-016 14.9629 17.1371 9.09829 90 0 -9.54166e-015 
34.5496 86.4521 -93.1124 90.3184 -32.4649 2.84362 12.9463 -1.42617 7.82489 6.3141 1.70754e-006 5.12264e-006 -5.12265e-006 1.70755e-006 -8.53773e-006 1.70748e-006 -8.53774e-006 -4.95189e-005 23.8355 44.6499 -22.5476 -178.698 -8.02165 -80.7516 -15.9598 16.2013 57.7941 -89.8101 0 -0 12.1714 -56.9919 10.6285 -179.902 2.09367 87.327 -4.68598 5.98244 -50.982 -58.6892 -4.77083e-015 -3.18055e-015 -34.6922 88.8445 39.4431 -24.0974 13.0951 -165.611 -32.8487 -1.59028e-015 1.59028e-015 4.9684 0.963825 3.45029 90 0 -0 -13.9865 -7.2095 167.488 -30.2486 1.27222e-014 -2.38542e-015 14.1759 18.3607 8.26973 90 -6.21202e-018 -0 
35.1267 86.9923 -93.9933 90.1868 -31.3105 2.82619 12.4869 -1.82959 8.03862 6.22142 1.70754e-006 5.12264e-006 -5.12265e-006 1.70755e-006 -8.53773e-006 1.70748e-006 -8.53774e-006 -4.95189e-005 24.1956 44.0691 -22.5271 -178.754 -7.58981 -80.645 -17.8361 16.479 57.5212 -90.5305 -3.18055e-015 -1.59028e-015 12.5771 -56.9259 11.2181 -179.901 2.20763 87.4284 -3.34606 6.78378 -49.4782 -60.6407 -3.62782e-015 -6.36111e-015 -35.4357 88.3701 40.1174 -23.4568 13.1898 -165.26 -31.2668 3.18055e-015 -1.59028e-015 2.63332 1.83424 2.71798 90 -3.18055e-015 3.18055e-015 -12.4291 -7.60239 168.44 -28.0597 6.36111e-015 7.95139e-016 13.5352 19.46 7.48358 90 1.2424e-017 -0 
35.6412 87.339 -94.7598 90.2857 -30.7725 2.87629 11.9332 -1.7034 8.00573 6.07513 1.70754e-006 5.12264e-006 -5.12265e-006 1.70755e-006 -8.53773e-006 1.70748e-006 -8.53774e-006 -4.95189e-005 23.9742 43.4614 -22.1329 -178.787 -7.37677 -80.6351 -19.1635 16.3322 56.9684 -91.4791 -3.18055e-015 9.54166e-015 12.6653 -56.1751 11.4641 -179.901 2.16462 87.3822 -2.31533 7.00036 -48.1187 -61.7902 1.59028e-015 3.18055e-015 -43.5866 88.0082 48.1951 -23.1841 13.6604 -164.557 -29.4935 0 -1.59028e-015 0.432277 3.19395 1.72101 90 0 -3.18055e-015 -11.6334 -8.3359 169.161 -26.4849 -3.18056e-015 2.38542e-015 13.1791 19.5264 6.73787 90 0 3.18055e-015 
36.0027 87.5294 -95.4026 90.1628 -30.5001 2.87578 11.5929 -1.46654 7.82331 6.06877 1.70754e-006 5.12264e-006 -5.12265e-006 1.70755e-006 -8.53773e-006 1.70748e-006 -8.53774e-006 -4.95189e-005 23.5366 42.8694 -21.8348 -178.789 -7.26716 -80.5126 -19.6867 15.7046 56.1706 -92.4107 0 -0 12.1307 -55.8702 10.8776 -179.904 2.12031 87.42 -1.54355 6.86594 -47.2578 -62.4679 0 3.18055e-015 -48.1982 88.5611 52.7316 -22.9317 14.2405 -163.956 -28.1601 1.59028e-015 -0 -1.33179 4.29409 0.839495 90 0 -0 -11.0191 -9.01727 169.624 -25.553 9.54167e-015 2.38542e-015 13.1495 19.4042 6.11266 90 0 -0 
36.1945 87.6013 -95.9595 89.7945 -30.1657 2.7453 11.4618 -1.4512 7.64899 6.08336 1.70754e-006 5.12264e-006 -5.12265e-006 1.70755e-006 -8.53773e-006 1.70748e-006 -8.53774e-006 -4.95189e-005 23.4001 42.4463 -21.7016 -178.769 -7.1956 -80.2614 -19.4717 14.8033 55.2882 -92.9823 -6.36111e-015 3.18055e-015 10.9812 -56.5599 9.97553 -179.913 1.97848 87.4804 -0.871683 6.40841 -46.9168 -62.883 2.78299e-015 -0 -42.7565 88.7762 47.2804 -22.5266 14.0439 -163.722 -27.6662 -3.18055e-015 -1.59028e-015 -2.24805 4.44175 0.405655 90 1.59028e-015 4.77083e-015 -10.4443 -9.40141 169.957 -25.3614 -6.36111e-015 -4.77083e-015 13.4216 19.4804 5.68042 90 -1.94126e-019 -0 
36.2325 87.6311 -96.4535 89.4089 -29.7675 2.48162 11.3266 -1.51995 7.62273 6.03095 1.70754e-006 5.12264e-006 -5.12265e-006 1.70755e-006 -8.53773e-006 1.70748e-006 -8.53774e-006 -4.95189e-005 23.6026 41.8559 -21.7094 -178.733 -7.10819 -79.8637 -18.7689 13.7105 54.5376 -93.1737 0 -6.36111e-015 10.0543 -57.1669 9.06774 -179.903 2.03424 87.2617 -0.704622 5.69661 -46.697 -62.9695 3.57812e-015 3.18055e-015 -39.2822 88.3842 44.1587 -22.2055 13.4493 -163.592 -27.6718 0 -0 -2.64084 4.07859 0.33637 90 0 1.59028e-015 -9.72317 -9.51358 170.384 -25.2105 -3.18056e-015 3.18056e-015 13.7245 19.8297 5.37988 90 4.85314e-020 -0 
36.157 87.6581 -96.869 89.006 -29.45 2.11194 11.2264 -1.47646 7.67147 5.99723 1.70754e-006 5.12264e-006 -5.12265e-006 1.70755e-006 -8.53773e-006 1.70748e-006 -8.53774e-006 -4.95189e-005 23.7315 41.2656 -21.658 -178.713 -7.01164 -79.5713 -17.9296 12.5209 54.2434 -93.0065 3.18055e-015 -0 8.82629 -57.0242 7.87526 -179.881 2.25065 86.9731 -0.844471 4.78288 -46.8664 -62.8643 -5.56597e-015 3.18055e-015 -29.68 88.2405 34.6293 -21.9788 12.6722 -163.454 -28.1256 -1.59028e-015 -1.59028e-015 -2.69263 3.55735 0.560349 90 -1.59028e-015 -0 -8.80385 -9.04284 171.002 -24.903 1.90833e-014 1.59028e-015 13.9174 20.7949 5.13742 90 3.03321e-021 3.18055e-015 
36.0069 87.6953 -97.153 88.7361 -29.2911 1.75906 11.1353 -1.37755 7.73593 6.00544 1.70754e-006 5.12264e-006 -5.12265e-006 1.70755e-006 -8.53773e-006 1.70748e-006 -8.53774e-006 -4.95189e-005 23.4834 40.8127 -21.5197 -178.677 -7.08273 -79.3892 -17.104 11.3832 54.3354 -92.7204 0 -0 7.78574 -57.3656 6.89488 -179.866 2.3571 86.738 -0.975453 3.70036 -47.5222 -62.9133 -1.19271e-015 -3.18055e-015 -21.6025 88.5841 26.4621 -21.9263 11.7941 -163.341 -28.8986 -4.77083e-015 -1.59028e-015 -2.61861 2.75375 0.795428 90 -4.77083e-015 -3.18055e-015 -7.92862 -8.45712 171.582 -24.3854 0 -0 13.9317 21.6914 5.00409 90 1.21329e-020 -6.36111e-015 
35.7756 87.7078 -97.3118 88.5306 -29.3692 1.51676 11.0831 -1.08986 7.62105 6.0328 1.70754e-006 5.12264e-006 -5.12265e-006 1.70755e-006 -8.53773e-006 1.70748e-006 -8.53774e-006 -4.95189e-005 22.83 40.5601 -21.0026 -178.646 -7.14267 -79.235 -16.064 10.327 54.482 -92.7262 -3.18055e-015 -9.54166e-015 8.11273 -57.8371 7.2122 -179.856 2.40918 86.5802 -0.961347 2.55869 -48.7074 -63.1964 -2.78299e-015 -9.54166e-015 -0.42351 88.6583 5.22892 -22.1543 11.3465 -163.191 -30.0204 0 -0 -2.52778 2.03798 0.973669 90 -3.18055e-015 -0 -7.3225 -8.19324 171.834 -24.0365 6.36111e-015 2.38542e-015 13.9466 21.9371 5.01038 90 -6.06643e-021 3.18055e-015 
35.4275 87.6806 -97.3605 88.353 -29.65 1.32357 11.067 -0.736765 7.47299 6.05441 1.70754e-006 5.12264e-006 -5.12265e-006 1.70755e-006 -8.53773e-006 1.70748e-006 -8.53774e-006 -4.95189e-005 22.3194 40.5377 -20.6755 -178.606 -7.24815 -79.0805 -15.0869 9.5851 54.4718 -92.9303 -6.36111e-015 -6.36111e-015 7.51618 -58.3036 6.67432 -179.842 2.52143 86.4063 -1.14368 1.4094 -50.1072 -63.693 9.93923e-016 3.18055e-015 12.8719 88.8723 -7.98487 -22.4479 10.6843 -163.09 -31.6158 -1.59028e-015 -4.77083e-015 -2.26841 1.224 0.834804 90 -3.18055e-015 -4.77083e-015 -6.93126 -8.33935 171.783 -23.8981 3.18056e-015 -3.18056e-015 14.0168 21.4673 5.17247 90 -3.03321e-021 -0 
34.9587 87.6066 -97.3464 88.1287 -30.088 0.998672 11.1146 -0.431404 7.45169 6.06842 1.70754e-006 5.12264e-006 -5.12265e-006 1.70755e-006 -8.53773e-006 1.70748e-006 -8.53774e-006 -4.95189e-005 22.1986 40.6983 -20.6808 -178.527 -7.47981 -78.8286 -14.1585 8.99502 53.9818 -93.164 -6.36111e-015 6.36111e-015 7.27678 -58.5666 6.59071 -179.83 2.54819 86.1789 -1.50647 0.29962 -51.5248 -64.19 1.98785e-015 3.18055e-015 28.7107 88.8787 -23.8933 -22.947 10.0283 -162.843 -33.7638 -1.59028e-015 3.18055e-015 -1.80354 0.492709 0.770358 90 0 1.59028e-015 -6.50902 -8.229 171.789 -23.8853 -2.22639e-014 -3.18056e-015 14.1311 21.153 5.42603 90 9.09964e-021 6.36111e-015 
34.3611 87.4919 -97.2698 87.842 -30.5652 0.698793 11.2023 -0.157387 7.347 6.09196 1.70754e-006 5.12264e-006 -5.12265e-006 1.70755e-006 -8.53773e-006 1.70748e-006 -8.53774e-006 -4.95189e-005 22.0787 40.9629 -20.5342 -178.444 -7.74925 -78.6067 -13.3391 8.28711 53.1494 -93.1523 -6.36111e-015 6.36111e-015 7.56973 -58.6494 7.18855 -179.81 2.66017 85.9081 -2.02651 -0.813366 -52.9043 -64.7663 -1.11816e-015 -0 37.909 88.3794 -32.9762 -23.6776 9.47295 -162.545 -36.4244 -3.18055e-015 -6.36111e-015 -1.54636 -0.0858855 0.388665 90 0 -1.59028e-015 -6.08772 -7.81602 171.691 -24.105 -3.18056e-015 -0 14.3675 21.0926 5.76663 90 1.21329e-020 -0 
33.6915 87.3565 -97.1354 87.5544 -31.0262 0.521899 11.3468 0.0500601 7.05243 6.09325 1.70754e-006 5.12264e-006 -5.12265e-006 1.70755e-006 -8.53773e-006 1.70748e-006 -8.53774e-006 -4.95189e-005 21.6885 41.2076 -20.1738 -178.422 -7.87265 -78.6291 -12.4435 7.54193 52.3198 -92.9977 -3.18055e-015 -6.36111e-015 6.73248 -59.0244 6.43734 -179.793 2.69344 85.6015 -2.5242 -1.98879 -54.2042 -65.3355 3.37934e-015 3.18055e-015 47.0254 88.1535 -42.1866 -24.6259 8.69207 -162.364 -39.5337 0 -3.18055e-015 -1.6927 -0.325988 -0.238126 90 0 1.59028e-015 -5.72118 -7.01369 171.479 -24.5152 -6.36111e-015 7.95139e-016 14.6796 21.4823 6.15596 90 1.51661e-020 3.18055e-015 
32.947 87.208 -96.927 87.4099 -31.503 0.418472 11.4342 0.216134 6.79098 6.06276 1.70754e-006 5.12264e-006 -5.12265e-006 1.70755e-006 -8.53773e-006 1.70748e-006 -8.53774e-006 -4.95189e-005 21.2638 41.49 -19.8922 -178.391 -8.02641 -78.6231 -11.4025 6.60039 51.3368 -92.9518 -9.54166e-015 -3.18055e-015 6.72023 -59.2437 6.50063 -179.782 2.69816 85.3826 -2.9114 -3.0651 -55.477 -65.8592 3.18055e-015 -3.18055e-015 54.2068 87.9385 -49.4716 -25.9321 8.18996 -162.052 -42.8383 -1.59028e-015 -3.18055e-015 -2.27477 -0.106622 -1.17826 90 3.18055e-015 -1.59028e-015 -5.48261 -6.56934 171.083 -24.8592 6.36111e-015 -7.95139e-016 14.9442 21.37 6.66415 90 -1.21329e-020 -3.18055e-015 
32.0546 87.07 -96.6359 87.4772 -32.1403 0.34416 11.2949 0.498243 6.72483 6.03292 1.70754e-006 5.12264e-006 -5.12265e-006 1.70755e-006 -8.53773e-006 1.70748e-006 -8.53774e-006 -4.95189e-005 21.1023 41.795 -19.9073 -178.311 -8.30668 -78.4654 -10.4705 5.61939 50.2566 -92.8534 3.18055e-015 3.18055e-015 5.68835 -59.9082 5.71063 -179.766 2.72591 85.0987 -3.31398 -4.14858 -56.296 -66.4049 1.19271e-015 3.18055e-015 59.3811 87.341 -54.689 -27.0983 8.03199 -161.589 -45.6653 0 -0 -2.71505 0.599034 -2.2503 90 6.36111e-015 -1.59028e-015 -5.23671 -6.19061 170.631 -24.8363 -1.27222e-014 -4.77083e-015 15.0173 20.9257 7.31112 90 0 -0 
30.8986 87.0272 -96.1442 87.7667 -33.3573 0.648095 10.9581 1.1072 6.59935 5.94134 1.70754e-006 5.12264e-006 -5.12265e-006 1.70755e-006 -8.53773e-006 1.70748e-006 -8.53774e-006 -4.95189e-005 21.5799 42.092 -20.4947 -178.197 -8.68648 -78.225 -9.28082 4.78834 49.4937 -92.9477 9.54166e-015 -3.18055e-015 4.56256 -60.2519 4.76879 -179.758 2.73959 84.9569 -3.80648 -5.2083 -56.7756 -66.78 3.18055e-015 -9.54166e-015 54.6749 87.6802 -49.9665 -27.4963 8.48675 -161.523 -47.4723 1.59028e-015 3.18055e-015 -2.69832 1.1652 -3.72002 90 1.59028e-015 1.59028e-015 -4.7884 -5.16647 169.771 -24.0434 6.36111e-015 -0 14.6197 20.5908 8.22652 90 -6.06643e-021 6.36111e-015 
29.507 86.9858 -95.3651 88.5757 -35.4979 1.70781 10.3466 2.21915 6.23435 5.77511 1.70754e-006 5.12264e-006 -5.12265e-006 1.70755e-006 -8.53773e-006 1.70748e-006 -8.53774e-006 -4.95189e-005 22.3872 42.2975 -21.57 -177.993 -9.39031 -77.8787 -7.71965 4.08548 48.9537 -93.6279 -1.59028e-014 -3.18055e-015 3.88598 -60.4462 4.06587 -179.788 2.62597 85.3914 -4.34932 -6.1624 -57.3181 -67.2864 3.97569e-015 -3.18055e-015 66.9858 87.6134 -62.4198 -28.1843 9.85432 -161.598 -49.3918 1.59028e-015 -0 -3.22398 1.8818 -6.06857 90 -1.59028e-015 -0 -5.26971 -4.21852 168.079 -23.4812 0 -7.95139e-016 13.7949 20.7874 9.47328 90 0 3.18055e-015 
28.1924 86.6526 -94.2048 90.1481 -38.4192 3.91722 10.1034 3.92884 5.12643 5.26209 1.70754e-006 5.12264e-006 -5.12265e-006 1.70755e-006 -8.53773e-006 1.70748e-006 -8.53774e-006 -4.95189e-005 22.0557 43.2149 -22.6488 -177.788 -10.1677 -77.6599 -5.67497 3.1822 48.5197 -94.9873 6.36111e-015 -3.18055e-015 1.76801 -61.6512 2.28368 -179.85 2.24398 86.1627 -4.44596 -6.48002 -57.641 -68.3788 -3.18055e-015 -6.36111e-015 72.4901 86.7143 -68.3875 -30.0979 11.1291 -161.635 -52.2505 -3.18055e-015 -0 -5.69486 4.4544 -10.2781 90 1.59028e-015 -0 -11.199 -5.40227 164.508 -29.6164 0 -3.18056e-015 12.6047 21.7769 11.9356 90 0 -0 
26.9343 85.7124 -92.8568 90.5941 -41.7229 5.98422 11.6269 5.77677 3.27019 5.05564 1.70754e-006 5.12264e-006 -5.12265e-006 1.70755e-006 -8.53773e-006 1.70748e-006 -8.53774e-006 -4.95189e-005 19.68 44.2903 -23.1435 -177.784 -10.334 -77.8244 -2.34981 1.36816 48.5311 -97.7493 -3.18055e-015 -9.54166e-015 -2.71178 -62.7468 -1.9766 -179.939 1.37311 87.4366 -4.39289 -5.50621 -57.6938 -69.3621 1.98785e-015 -0 83.5602 85.5753 -80.3999 -31.5307 11.5921 -162.14 -56.4767 1.59028e-015 -0 -7.01321 9.8234 -11.3011 90 -1.59028e-015 3.18055e-015 -19.3055 -8.12947 159.696 -38.2283 3.18056e-015 3.18056e-015 11.3812 23.6242 13.7542 90 0 -0 
25.5764 84.0125 -91.5136 90.3542 -43.8123 7.16128 13.3071 6.84648 2.29063 5.06333 1.70754e-006 5.12264e-006 -5.12265e-006 1.70755e-006 -8.53773e-006 1.70748e-006 -8.53774e-006 -4.95189e-005 18.4332 44.8328 -24.04 -177.931 -9.47252 -77.6206 0.970549 -1.62248 48.3367 -101.241 0 3.18055e-015 -9.7627 -66.6226 -9.46734 -179.992 0.275593 88.3535 -3.87389 -3.56 -56.0685 -69.7085 0 -0 89.3203 85.039 -87.1674 -33.8228 11.3707 -162.451 -62.287 3.18055e-015 -0 -5.41232 14.8617 -9.13168 90 3.18055e-015 -6.36111e-015 -21.0488 -3.99601 157.642 -42.5236 6.36111e-015 -1.59028e-015 13.7581 24.9578 14.9187 90 0 1.59028e-015 
24.1857 81.8925 -90.4306 90.2036 -42.9982 6.71793 13.7468 6.55193 3.79158 4.63252 1.70754e-006 5.12264e-006 -5.12265e-006 1.70755e-006 -8.53773e-006 1.70748e-006 -8.53774e-006 -4.95189e-005 18.7713 43.615 -24.1942 -178.232 -8.12521 -77.6828 2.87338 -7.25843 48.9621 -103.828 0 6.36111e-015 -8.54636 -65.7178 -7.511 179.969 -0.531203 86.6213 -3.43156 -0.918135 -50.063 -67.922 -6.16232e-015 3.18055e-015 113.698 84.1608 -113.229 -38.4867 9.01782 -160.748 -66.4322 -7.95139e-015 -0 -6.7171 11.5887 -11.2699 90 0 3.18055e-015 -21.3415 -2.05912 156.66 -46.2192 6.36111e-015 -5.56597e-015 16.9877 26.5444 16.3738 90 1.2424e-017 3.18055e-015 
22.7928 79.532 -89.4264 89.1445 -40.9342 5.1521 14.6001 5.40768 5.74892 4.43093 1.70754e-006 5.12264e-006 -5.12265e-006 1.70755e-006 -8.53773e-006 1.70748e-006 -8.53774e-006 -4.95189e-005 18.2247 42.9622 -23.7162 -178.963 -5.90035 -80.0085 5.68482 -15.0621 50.4532 -105.377 3.18055e-015 -0 -7.81602 -63.972 -5.93312 179.918 -0.882088 84.7099 -4.54977 4.90256 -43.3614 -63.243 -7.15625e-015 9.54166e-015 117.156 84.5724 -117.179 -43.0888 7.28773 -158.762 -67.6963 3.18055e-015 3.18055e-015 -2.91461 5.93279 -5.12005 90 0 3.18055e-015 -22.5475 -2.36288 155.012 -51.6896 -6.36111e-015 6.36111e-015 18.8318 28.1662 18.4215 90 -1.0871e-017 -1.59028e-015 
21.2183 77.0123 -88.4045 88.3152 -39.8279 4.39031 15.7138 3.6422 6.11377 4.31025 1.70754e-006 5.12264e-006 -5.12265e-006 1.70755e-006 -8.53773e-006 1.70748e-006 -8.53774e-006 -4.95189e-005 16.7247 43.8403 -22.7721 -179.411 -4.65016 -82.7702 8.69423 -24.4835 47.3407 -102.683 -6.36111e-015 -6.36111e-015 -23.9175 -68.3273 -20.7155 179.635 -3.57996 84.1679 -4.92441 13.5594 -38.7555 -61.8335 7.95139e-016 -6.36111e-015 124.436 87.9993 -125.288 -46.4485 6.44036 -156.745 -62.7586 9.54166e-015 -0 -1.90104 2.88975 -0.399453 90 3.18055e-015 -1.59028e-015 -23.0597 -0.258833 153.502 -57.052 6.36111e-015 7.95139e-015 20.0539 30.4724 21.6271 90 2.03794e-021 -0 
18.9782 74.6964 -87.3362 88.0317 -40.6229 4.22495 16.3308 3.72824 5.70079 3.7836 1.70754e-006 5.12264e-006 -5.12265e-006 1.70755e-006 -8.53773e-006 1.70748e-006 -8.53774e-006 -4.95189e-005 16.8356 44.9598 -22.5661 -179.627 -3.91523 -84.5533 12.1001 -33.3038 42.2176 -92.0906 3.18055e-015 1.59028e-015 -38.6772 -69.1604 -33.6616 179.529 -5.65982 85.2365 -8.62601 24.6366 -35.1456 -65.2548 -1.59028e-015 -6.36111e-015 -170.044 89.3418 167.916 -48.7197 7.25816 -153.832 -53.7219 4.77083e-015 -3.18055e-015 -0.734627 0.883701 2.04705 90 0 1.59028e-015 -23.2055 2.8029 151.831 -60.8322 3.18056e-015 -0 20.3494 31.5249 25.0079 90 7.96219e-021 -1.59028e-015 
15.5652 73.0571 -86.4332 87.7366 -42.9213 3.68778 16.0298 5.22437 5.75748 3.3457 1.70754e-006 5.12264e-006 -5.12265e-006 1.70755e-006 -8.53773e-006 1.70748e-006 -8.53774e-006 -4.95189e-005 18.952 45.6096 -24.4564 -179.507 -4.65507 -83.9508 17.3941 -38.2602 39.9713 -73.4168 3.18055e-015 -3.18055e-015 -53.2101 -72.0758 -48.851 179.681 -7.91205 87.6844 -17.3276 37.1295 -30.4081 -72.5433 -1.27222e-014 3.18055e-015 -12.6208 86.7868 8.68009 -49.0684 9.35025 -150.445 -42.1657 -3.18055e-015 -3.18055e-015 -0.650884 -1.71162 4.22224 90 3.18055e-015 -1.59028e-015 -21.5728 5.371 150.001 -61.0967 3.18056e-015 3.18056e-015 19.061 31.5085 28.806 90 1.65168e-020 -1.59028e-015 
10.8582 72.2511 -86.1545 86.2185 -43.2611 1.44438 14.669 6.86892 6.85803 3.23259 1.70754e-006 5.12264e-006 -5.12265e-006 1.70755e-006 -8.53773e-006 1.70748e-006 -8.53774e-006 -4.95189e-005 19.0564 44.9943 -22.923 -179.317 -5.26904 -82.5973 22.9076 -37.3149 39.2752 -52.5498 1.27222e-014 -3.18055e-015 -76.6384 -72.5692 -74.3631 -179.76 -10.0377 91.379 -30.2035 48.9519 -22.0678 -79.2111 -9.54166e-015 -6.36111e-015 -9.34318 83.6206 4.00494 -49.288 12.8008 -147.841 -31.5411 -3.18055e-015 -0 -3.37753 -4.41764 4.77073 90 1.59028e-015 -0 -15.6171 4.88612 148.336 -56.7885 6.36111e-015 3.18056e-015 16.5939 32.2914 32.9737 90 6.72994e-021 1.59028e-015 
5.03263 72.1585 -86.5181 84.6944 -41.0153 -1.1354 11.8784 10.0363 7.35436 2.55544 1.70754e-006 5.12264e-006 -5.12265e-006 1.70755e-006 -8.53773e-006 1.70748e-006 -8.53774e-006 -4.95189e-005 15.1402 41.5145 -15.306 -179.23 -5.25312 -81.6423 28.5014 -29.8323 39.2725 -38.7762 -6.36111e-015 -6.36111e-015 -110.674 -70.4841 -112.22 -178.943 -9.92413 96.1155 -43.9181 60.2722 -12.1959 -84.6062 0 -1.78906e-015 -12.8828 78.3544 7.1054 -52.3693 18.8245 -145.624 -27.0585 7.95139e-016 -7.95139e-016 -6.12233 -7.47043 6.0773 90 1.59028e-015 -7.95139e-016 -5.30957 1.7764 147.804 -47.1722 -6.36111e-015 -4.77083e-015 12.6129 35.2652 37.3165 90 -2.32645e-020 -7.95139e-016 
-1.85927 72.5231 -87.3879 83.3228 -38.0631 -4.1124 8.00219 16.2197 7.12941 1.44804 1.70754e-006 5.12264e-006 -5.12265e-006 1.70755e-006 -8.53773e-006 1.70748e-006 -8.53774e-006 -4.95189e-005 10.0031 34.1267 -5.95274 -178.834 -6.21812 -79.3605 35.1292 -25.7134 39.369 -31.3206 1.59028e-015 -0 -123.449 -66.3459 -127.742 -178.201 -8.62111 101.834 -58.0302 71.7701 -0.366365 -89.4687 -6.36111e-015 1.59028e-015 -15.0074 75.6177 9.13567 -53.5048 20.7052 -144.016 -30.9147 0 -0 -8.40693 -14.2024 7.39983 90 -3.18055e-015 -0 6.68477 -2.65108 149.629 -34.4231 9.54167e-015 2.78299e-015 5.58287 40.7876 37.7604 90 -1.55661e-015 -9.93923e-017 
-8.8984 73.2386 -88.1377 82.4318 -33.8306 -6.80234 4.53942 24.2782 6.03823 -0.253851 1.70754e-006 5.12264e-006 -5.12265e-006 1.70755e-006 -8.53773e-006 1.70748e-006 -8.53774e-006 -4.95189e-005 6.18396 21.8761 2.13819 -178.242 -7.55481 -76.8559 41.8996 -28.7004 39.045 -27.3759 0 3.18055e-015 -131.461 -52.9784 -140.311 -177.732 -7.55286 106.769 -80.6649 77.9516 23.9177 -93.6286 1.27222e-014 -6.36111e-015 -23.0612 71.0884 17.0609 -52.3718 15.4229 -145.285 -39.0627 0 3.18055e-015 -10.8062 -11.8445 6.09357 90 1.59028e-015 -0 11.0076 -7.23602 152.541 -31.5573 0 1.27222e-014 -3.92701 47.5867 23.6219 90 -9.93923e-017 -3.18055e-015 
-15.6113 74.5714 -88.564 80.9702 -27.9072 -8.83772 3.07947 29.6515 3.38516 -0.788136 1.70754e-006 5.12264e-006 -5.12265e-006 1.70755e-006 -8.53773e-006 1.70748e-006 -8.53774e-006 -4.95189e-005 3.56962 11.6177 10.0534 -177.883 -10.4065 -78.4367 56.298 -38.8339 48.4595 -27.7148 -4.57205e-015 -1.39149e-015 -135.011 -39.4568 -148.774 -177.637 -7.42189 107.719 -76.5253 74.8652 22.6513 -96.819 1.59028e-015 -3.18055e-015 -34.6907 67.1362 27.2174 -48.7187 11.4184 -149.134 -44.3541 0 -7.95139e-016 -9.7651 -8.26136 6.47303 90 1.59028e-015 3.18055e-015 13.7618 -5.62808 154.564 -35.6739 6.36111e-015 -1.19271e-015 -29.1474 45.9986 27.2891 90 -1.19271e-015 1.59028e-015 
-21.5789 76.4787 -88.5453 77.4203 -22.1923 -12.6469 3.21433 29.9005 2.799 0.256328 1.70754e-006 5.12264e-006 -5.12265e-006 1.70755e-006 -8.53773e-006 1.70748e-006 -8.53774e-006 -4.95189e-005 3.12289 3.19964 17.7676 -178.208 -13.2331 -82.2173 64.5406 -40.7779 52.7107 -29.3421 7.95139e-016 -0 -130.101 -39.6152 -143.425 -177.476 -9.18084 105.442 -50.157 65.3479 -3.35568 -95.6207 1.59028e-015 -3.18055e-015 -27.5084 64.063 20.051 -43.089 7.83054 -151.01 -48.8944 7.95139e-016 7.95139e-016 -3.42249 -6.26885 7.02799 90 3.18055e-015 3.18055e-015 11.5559 0.529039 159.335 -51.4353 3.18056e-015 8.34896e-015 -37.6063 20.8311 22.2434 90 3.18055e-015 3.18055e-015 
-26.8629 78.6897 -87.8912 73.0127 -14.9388 -14.5701 6.13136 27.5546 1.88894 1.69203 1.70754e-006 5.12264e-006 -5.12265e-006 1.70755e-006 -8.53773e-006 1.70748e-006 -8.53774e-006 -4.95189e-005 5.53301 -2.2329 21.86 -178.884 -14.7905 -85.6343 59.7834 -41.7747 51.7835 -30.992 -3.97569e-015 4.77083e-015 -133.691 -39.8289 -145.734 -177.99 -10.6196 100.782 -40.1671 50.8791 -11.6363 -80.3644 -3.18055e-015 9.54166e-015 -20.2369 58.866 12.5482 -34.1208 4.66562 -155.028 -49.6944 7.95139e-016 -3.97569e-016 0.885409 -4.62486 7.5333 90 1.59028e-015 -1.59028e-015 2.93396 -2.51117 160.152 -64.7486 -1.27222e-014 -1.19271e-015 -49.3804 16.6706 23.9708 90 -1.27222e-014 3.18055e-015 
-31.704 81.173 -86.6827 68.8494 -7.35853 -15.0485 8.5903 25.0939 2.55606 3.09921 1.70754e-006 5.12264e-006 -5.12265e-006 1.70755e-006 -8.53773e-006 1.70748e-006 -8.53774e-006 -4.95189e-005 11.7658 -3.8381 23.5892 -179.406 -12.2029 -87.1928 45.4718 -43.8152 45.365 -33.3716 -5.96354e-015 5.56597e-015 -142.326 -43.4577 -150.485 -178.505 -12.675 96.7831 -36.6382 38.5794 -10.7184 -53.2202 3.18055e-015 6.36111e-015 -13.977 63.0206 7.41867 -24.104 1.24002 -159.449 -47.9735 0 3.97569e-016 3.64582 -4.42091 8.53032 90 3.18055e-015 -3.18055e-015 -12.739 -2.50692 158.962 -80.2242 9.54167e-015 -4.62174e-015 -42.1663 20.7703 20.6719 90 0 3.18055e-015 
-36.3455 83.63 -85.4368 63.4109 0.871038 -14.7003 12.5727 21.3856 3.93774 4.8133 1.70754e-006 5.12264e-006 -5.12265e-006 1.70755e-006 -8.53773e-006 1.70748e-006 -8.53774e-006 -4.95189e-005 18.3601 -4.13987 26.1025 -179.817 -7.98187 -88.6809 25.3782 -45.1426 34.9273 -35.4577 2.33572e-015 3.18055e-015 -156.232 -47.1515 -158.889 -179.163 -15.6906 93.0922 -31.861 29.1058 -7.52823 -29.9166 1.59028e-015 5.56597e-015 -0.54626 61.6028 -3.75469 -13.3815 0.187148 -161.385 -45.1217 0 -2.17421e-016 5.69439 -0.9109 10.0276 90 -1.59028e-015 -0 -27.2348 -0.605024 158.276 -84.0897 -3.18056e-015 -3.18056e-015 -32.1033 25.5546 17.3847 90 -3.18055e-015 6.36111e-015 
-40.949 85.7417 -84.7556 57.6762 13.624 -13.1689 18.1726 14.0674 5.81301 6.47537 1.70754e-006 5.12264e-006 -5.12265e-006 1.70755e-006 -8.53773e-006 1.70748e-006 -8.53774e-006 -4.95189e-005 23.204 -2.24416 30.9644 179.887 -2.25244 -92.884 5.90446 -47.7854 26.4899 -37.9897 -3.97569e-016 3.18055e-015 -164.922 -48.8005 -164.279 179.798 -15.7264 89.2567 -24.1205 25.1111 -5.70165 -16.8097 1.59028e-015 -2.78299e-015 -1.35995 67.3221 0.161263 -5.6186 0.557341 -158.827 -43.877 -3.18055e-015 -7.95139e-016 5.58814 9.27174 8.97539 90 -7.95139e-016 3.18055e-015 -37.5716 -1.19544 154.941 -78.7868 -3.18056e-015 9.54167e-015 -20.4066 32.1593 13.1899 90 -1.19271e-015 -9.54166e-015 
-45.8653 87.0978 -84.0449 50.2029 28.2261 -9.52104 25.0043 6.0643 9.20664 7.77544 1.70754e-006 5.12264e-006 -5.12265e-006 1.70755e-006 -8.53773e-006 1.70748e-006 -8.53774e-006 -4.95189e-005 28.0037 -1.45927 34.7126 -179.249 4.99367 -98.5653 -13.6405 -52.384 16.9134 -39.7625 -1.59028e-015 4.77083e-015 -173.199 -52.435 -170.161 179.443 -11.5693 87.2236 -17.2557 17.784 -4.65341 -10.0326 -2.38542e-015 7.95139e-016 1.92002 66.3716 -1.00497 -2.81262 -0.25584 -154.131 -48.8771 0 -7.95139e-015 2.74273 15.9478 8.78919 90 2.98177e-016 -3.18055e-015 -44.0902 -2.60376 147.778 -66.8211 1.59028e-015 -0 -9.97206 44.4039 7.36138 90 0 3.18055e-015 
-51.0846 87.7427 -82.7333 40.4665 38.0235 -2.44318 31.1439 1.63137 11.4571 8.14327 1.70754e-006 5.12264e-006 -5.12265e-006 1.70755e-006 -8.53773e-006 1.70748e-006 -8.53774e-006 -4.95189e-005 32.7293 0.40871 36.1047 -177.224 11.5974 -103.559 -37.8956 -58.0437 2.69213 -40.3184 3.18055e-015 3.18055e-015 -171.04 -62.7593 -167.133 179.527 -5.99479 85.477 -8.86642 4.37438 -5.33714 -7.93515 -3.97569e-016 -1.19271e-015 -9.21489 74.9893 10.6944 1.3195 -1.27557 -152.055 -53.5361 -6.36111e-015 3.18055e-015 3.3825 14.3957 11.7203 90 1.19271e-015 -0 -49.6539 -2.60914 141.898 -47.5354 1.59028e-015 3.18056e-015 -2.89147 52.1119 2.59136 90 -3.18055e-015 -0 
-56.7136 88.3178 -81.0083 33.5661 41.3447 4.06072 32.8914 -2.64015 10.9712 7.34013 1.70754e-006 5.12264e-006 -5.12265e-006 1.70755e-006 -8.53773e-006 1.70748e-006 -8.53774e-006 -4.95189e-005 39.2973 3.80588 32.172 -176.268 13.9258 -105.166 -60.694 -64.3208 -6.1278 -43.8999 6.36111e-015 -0 -169.213 -65.8633 -165.312 179.815 -1.60899 83.4406 -0.494716 -2.43899 -8.61701 -8.79292 1.59028e-015 9.93923e-016 -28.9561 79.8033 30.1938 8.08313 -1.50956 -152.055 -55.3326 6.36111e-015 -0 9.32049 12.8919 15.0025 90 -1.49089e-015 -0 -60.2624 -5.95 142.342 -23.6735 0 -0 -9.26639 39.5122 10.446 90 1.19271e-015 -1.27222e-014 
-62.7015 89.2335 -79.3797 30.5799 42.9557 9.17868 30.6661 -11.4369 7.67269 7.17745 1.70754e-006 5.12264e-006 -5.12265e-006 1.70755e-006 -8.53773e-006 1.70748e-006 -8.53774e-006 -4.95189e-005 41.879 9.65527 26.2302 -176.678 13.457 -104.005 -72.9996 -68.0949 -5.65696 -51.0221 -1.27222e-014 -1.59028e-015 -171.898 -76.19 -167.124 -179.808 1.55585 82.9652 5.07974 -10.1749 -14.6142 -9.90673 -1.59028e-015 7.95139e-016 -60.6368 84.8348 61.5697 14.1604 -4.13437 -152.959 -55.5702 3.18055e-015 -0 12.4766 12.8481 13.6815 90 -1.98785e-015 3.18055e-015 -80.6497 -20.4826 146.239 -10.166 -1.59028e-015 1.59028e-015 -22.6724 25.4696 21.285 90 -6.36111e-015 -0 
-69.1574 90.8899 -78.1853 25.1593 46.3306 18.2874 27.2185 -24.497 0.414444 7.42968 1.70754e-006 5.12264e-006 -5.12265e-006 1.70755e-006 -8.53773e-006 1.70748e-006 -8.53774e-006 -4.95189e-005 43.2959 12.1898 23.0894 -176.404 15.0779 -103.581 -76.1113 -66.0947 -2.40326 -53.0636 3.18055e-015 3.18055e-015 179.689 -77.8674 -175.011 -179.293 5.58037 82.7631 10.295 -13.6664 -20.7594 -9.78698 -1.59028e-015 3.18055e-015 -132.339 80.9629 133.252 17.8153 -5.94936 -152.184 -55.2964 9.54166e-015 1.59028e-015 10.1582 16.0784 12.4039 90 -3.97569e-016 -0 -93.0742 -31.9027 150.106 -10.6278 -3.18056e-015 -3.18056e-015 -30.5794 12.6809 21.3317 90 0 3.18055e-015 
-75.5991 93.4007 -76.6749 17.0282 49.4764 30.5723 20.2578 -37.0437 -10.3177 7.13131 1.70754e-006 5.12264e-006 -5.12265e-006 1.70755e-006 -8.53773e-006 1.70748e-006 -8.53774e-006 -4.95189e-005 46.708 10.4445 20.9236 -176.504 16.451 -102.175 -71.4767 -65.8095 7.81057 -49.8832 3.18055e-015 1.59028e-015 -173.484 -77.5669 -169.697 -179.027 11.5629 85.1554 14.3885 -17.594 -25.0884 -9.12584 -5.06901e-015 3.18055e-015 -130.428 81.5049 132.38 20.4436 -5.86209 -150.231 -52.5275 0 -0 2.9527 20.3385 12.0278 90 -4.77083e-015 -0 -89.4171 -30.1757 159.519 -17.206 -3.18056e-015 -6.36111e-015 -37.4909 8.18332 26.5151 90 -1.59028e-015 -1.88845e-015 
-81.2599 95.7612 -74.8824 7.90421 50.5212 43.1109 13.2568 -43.3833 -20.2861 5.97228 1.70754e-006 5.12264e-006 -5.12265e-006 1.70755e-006 -8.53773e-006 1.70748e-006 -8.53774e-006 -4.95189e-005 45.5352 9.25665 19.0519 -176.593 17.3377 -101.297 -67.22 -64.6994 14.1627 -47.7554 6.36111e-015 -1.59028e-015 176.59 -79.0743 179.822 -179.865 16.4754 89.5243 24.3099 -19.3564 -26.0005 -10.7054 -2.38542e-015 3.18055e-015 -135.357 77.0092 138.195 22.4274 -5.27158 -149.048 -49.1988 0 -0 -6.44602 19.2025 10.2346 90 -3.18055e-015 -0 -83.0438 -32.4503 166.952 -30.47 -1.78906e-015 6.36111e-015 -41.9676 7.82048 29.6036 90 -3.97569e-016 1.19271e-015 
-85.9731 96.9745 -73.0268 2.16953 51.4691 51.8258 8.06267 -43.3444 -24.718 5.58739 1.70754e-006 5.12264e-006 -5.12265e-006 1.70755e-006 -8.53773e-006 1.70748e-006 -8.53774e-006 -4.95189e-005 40.0846 8.6845 17.1309 -176.072 16.2465 -103.789 -70.4503 -63.8558 8.89424 -50.2403 -6.36111e-015 -0 170.225 -78.6661 173.924 179.652 15.1404 91.3335 34.1122 -28.667 -26.2674 -9.4102 -4.77083e-015 -6.36111e-015 -127.132 74.8821 131.468 20.8518 -5.13827 -149.009 -48.9066 3.18055e-015 -0 -12.8237 13.0614 8.45856 90 -3.18055e-015 -3.18055e-015 -75.3511 -35.1898 174.544 -44.162 0 -1.59028e-015 -45.7243 3.30475 30.3643 90 3.47873e-015 -4.57205e-015 
-89.3095 96.75 -71.1699 -2.2968 53.2579 58.9854 7.01455 -41.7099 -23.3647 4.89777 1.70754e-006 5.12264e-006 -5.12265e-006 1.70755e-006 -8.53773e-006 1.70748e-006 -8.53774e-006 -4.95189e-005 35.5261 6.43349 14.7427 -175.881 13.9947 -106.583 -77.6012 -64.9686 -5.94479 -53.8809 9.54166e-015 -3.18055e-015 176.487 -74.7459 -179.12 179.722 13.2514 91.2144 33.5928 -32.9213 -33.4855 -11.605 -4.77083e-015 -6.36111e-015 -127.813 76.7715 131.946 18.9748 -7.59543 -151.042 -50.7492 1.59028e-015 1.59028e-015 -10.3761 3.26172 7.87682 90 4.77083e-015 -6.36111e-015 -70.094 -35.1669 179.527 -59.2051 -7.95139e-016 -1.59028e-015 -46.8285 0.887303 32.8664 90 5.86415e-015 -1.59028e-015 
-91.8883 95.3584 -69.5208 -9.06911 56.4647 68.2188 7.76692 -39.5646 -19.4675 4.07574 1.70754e-006 5.12264e-006 -5.12265e-006 1.70755e-006 -8.53773e-006 1.70748e-006 -8.53774e-006 -4.95189e-005 34.4214 1.43539 13.9062 -175.758 12.0956 -109.492 -84.3887 -67.9127 -25.0253 -53.771 0 3.97569e-016 -179.017 -71.5687 -174.507 -179.717 11.8868 88.626 26.0481 -27.5157 -40.9303 -14.5333 0 -0 -124.853 79.9853 128.245 14.6098 -5.55133 -151.598 -51.8991 -1.59028e-015 -7.95139e-016 -0.184056 -7.34008 12.7263 90 -3.57812e-015 1.59028e-015 -69.621 -31.7789 -179.625 -75.3988 0 -0 -44.7904 -0.190553 34.5573 90 7.15625e-015 -0 
-93.8002 93.0237 -68.1696 -20.6257 60.231 82.9877 7.55518 -36.0232 -15.3752 4.14962 1.70754e-006 5.12264e-006 -5.12265e-006 1.70755e-006 -8.53773e-006 1.70748e-006 -8.53774e-006 -4.95189e-005 35.0459 -6.12377 14.3189 -176.173 9.70969 -111.631 -78.8423 -71.6065 -33.5304 -50.2496 -3.97569e-016 -1.98785e-016 -177.936 -67.7505 -173.445 -178.825 9.30678 82.7717 18.4947 -20.2718 -38.736 -17.5702 6.36111e-015 -3.18055e-015 -151.464 80.2652 153.501 8.99058 -0.337898 -150.64 -49.4389 -1.59028e-015 -0 13.1373 -7.96756 19.7637 90 -6.75868e-015 -4.77083e-015 -72.7064 -27.5022 175.672 -90.7707 1.98785e-016 1.49089e-016 -44.1243 0.603766 32.8673 90 1.11319e-014 -6.36111e-015 
-95.3336 90.2535 -67.302 -37.812 61.6088 103.627 7.57114 -30.7318 -11.1019 4.80877 1.70754e-006 5.12264e-006 -5.12265e-006 1.70755e-006 -8.53773e-006 1.70748e-006 -8.53774e-006 -4.95189e-005 35.0203 -16.0714 17.4954 -176.849 8.38477 -110.682 -44.8863 -70.3528 -13.8844 -45.8048 6.36111e-015 -3.18055e-015 -179.584 -66.2837 -174.149 -178.343 7.80768 77.9787 10.6548 -14.1026 -28.7323 -17.1308 -3.18055e-015 -2.38542e-015 -176.588 76.8689 176.747 3.79803 0.849124 -150.089 -46.9331 -6.36111e-015 -4.77083e-015 22.8479 -1.33801 18.7119 90 -5.56597e-015 -0 -73.4015 -22.1644 168.007 -101.812 -1.98785e-016 -5.2181e-016 -44.6018 0.0223007 31.298 90 0 -0 
-96.7086 87.5695 -66.8147 -52.3961 59.1948 121.647 8.64865 -24.8004 -6.94654 4.94407 1.70754e-006 5.12264e-006 -5.12265e-006 1.70755e-006 -8.53773e-006 1.70748e-006 -8.53774e-006 -4.95189e-005 35.2311 -26.6692 22.9604 -178.077 7.08145 -105.231 -13.5988 -57.9317 6.4507 -43.3116 -1.59028e-015 -6.36111e-015 179.999 -66.1318 -173.636 -178.387 7.80326 78.283 2.7765 -2.82995 -18.7234 -13.4412 -6.36111e-015 8.69683e-016 -177.293 74.0591 175.958 -1.87636 0.538762 -149.77 -46.6267 0 3.18055e-015 27.0609 3.89198 7.57952 90 -7.95139e-016 6.36111e-015 -66.7133 -16.3589 161.704 -103.97 3.97569e-016 2.38542e-015 -48.5814 -2.77698 30.2232 90 0 1.59028e-015 
-97.8988 85.5398 -66.6346 -58.6217 55.3638 132.235 9.95986 -19.0692 -4.16118 4.91915 1.70754e-006 5.12264e-006 -5.12265e-006 1.70755e-006 -8.53773e-006 1.70748e-006 -8.53774e-006 -4.95189e-005 36.9025 -37.8111 27.4508 -179.632 2.9657 -97.0685 1.96403 -44.4736 17.0509 -40.6267 0 -0 -177.838 -68.079 -172.292 -179.243 5.47153 82.1134 -4.38486 15.3315 -10.3736 -13.5024 -6.36111e-015 -1.59028e-015 177.216 79.0441 -179.14 -5.00749 -0.602393 -151.359 -48.2741 -6.36111e-015 -0 26.4363 3.73476 -4.03241 90 9.93923e-017 -0 -53.2388 -10.8327 158.531 -96.5327 -2.98177e-016 4.47266e-015 -44.7143 -0.517375 29.3309 90 0 -1.59028e-015 
-99.034 84.4775 -66.0763 -58.6783 52.4347 137.19 11.0899 -11.685 -2.21718 4.60104 1.70754e-006 5.12264e-006 -5.12265e-006 1.70755e-006 -8.53773e-006 1.70748e-006 -8.53774e-006 -4.95189e-005 39.2459 -45.8516 29.8502 -179.976 -1.63412 -89.1483 13.1496 -33.4964 25.4369 -37.7302 -1.59028e-014 -0 -169.556 -68.8043 -166.667 -179.889 2.26338 87.1987 -14.613 32.6702 -3.68229 -17.8252 6.36111e-015 9.54166e-015 118.325 86.2804 -120.53 -6.41198 0.84984 -153.831 -50.0693 -1.27222e-014 -6.36111e-015 26.2398 5.70445 -3.8516 90 -3.97569e-016 9.54166e-015 -36.3425 -6.46915 158.591 -81.3953 -7.95139e-016 6.75868e-015 -35.6778 10.7559 27.1091 90 -3.18055e-015 3.18055e-015 
-100.356 83.3207 -65.2901 -59.3036 49.88 142.642 10.8135 -5.61305 -1.01559 4.75737 1.70754e-006 5.12264e-006 -5.12265e-006 1.70755e-006 -8.53773e-006 1.70748e-006 -8.53774e-006 -4.95189e-005 38.7422 -50.2072 30.3517 -179.442 -6.20636 -84.8521 22.1475 -18.8442 30.8392 -37.6673 -9.54166e-015 -4.37326e-015 -160.095 -71.8149 -159.675 -179.956 -1.58756 91.6013 -27.245 40.4081 2.41227 -24.9908 3.97569e-015 -3.18055e-015 49.8581 85.2456 -53.0089 -6.9336 1.50512 -155.971 -50.4058 6.36111e-015 3.18055e-015 25.7237 7.98363 -7.28752 90 3.97569e-016 3.18055e-015 -20.9336 -3.86943 158.045 -63.1151 -3.18056e-015 -8.74653e-015 -28.6491 12.3387 25.0724 90 -3.18055e-015 3.18055e-015 
-102.747 81.7687 -64.4401 -61.2241 47.3644 148.852 10.097 -0.057648 -1.30839 5.08536 1.70754e-006 5.12264e-006 -5.12265e-006 1.70755e-006 -8.53773e-006 1.70748e-006 -8.53774e-006 -4.95189e-005 39.5997 -51.8896 33.9728 -179.58 -7.48447 -86.7796 32.3074 -3.43875 36.8825 -39.1012 -9.54166e-015 9.54166e-015 -150.313 -71.0193 -153.215 -179.711 -4.415 93.7517 -37.1867 41.8155 3.74943 -34.4173 0 -0 79.1463 85.8985 -83.2611 -9.85775 1.08661 -157.627 -52.6012 3.18055e-015 3.18055e-015 25.0812 8.47764 -8.30861 90 1.98785e-016 6.36111e-015 -11.1683 -0.887347 158.485 -51.2458 -9.54167e-015 -1.59028e-015 -23.5039 8.01381 30.3786 90 3.97569e-016 -0 
-106.077 80.412 -63.7542 -63.353 43.9488 153.915 10.5908 3.72112 -1.07563 5.03045 1.70754e-006 5.12264e-006 -5.12265e-006 1.70755e-006 -8.53773e-006 1.70748e-006 -8.53774e-006 -4.95189e-005 41.9296 -53.8564 37.972 -179.878 -6.06483 -88.8437 39.1391 10.2647 39.2268 -39.2023 0 -9.54166e-015 -142.227 -74.8198 -146.239 -179.714 -5.47534 92.9975 -48.0149 40.4464 2.07775 -42.0321 1.59028e-015 5.56597e-015 48.2141 82.5371 -51.8623 -12.692 -0.881413 -158.016 -53.4004 3.18055e-015 -3.18055e-015 22.8513 8.32344 -10.2891 90 5.96354e-016 9.54166e-015 -8.31498 -1.13884 160.329 -53.5003 0 -1.59028e-015 -7.85359 20.7739 29.8122 90 1.59028e-015 -0 
-109.294 79.956 -63.3095 -63.7267 41.4758 157.489 11.5269 5.44496 -0.778779 5.50264 1.70754e-006 5.12264e-006 -5.12265e-006 1.70755e-006 -8.53773e-006 1.70748e-006 -8.53774e-006 -4.95189e-005 44.4051 -55.3077 40.1721 -179.839 -6.6858 -88.6166 43.6437 14.0588 43.2983 -34.3883 1.59028e-015 -0 -133.077 -73.5623 -139.555 -179.861 -5.90227 91.3543 -56.0711 39.9676 -7.14612 -48.57 -1.59028e-015 -9.54166e-015 35.3639 78.2941 -38.0594 -13.4142 -1.59165 -159.167 -51.3382 6.36111e-015 6.36111e-015 19.3577 8.12393 -10.7121 90 -3.97569e-016 -6.36111e-015 -8.78356 -2.72687 159.989 -55.5195 -3.18056e-015 -1.27222e-014 0.92562 24.7807 22.4414 90 -8.44835e-016 1.98785e-016 
-112.503 80.4111 -62.99 -63.9176 40.776 159.928 11.9098 6.63362 -0.0823817 5.70988 1.70754e-006 5.12264e-006 -5.12265e-006 1.70755e-006 -8.53773e-006 1.70748e-006 -8.53774e-006 -4.95189e-005 47.8897 -55.1923 42.1925 -179.745 -6.84856 -87.8629 45.5427 16.385 48.4775 -29.9401 -1.59028e-015 3.18055e-015 -117.093 -75.0844 -125.807 179.855 -6.51313 88.7176 -58.5724 36.5558 -20.9216 -52.7471 -9.54166e-015 6.36111e-015 45.0715 73.3534 -46.6377 -13.3027 0.468836 -159.171 -46.2563 3.18055e-015 -0 14.832 9.66695 -10.1741 90 -1.19271e-015 -3.18055e-015 -6.14734 -2.0287 160.62 -50.6463 0 -3.97569e-015 6.94382 24.9279 19.926 90 6.95746e-016 -2.38542e-015 
-115.935 81.1702 -62.963 -66.0427 40.0857 162.418 11.4697 6.36506 1.39949 6.0465 1.70754e-006 5.12264e-006 -5.12265e-006 1.70755e-006 -8.53773e-006 1.70748e-006 -8.53774e-006 -4.95189e-005 49.8586 -55.3742 45.5563 -179.702 -6.85782 -87.5077 41.7142 21.3442 55.1305 -30.7286 0 3.18055e-015 -121.068 -74.9286 -130.31 179.622 -5.16988 85.8179 -60.5003 29.8177 -32.0511 -56.051 -6.36111e-015 -5.18704e-016 37.1913 68.1593 -37.6324 -14.5356 1.91155 -158.846 -40.7874 0 -6.36111e-015 9.72299 10.3184 -7.28563 90 1.59028e-015 6.36111e-015 -4.46366 -5.88655 161.502 -42.6772 0 3.97569e-015 10.1833 25.84 18.5032 90 -1.2424e-017 -7.95139e-016 
-119.512 82.1342 -63.6504 -68.3501 39.2135 164.379 12.1839 4.68646 3.38875 6.32733 1.70754e-006 5.12264e-006 -5.12265e-006 1.70755e-006 -8.53773e-006 1.70748e-006 -8.53774e-006 -4.95189e-005 50.342 -56.746 48.3145 -179.678 -6.94469 -87.3378 31.3519 25.119 63.62 -34.3999 0 -3.18055e-015 -131.804 -75.306 -140.913 179.528 -4.02844 83.3158 -61.1543 20.2076 -38.1566 -61.5374 -3.18055e-015 -7.95139e-016 41.9149 65.137 -41.9295 -16.2311 1.71316 -159.52 -37.8991 -6.36111e-015 1.59028e-015 4.88317 6.71806 -0.855364 90 -1.59028e-015 -3.18055e-015 -7.07467 -7.26561 162.373 -41.1528 9.54167e-015 8.34896e-015 8.603 24.3658 16.6335 90 4.96962e-017 -0 
-122.855 83.1755 -64.4783 -69.5877 38.627 165.98 13.6375 2.70707 4.13781 6.66863 1.70754e-006 5.12264e-006 -5.12265e-006 1.70755e-006 -8.53773e-006 1.70748e-006 -8.53774e-006 -4.95189e-005 51.4334 -55.8524 50.2678 -179.853 -6.31375 -88.6629 18.9786 25.6012 70.6252 -40.2072 0 -7.95139e-015 -135.448 -82.2679 -143.202 179.447 -3.18066 80.1348 -57.4684 11.02 -41.7659 -68.4501 -9.54166e-015 -3.18055e-015 38.4707 61.4461 -37.5358 -16.9986 3.13426 -160.493 -39.5615 3.18055e-015 -0 4.18974 6.2645 1.27038 90 0 6.36111e-015 -8.6193 -8.3821 162.925 -38.6411 -1.27222e-014 1.19271e-015 6.56999 23.8027 14.9783 90 0 -0 
-126.041 84.1947 -65.2897 -71.5635 38.8617 167.905 13.8137 0.0833572 4.29642 6.94977 1.70754e-006 5.12264e-006 -5.12265e-006 1.70755e-006 -8.53773e-006 1.70748e-006 -8.53774e-006 -4.95189e-005 50.8402 -53.3302 49.1862 -179.84 -6.7037 -88.633 8.35826 23.6019 70.6245 -48.6114 3.18055e-015 6.36111e-015 -153.51 -86.8622 -159.534 179.53 -2.10732 77.4351 -52.2665 4.10324 -44.0919 -71.3037 -6.36111e-015 -3.97569e-016 41.8172 64.7549 -41.1537 -18.0545 5.60084 -161.254 -44.8256 -3.18055e-015 -0 6.53671 3.98706 4.51663 90 3.18055e-015 3.18055e-015 -10.4289 -8.70631 163.723 -35.5027 3.18056e-015 1.98785e-016 4.41079 23.5057 14.1945 90 -1.49089e-016 -0 
-128.972 85.1312 -66.1767 -74.0432 39.2076 169.851 13.1085 -2.95038 4.57012 7.12325 1.70754e-006 5.12264e-006 -5.12265e-006 1.70755e-006 -8.53773e-006 1.70748e-006 -8.53774e-006 -4.95189e-005 49.7278 -51.659 46.9711 -179.807 -7.08677 -88.4393 2.26512 20.3866 66.0623 -56.152 -3.18055e-015 -2.98177e-015 -97.6155 -89.2555 -102.725 179.805 -0.827031 76.7098 -46.6992 0.348306 -46.1144 -69.5314 6.36111e-015 -0 51.2162 68.4322 -50.5435 -18.5989 7.83855 -162.044 -50.8042 0 -0 9.18651 2.65588 6.67746 90 0 -3.18055e-015 -12.5124 -8.76576 164.685 -32.2392 3.18056e-015 -7.70291e-016 1.3406 23.4788 13.757 90 0 1.59028e-015 
-131.595 85.898 -67.2171 -76.1053 39.8271 171.673 12.4668 -5.28233 4.60455 7.1535 1.70754e-006 5.12264e-006 -5.12265e-006 1.70755e-006 -8.53773e-006 1.70748e-006 -8.53774e-006 -4.95189e-005 48.392 -50.8998 44.9877 -179.869 -6.37737 -88.8222 0.793786 15.8536 60.2546 -61.4086 0 -7.95139e-016 -17.6794 -86.4622 -22.5214 -179.996 0.0172241 76.3804 -40.6349 -2.74345 -46.3718 -67.0444 -3.18055e-015 1.59028e-015 46.4105 69.7122 -45.2044 -17.5971 10.1223 -163.43 -55.4816 6.36111e-015 -0 10.3249 5.95723 4.01689 90 0 6.36111e-015 -14.491 -9.40482 164.972 -28.8941 -3.18056e-015 -1.19271e-015 -1.62077 22.3301 13.7691 90 -2.98177e-016 6.36111e-015 
-133.967 86.3855 -68.3053 -77.2987 40.5759 172.558 12.3153 -6.8869 4.98813 7.16573 1.70754e-006 5.12264e-006 -5.12265e-006 1.70755e-006 -8.53773e-006 1.70748e-006 -8.53774e-006 -4.95189e-005 47.2521 -50.2219 43.4941 -179.992 -5.09363 -89.9096 1.18805 10.1871 55.0725 -64.4388 -6.36111e-015 -7.95139e-016 -18.5029 -83.9728 -23.8093 -179.862 0.563174 76.2799 -35.3175 -5.0082 -45.2534 -63.3375 -1.59028e-015 3.18055e-015 44.7794 71.7594 -43.7343 -15.0442 12.8071 -165.031 -57.8797 -4.77083e-015 -0 9.98507 9.09246 0.562695 90 0 -0 -15.6636 -9.8837 165.492 -25.702 3.18056e-015 -7.95139e-016 -4.18219 21.1263 14.6294 90 -8.94531e-016 -1.59028e-015 
-136.252 86.5219 -69.3176 -78.3051 40.8713 172.926 12.0582 -8.75213 5.44387 7.23453 1.70754e-006 5.12264e-006 -5.12265e-006 1.70755e-006 -8.53773e-006 1.70748e-006 -8.53774e-006 -4.95189e-005 47.77 -48.961 43.302 179.895 -3.99371 -91.5013 2.05276 3.89129 50.6727 -65.6866 -6.36111e-015 -0 -23.5452 -82.8261 -29.1817 -179.769 0.897374 75.5664 -31.2238 -7.00608 -42.9469 -59.5733 0 -3.18055e-015 51.1432 73.2289 -49.8152 -12.0881 15.2356 -166.691 -58.6625 1.59028e-015 -3.18055e-015 9.12304 11.6282 -1.70585 90 -1.59028e-015 -0 -16.9048 -11.0114 166.17 -23.2862 3.18056e-015 -1.19271e-015 -6.16784 20.1073 15.4994 90 8.94531e-016 -1.59028e-015 
-138.574 86.3706 -70.4402 -79.5442 40.8687 173.238 11.6863 -10.4651 5.94808 7.26695 1.70754e-006 5.12264e-006 -5.12265e-006 1.70755e-006 -8.53773e-006 1.70748e-006 -8.53774e-006 -4.95189e-005 48.7603 -47.9673 44.011 179.838 -3.16511 -92.9366 2.40524 -2.31938 46.5736 -66.4688 3.18055e-015 -4.77083e-015 -33.7133 -81.643 -39.5972 -179.647 1.27809 74.549 -27.742 -8.50334 -40.3241 -56.9817 5.56597e-015 -0 45.1684 72.2598 -43.4706 -8.83276 16.7243 -169.333 -58.5999 4.77083e-015 3.18055e-015 11.1852 13.6176 0.370154 90 -1.59028e-015 6.36111e-015 -18.7171 -11.6921 167.062 -21.8393 -3.18056e-015 -0 -8.16474 19.6843 16.0679 90 -9.93923e-017 -1.59028e-015 
-140.857 85.9535 -71.8255 -80.7315 41.193 173.687 11.4404 -11.5888 6.20064 7.26739 1.70754e-006 5.12264e-006 -5.12265e-006 1.70755e-006 -8.53773e-006 1.70748e-006 -8.53774e-006 -4.95189e-005 49.2486 -47.5011 44.639 179.8 -2.84087 -94.0248 1.60438 -7.81497 42.5417 -67.2585 6.36111e-015 -3.18055e-015 -37.2107 -79.4859 -42.7983 -179.459 1.93506 74.3706 -25.0092 -8.23688 -39.1764 -54.6956 1.32005e-015 -0 45.4789 72.3165 -43.259 -4.71346 16.6725 -173.226 -56.1531 0 -0 14.4848 15.8716 3.96507 90 -1.59028e-015 3.18055e-015 -21.2657 -11.4452 167.705 -21.5748 3.18056e-015 -3.18056e-015 -10.0533 19.4009 16.8446 90 -1.49089e-015 -4.77083e-015 
-143.113 85.2402 -73.2934 -81.5665 41.1757 173.553 11.5551 -12.5614 6.83771 7.34721 1.70754e-006 5.12264e-006 -5.12265e-006 1.70755e-006 -8.53773e-006 1.70748e-006 -8.53774e-006 -4.95189e-005 49.4167 -47.4831 45.0029 179.805 -2.09321 -95.3236 1.35507 -12.5774 39.5562 -68.5217 0 3.18055e-015 -32.9123 -78.3394 -37.6209 -179.311 2.49186 74.545 -22.0394 -7.29007 -38.8807 -53.6417 -1.98785e-015 -9.54166e-015 50.6319 73.4775 -48.3903 -2.22156 14.6825 -175.395 -52.5902 3.18055e-015 -0 19.5537 16.3936 5.70126 90 -6.36111e-015 -6.36111e-015 -23.798 -12.7133 168.317 -21.3476 9.54167e-015 7.95139e-016 -11.8197 18.5097 16.0971 90 9.93923e-017 -3.18055e-015 
-145.5 84.4513 -74.7819 -82.3991 40.6064 172.884 11.8899 -13.3483 8.00353 7.29611 1.70754e-006 5.12264e-006 -5.12265e-006 1.70755e-006 -8.53773e-006 1.70748e-006 -8.53774e-006 -4.95189e-005 49.9971 -47.0885 45.4763 179.871 -1.14004 -96.4809 0.923221 -16.9506 37.5018 -69.8801 1.59028e-015 -4.77083e-015 -29.3837 -78.5792 -33.5718 -179.201 2.73668 73.7237 -18.6147 -6.72775 -37.88 -53.6721 -7.95139e-016 -9.54166e-015 49.821 73.9456 -47.9749 0.383475 12.818 -176.688 -46.0132 -6.36111e-015 -3.18055e-015 28.583 9.91381 6.58513 90 1.59028e-015 -3.18055e-015 -25.535 -14.2764 169.562 -20.1311 -3.18056e-015 7.95139e-016 -14.1144 17.9932 14.77 90 -2.18663e-015 -1.59028e-015 
-147.899 83.6977 -76.6026 -83.1616 40.6572 173.237 12.1897 -13.9529 7.62084 7.15361 1.70754e-006 5.12264e-006 -5.12265e-006 1.70755e-006 -8.53773e-006 1.70748e-006 -8.53774e-006 -4.95189e-005 50.6087 -45.5268 46.0872 179.879 -0.908774 -97.589 0.357249 -20.5804 36.631 -71.8582 -1.59028e-015 -0 -30.348 -78.8704 -34.4389 -179.105 2.74723 71.9506 -16.5044 -6.08668 -36.4185 -53.0772 -1.59028e-015 -3.18055e-015 46.4396 74.4176 -44.6554 2.5907 13.5346 -179.064 -38.494 3.18055e-015 1.59028e-015 34.4465 4.99106 11.7808 90 0 9.54166e-015 -27.8209 -14.5131 169.782 -19.1752 -9.54167e-015 1.59028e-015 -16.8694 17.6993 14.8906 90 -2.5842e-015 -3.18055e-015 
-150.341 82.9978 -78.6083 -83.7225 40.4207 174.315 12.4957 -15.511 6.07906 7.40671 1.70754e-006 5.12264e-006 -5.12265e-006 1.70755e-006 -8.53773e-006 1.70748e-006 -8.53774e-006 -4.95189e-005 50.8574 -43.7844 46.6498 179.847 -0.961326 -99.0446 1.23284 -22.854 37.402 -75.1519 -1.59028e-015 4.77083e-015 -30.0792 -78.8326 -33.5695 -179.014 2.82516 70.7596 -15.8658 -4.18224 -36.798 -51.7151 -1.59028e-015 -6.36111e-015 42.6514 74.8527 -40.6107 -0.513776 13.4916 -179.353 -39.2512 6.36111e-015 1.59028e-015 34.3855 1.74198 5.1669 90 0 3.18055e-015 -30.4431 -15.6354 168.663 -18.1519 0 1.59028e-015 -19.8396 16.0953 15.0863 90 2.18663e-015 1.59028e-015 
-152.712 82.7559 -80.568 -83.2692 39.7577 175.376 13.482 -17.1205 3.93726 7.8568 1.70754e-006 5.12264e-006 -5.12265e-006 1.70755e-006 -8.53773e-006 1.70748e-006 -8.53774e-006 -4.95189e-005 51.0258 -42.3697 47.3966 179.821 -1.04166 -99.7408 1.85769 -24.2635 38.5125 -78.5337 -3.18055e-015 -0 -26.697 -78.4325 -29.6574 -178.93 2.88251 69.6227 -14.6435 -1.3881 -38.597 -50.8665 1.59028e-015 3.18055e-015 41.4242 75.4819 -39.1454 -3.0815 13.8731 -179.572 -41.1003 -3.18055e-015 -3.18055e-015 33.0645 2.9776 2.04381 90 2.48481e-017 -0 -31.4483 -16.8996 166.81 -15.4184 3.18056e-015 1.59028e-015 -23.8368 13.9647 16.9604 90 1.98785e-016 6.36111e-015 
-154.887 82.9583 -82.3302 -82.9602 40.0522 175.913 14.313 -16.9584 2.83399 8.07651 1.70754e-006 5.12264e-006 -5.12265e-006 1.70755e-006 -8.53773e-006 1.70748e-006 -8.53774e-006 -4.95189e-005 51.0055 -41.6629 47.5942 179.875 -0.727844 -99.7544 2.26067 -23.6394 40.7433 -81.6045 3.18055e-015 -3.18055e-015 -25.2349 -78.6462 -27.9653 -178.845 3.133 69.76 -12.961 0.908896 -42.2413 -50.1922 -3.18055e-015 3.18055e-015 41.9933 77.616 -39.3533 -5.303 16.6015 -179.13 -41.8965 6.36111e-015 1.59028e-015 31.3554 5.52095 1.75261 90 0 3.18055e-015 -32.1964 -18.6985 165.51 -12.1954 0 4.77083e-015 -28.863 11.6723 23.2276 90 1.98785e-015 -0 
-156.683 83.5163 -84.0167 -83.2255 41.2458 176.226 14.7213 -16.0788 2.94774 8.0925 1.70754e-006 5.12264e-006 -5.12265e-006 1.70755e-006 -8.53773e-006 1.70748e-006 -8.53774e-006 -4.95189e-005 49.952 -41.7278 46.522 179.791 -1.35455 -98.7926 1.65191 -21.0235 43.4176 -83.8635 0 -0 -18.7592 -79.036 -21.178 -178.916 3.08146 70.6095 -11.5128 1.9914 -46.0291 -49.8399 0 -0 43.7887 79.7478 -40.8773 -6.77967 17.3733 -179.563 -40.8246 0 3.18055e-015 29.0765 4.83783 2.43036 90 6.06643e-021 -0 -33.0468 -19.6109 164.809 -11.6263 0 -0 -31.379 11.0516 30.1246 90 4.37326e-015 3.18055e-015 
-158.384 84.4873 -85.3476 -83.5811 42.586 175.782 15.0687 -15.1776 3.96271 8.08873 1.70754e-006 5.12264e-006 -5.12265e-006 1.70755e-006 -8.53773e-006 1.70748e-006 -8.53774e-006 -4.95189e-005 48.6006 -41.3778 45.0206 179.729 -2.17174 -97.1055 1.2463 -17.469 46.018 -85.311 6.36111e-015 -0 1.02891 -76.8332 -1.35569 -179.08 2.62472 70.6818 -11.1291 1.71278 -48.4107 -49.2804 0 3.18055e-015 49.2559 81.952 -46.4543 -7.66971 17.5356 -179.338 -38.3245 0 -0 26.2594 3.87601 3.37399 90 -4.96962e-017 3.18055e-015 -34.5317 -18.7006 165.216 -17.2712 6.36111e-015 -1.59028e-015 -26.8503 13.0914 28.905 90 5.96354e-016 -0 
-160.001 85.559 -86.2908 -83.8254 43.4805 174.92 15.3091 -14.7031 5.25352 8.10526 1.70754e-006 5.12264e-006 -5.12265e-006 1.70755e-006 -8.53773e-006 1.70748e-006 -8.53774e-006 -4.95189e-005 47.5683 -40.571 43.6673 179.724 -2.73677 -95.7564 0.665482 -12.3971 48.6111 -85.6673 4.77083e-015 3.18055e-015 4.16396 -74.3924 1.79541 -179.113 2.51555 70.5797 -12.4038 0.955158 -50.2052 -48.167 6.36111e-015 -3.18055e-015 48.703 82.3889 -45.7034 -8.19322 18.4372 -178.285 -35.4715 0 -3.18055e-015 23.4809 4.12071 4.53508 90 0 -0 -34.99 -17.8873 165.81 -23.589 -6.36111e-015 3.18056e-015 -24.0594 16.0359 26.9903 90 -1.49089e-015 -3.97569e-016 
-161.573 86.4467 -87.0421 -84.3664 43.7939 174.346 15.2261 -14.4875 6.48105 8.03527 1.70754e-006 5.12264e-006 -5.12265e-006 1.70755e-006 -8.53773e-006 1.70748e-006 -8.53774e-006 -4.95189e-005 46.7639 -39.9308 42.7928 179.75 -2.89589 -94.9294 -0.267399 -6.70987 51.1585 -85.2242 3.18055e-015 -0 3.98017 -73.9903 1.30816 -179.047 2.75 70.8767 -14.0558 0.0217322 -52.2003 -47.7325 -3.18055e-015 -3.18055e-015 36.3009 80.7907 -32.6947 -8.91512 18.5376 -177.262 -32.8857 0 -7.95139e-016 20.9097 4.15848 5.14367 90 3.97569e-016 6.36111e-015 -34.9792 -16.6776 166.002 -29.9688 -6.36111e-015 1.19271e-015 -22.2018 17.5002 25.2981 90 9.0447e-015 7.95139e-016 
-163.048 87.0307 -87.7022 -84.923 43.9907 174.393 14.8554 -14.0142 6.98278 7.89008 1.70754e-006 5.12264e-006 -5.12265e-006 1.70755e-006 -8.53773e-006 1.70748e-006 -8.53774e-006 -4.95189e-005 46.0635 -39.6632 42.282 179.798 -2.89552 -93.9865 -2.00254 -1.36014 52.8304 -84.139 -7.95139e-015 1.59028e-015 5.53325 -73.7673 2.44412 -178.975 3.00524 71.1524 -15.7831 -1.48071 -53.8216 -48.2664 3.18055e-015 -6.36111e-015 28.5463 79.0185 -24.6488 -9.54047 18.3341 -176.865 -30.7247 3.18055e-015 -4.77083e-015 18.6535 3.88051 5.19857 90 -3.97569e-016 3.18055e-015 -34.8803 -15.1898 165.433 -36.3881 3.18056e-015 9.93923e-016 -19.9025 18.6372 23.4452 90 3.47873e-016 1.78906e-015 
-164.407 87.3336 -88.2135 -85.1662 44.5142 174.614 14.3912 -13.1827 6.88257 7.78792 1.70754e-006 5.12264e-006 -5.12265e-006 1.70755e-006 -8.53773e-006 1.70748e-006 -8.53774e-006 -4.95189e-005 45.4554 -39.7718 41.6584 179.83 -3.22921 -93.0152 -4.79348 3.80838 53.8343 -82.4129 0 -1.59028e-015 8.68132 -73.3788 5.26807 -178.958 3.10182 71.4232 -17.7315 -3.23245 -55.0144 -49.1301 0 -0 8.239 77.7973 -3.8301 -10.0565 18.6842 -176.583 -29.2567 3.18055e-015 -7.95139e-016 16.9221 3.834 4.76899 90 1.98785e-016 -0 -34.2168 -13.8286 164.446 -41.706 6.36111e-015 -7.95139e-016 -18.4699 20.4212 21.9074 90 3.18055e-015 3.97569e-016 
-165.67 87.4782 -88.5831 -85.2025 45.3054 174.813 13.9249 -12.1957 6.54301 7.71621 1.70754e-006 5.12264e-006 -5.12265e-006 1.70755e-006 -8.53773e-006 1.70748e-006 -8.53774e-006 -4.95189e-005 44.9224 -39.8961 40.8166 179.867 -3.92657 -91.9372 -7.97369 8.68854 54.6393 -80.3724 1.59028e-015 -3.18055e-015 13.8658 -71.9405 9.92442 -179.013 3.02324 71.9035 -19.2534 -4.23162 -55.9408 -49.278 -6.36111e-015 -9.54166e-015 -10.9535 71.6549 16.4923 -10.5626 19.1463 -176.294 -28.3994 3.18055e-015 7.95139e-016 15.6542 3.82878 4.29399 90 1.98785e-016 -3.18055e-015 -32.6534 -12.4174 163.493 -45.1651 0 -7.95139e-016 -17.0168 23.0681 21.2166 90 1.59028e-015 -7.95139e-016 
-166.87 87.5581 -88.8346 -85.3106 46.2064 175.175 13.2977 -11.0195 6.09186 7.65778 1.70754e-006 5.12264e-006 -5.12265e-006 1.70755e-006 -8.53773e-006 1.70748e-006 -8.53774e-006 -4.95189e-005 44.5608 -40.0799 40.0781 179.929 -4.54244 -90.8913 -10.9346 13.1353 55.7236 -77.9008 -7.95139e-016 -6.75868e-015 19.3005 -70.225 14.8367 -179.043 3.01328 72.367 -20.0117 -4.26414 -56.2432 -48.331 -6.36111e-015 -3.18055e-015 -11.4099 68.3225 17.9227 -11.1125 19.7427 -176.034 -27.734 0 -1.59028e-015 14.5683 3.79867 3.83888 90 0 3.18055e-015 -30.5167 -11.3528 162.635 -46.57 1.27222e-014 -3.18056e-015 -15.2784 25.9681 19.7956 90 3.97569e-016 -7.95139e-016 
-167.984 87.6196 -88.9403 -85.4043 47.2191 175.573 12.5909 -9.8134 5.67276 7.61893 1.70754e-006 5.12264e-006 -5.12265e-006 1.70755e-006 -8.53773e-006 1.70748e-006 -8.53774e-006 -4.95189e-005 44.2494 -40.3793 39.2716 -179.996 -5.01173 -89.957 -13.0129 16.9259 57.3559 -75.0617 5.1684e-015 9.54166e-015 22.7343 -67.8045 17.7564 -179.134 2.79171 72.7639 -20.2935 -3.97906 -55.8572 -46.452 -3.18055e-015 -0 -5.76028 68.8639 13.2482 -11.5603 20.024 -175.878 -27.1928 0 3.18055e-015 13.6561 3.41397 3.57431 90 0 9.54166e-015 -27.9775 -11.3986 161.633 -45.8146 -6.36111e-015 3.97569e-015 -13.9419 28.7282 17.6938 90 3.97569e-016 1.59028e-015 
-169.027 87.6629 -88.9185 -85.4491 48.323 175.939 11.8874 -8.46677 5.37829 7.53402 1.70754e-006 5.12264e-006 -5.12265e-006 1.70755e-006 -8.53773e-006 1.70748e-006 -8.53774e-006 -4.95189e-005 43.9326 -40.7464 38.4235 -179.912 -5.40786 -89.0652 -14.5219 19.9176 59.2372 -71.9107 -2.38542e-015 5.56597e-015 26.1704 -66.2381 20.0636 -179.235 2.52801 73.1554 -20.8198 -3.79144 -54.9214 -43.6934 0 3.18055e-015 2.48708 70.4819 5.45981 -11.9432 20.2255 -175.717 -26.8079 -3.18055e-015 7.95139e-016 12.924 2.8136 3.44867 90 -1.98785e-016 -6.36111e-015 -25.3431 -12.2605 160.643 -43.8496 -6.36111e-015 -0 -12.3576 32.324 15.4344 90 7.95139e-016 -4.77083e-015 
-170.116 87.6642 -88.7414 -85.431 49.6284 176.257 11.2428 -6.89602 5.04062 7.39856 1.70754e-006 5.12264e-006 -5.12265e-006 1.70755e-006 -8.53773e-006 1.70748e-006 -8.53774e-006 -4.95189e-005 43.685 -41.0933 37.7765 -179.836 -5.9455 -88.4162 -15.7929 21.9656 61.1561 -68.3392 -7.95139e-016 1.19271e-015 28.1987 -64.4607 21.0665 -179.357 2.17451 73.5185 -21.7078 -3.80307 -53.8103 -40.3403 0 -3.18055e-015 13.4878 71.6806 -5.45796 -12.4147 20.7089 -175.329 -26.735 3.18055e-015 -7.95139e-016 12.4094 2.41189 3.35569 90 -1.98785e-016 9.54166e-015 -22.9674 -13.6954 159.819 -41.4933 3.18056e-015 -8.34896e-015 -10.4305 35.139 13.4476 90 3.18055e-015 -0 
-171.274 87.5727 -88.4198 -85.332 51.0703 176.659 10.6377 -5.17648 4.47295 7.27613 1.70754e-006 5.12264e-006 -5.12265e-006 1.70755e-006 -8.53773e-006 1.70748e-006 -8.53774e-006 -4.95189e-005 43.3077 -41.3409 37.1528 -179.772 -6.19717 -87.8896 -16.2041 23.2819 62.6765 -64.8326 0 2.78299e-015 28.4862 -61.7696 20.6069 -179.484 1.78754 73.884 -22.5697 -3.96369 -52.8835 -37.1521 1.27222e-014 -0 23.7 72.5116 -15.5865 -12.9526 21.2646 -174.875 -26.9903 -6.36111e-015 -0 12.0705 1.84461 3.06195 90 7.95139e-016 -3.18055e-015 -21.1984 -15.4078 159.08 -39.6376 -3.18056e-015 1.98785e-015 -7.63965 36.4028 11.3656 90 1.59028e-015 -3.18055e-015 
-172.544 87.4256 -87.9623 -85.2025 52.5276 177.059 10.1389 -3.70846 3.80666 7.17785 1.70754e-006 5.12264e-006 -5.12265e-006 1.70755e-006 -8.53773e-006 1.70748e-006 -8.53774e-006 -4.95189e-005 42.7307 -41.3804 36.2377 -179.699 -6.42126 -87.3079 -15.5905 24.0304 63.4855 -61.6477 -7.95139e-016 -4.77083e-015 27.867 -58.8884 19.3876 -179.608 1.39256 74.2841 -23.3019 -3.74211 -52.3717 -34.2002 -3.18055e-015 -3.18055e-015 27.7022 72.3701 -19.1549 -13.6641 21.7929 -174.234 -27.589 0 7.95139e-016 11.8729 1.3564 2.83953 90 0 3.18055e-015 -18.7197 -16.8278 158.842 -36.6888 -3.18056e-015 2.78299e-015 -5.50222 35.0063 16.5115 90 7.95139e-016 3.18055e-015 
-173.987 87.2699 -87.3925 -85.1545 53.9596 177.165 9.76197 -2.42156 3.51827 7.03226 1.70754e-006 5.12264e-006 -5.12265e-006 1.70755e-006 -8.53773e-006 1.70748e-006 -8.53774e-006 -4.95189e-005 42.2301 -41.2412 35.1781 -179.603 -6.69608 -86.6003 -14.2071 24.0289 63.5913 -58.4408 -1.59028e-015 3.97569e-016 27.248 -57.1457 18.4513 -179.718 1.03145 74.7025 -23.4993 -3.13679 -52.1818 -32.0202 -3.18055e-015 -3.18055e-015 25.4264 71.4931 -16.1677 -14.7854 22.0491 -173.035 -28.5246 6.36111e-015 2.38542e-015 11.7712 0.650239 2.69695 90 0 3.18055e-015 -15.7521 -18.0041 159.979 -31.9113 -1.59028e-015 -1.98785e-015 -2.65225 31.7978 19.5343 90 -7.95139e-016 -0 
-175.504 87.2094 -86.7588 -84.7827 55.3305 176.65 9.70431 -1.27531 3.73738 6.92136 1.70754e-006 5.12264e-006 -5.12265e-006 1.70755e-006 -8.53773e-006 1.70748e-006 -8.53774e-006 -4.95189e-005 41.7696 -41.056 34.0231 -179.479 -6.93398 -85.6882 -12.2569 23.1065 63.1595 -55.0806 3.18055e-015 -3.97569e-016 26.7924 -56.6199 17.57 -179.807 0.724222 75.0836 -22.9975 -2.24242 -52.057 -30.7597 -9.54166e-015 -6.36111e-015 21.4696 71.4782 -11.8752 -15.5675 21.9324 -171.558 -28.9585 -6.36111e-015 -3.97569e-015 11.3739 -0.416456 2.35164 90 3.97569e-016 1.27222e-014 -13.3907 -18.7651 162.227 -28.1457 1.59028e-015 -1.98785e-015 1.24275 30.7479 15.3819 90 -3.97569e-016 3.18055e-015 
-177.017 87.247 -86.1254 -84.3972 56.6541 176.092 9.62212 -0.541221 4.05419 6.90448 1.70754e-006 5.12264e-006 -5.12265e-006 1.70755e-006 -8.53773e-006 1.70748e-006 -8.53774e-006 -4.95189e-005 41.3314 -40.6015 32.6616 -179.397 -7.07019 -85.1147 -9.56113 21.423 62.9289 -51.9084 -1.59028e-015 -1.59028e-015 25.8812 -56.1531 15.95 -179.898 0.390501 75.3621 -22.2317 -1.33661 -51.866 -30.2598 3.18055e-015 3.18055e-015 18.9488 72.7926 -9.59861 -16.0593 21.9279 -170.154 -28.8956 -1.27222e-014 7.95139e-016 10.7367 -1.31622 2.34575 90 1.59028e-015 -3.18055e-015 -11.6502 -18.3314 164.618 -25.6326 0 3.97569e-016 3.48412 31.3187 12.4921 90 -9.93923e-017 -3.18055e-015 
-178.515 87.309 -85.468 -84.2763 57.5743 175.797 9.40044 -0.648194 4.35185 6.85799 1.70754e-006 5.12264e-006 -5.12265e-006 1.70755e-006 -8.53773e-006 1.70748e-006 -8.53774e-006 -4.95189e-005 40.6213 -39.488 30.8166 -179.38 -7.16989 -85.0488 -6.62212 19.6806 63.0194 -49.4096 6.36111e-015 -3.97569e-016 24.6805 -56.1166 13.9853 -179.933 0.262659 75.6095 -22.0472 -0.681503 -51.6769 -30.3622 3.18055e-015 3.18055e-015 20.7234 73.8926 -11.6076 -16.4441 21.8669 -168.878 -28.4786 0 -1.59028e-015 9.92664 -1.88395 2.31104 90 7.95139e-016 -0 -10.2848 -17.6815 166.774 -23.7767 1.59028e-015 3.97569e-016 5.23855 32.053 10.1406 90 2.48481e-017 -6.36111e-015 
-180.033 87.3635 -84.7651 -84.2411 57.9844 175.366 9.19958 -1.27545 4.92334 6.80686 1.70754e-006 5.12264e-006 -5.12265e-006 1.70755e-006 -8.53773e-006 1.70748e-006 -8.53774e-006 -4.95189e-005 40.1368 -38.5228 29.2207 -179.381 -7.11162 -85.0093 -4.60696 18.503 62.7669 -47.9751 3.18055e-015 6.36111e-015 23.8294 -56.8427 12.8552 -179.911 0.345997 75.6196 -22.1413 -0.406739 -51.1927 -31.1604 6.36111e-015 -0 21.8651 74.247 -12.963 -16.9513 21.7091 -167.35 -27.9752 6.36111e-015 -0 9.01354 -2.04625 2.09008 90 1.59028e-015 -3.18055e-015 -9.43431 -17.5361 168.605 -23.0896 3.18056e-015 1.19271e-015 6.74354 31.5518 8.43017 90 1.97159e-020 3.18055e-015 
-181.564 87.4394 -84.0786 -84.3107 58.141 174.735 9.1155 -1.92789 5.90186 6.72129 1.70754e-006 5.12264e-006 -5.12265e-006 1.70755e-006 -8.53773e-006 1.70748e-006 -8.53774e-006 -4.95189e-005 39.4956 -37.6112 27.6963 -179.344 -6.99445 -84.6318 -3.97225 17.7573 61.8586 -47.5386 -3.18055e-015 -6.95746e-015 23.8547 -57.3051 12.9187 -179.891 0.420023 75.4503 -22.1855 -0.624892 -50.4278 -32.4492 6.36111e-015 3.18055e-015 21.9735 74.2606 -13.5241 -17.5947 21.5287 -165.532 -27.2817 1.27222e-014 3.18055e-015 7.92327 -2.23722 1.73179 90 -1.59028e-015 -3.18055e-015 -9.08266 -18.2582 170.391 -23.0585 -1.59028e-015 -2.78299e-015 7.79667 30.5631 7.04364 90 -1.94126e-019 -3.18055e-015 
-183.009 87.5101 -83.4749 -84.2691 58.5752 174.308 9.10249 -2.04692 6.51186 6.69674 1.70754e-006 5.12264e-006 -5.12265e-006 1.70755e-006 -8.53773e-006 1.70748e-006 -8.53774e-006 -4.95189e-005 39.1281 -36.9274 26.7819 -179.34 -6.85695 -84.4894 -4.35805 17.0073 60.9749 -47.8037 6.36111e-015 -3.37934e-015 23.8024 -57.0684 13.1873 -179.881 0.453224 75.2806 -22.1037 -1.09511 -49.6584 -33.7216 -6.36111e-015 -0 22.0221 74.5382 -14.0878 -17.921 21.4971 -164.189 -26.3694 0 -0 6.72906 -2.75996 1.6908 90 7.95139e-016 9.54166e-015 -8.83991 -18.0644 172.001 -23.1826 0 7.95139e-016 8.73802 30.4113 5.75019 90 -2.42657e-019 -0 
-184.356 87.5561 -82.9213 -84.1053 59.1636 174.166 9.14017 -2.05831 6.57442 6.71955 1.70754e-006 5.12264e-006 -5.12265e-006 1.70755e-006 -8.53773e-006 1.70748e-006 -8.53774e-006 -4.95189e-005 38.8379 -36.0618 26.1788 -179.373 -6.70122 -84.6437 -4.44223 16.1293 60.2438 -48.9813 4.77083e-015 7.95139e-016 23.5733 -56.7286 13.0888 -179.905 0.35695 75.1117 -22.133 -1.60512 -49.0098 -34.4279 -3.18055e-015 -9.54166e-015 22.3518 74.8451 -14.833 -17.7695 21.4717 -163.41 -25.2217 6.36111e-015 3.18055e-015 5.51208 -3.35113 1.81673 90 3.18055e-015 -3.18055e-015 -8.89191 -17.4198 173.148 -23.6702 1.59028e-015 1.59028e-015 9.74276 30.5757 4.53806 90 -8.73565e-019 3.18055e-015 
-185.624 87.5841 -82.4203 -83.6908 59.6947 173.969 9.36469 -2.20712 6.42791 6.76371 1.70754e-006 5.12264e-006 -5.12265e-006 1.70755e-006 -8.53773e-006 1.70748e-006 -8.53774e-006 -4.95189e-005 38.394 -35.1315 25.4179 -179.415 -6.53359 -84.8762 -4.23057 15.143 59.5701 -50.7433 3.18055e-015 -3.97569e-015 22.6109 -57.3531 12.538 -179.936 0.239452 75.0171 -22.4241 -1.81224 -48.5303 -34.2593 -3.18055e-015 -0 23.0437 74.6727 -15.575 -17.2993 21.3658 -162.873 -24.0233 0 -1.59028e-015 4.40368 -3.42697 2.24495 90 -3.18055e-015 6.36111e-015 -8.95006 -16.9594 173.993 -24.2365 0 -1.19271e-015 10.7313 30.5347 3.39155 90 -3.63986e-020 -6.36111e-015 
-186.827 87.62 -81.9371 -83.1981 60.0244 173.783 9.61055 -2.55333 6.18906 6.85307 1.70754e-006 5.12264e-006 -5.12265e-006 1.70755e-006 -8.53773e-006 1.70748e-006 -8.53774e-006 -4.95189e-005 37.988 -34.3791 24.6183 -179.431 -6.49903 -84.9812 -4.12472 13.9604 58.7636 -52.6776 0 -1.19271e-015 21.4705 -58.4606 12.0981 -179.947 0.195185 74.8906 -22.812 -1.71536 -48.1876 -33.3722 -9.54166e-015 -3.18055e-015 22.7633 74.4219 -15.0157 -16.8051 21.0126 -162.597 -23.0959 6.36111e-015 3.18055e-015 3.47962 -3.63436 3.58302 90 -1.59028e-015 -6.36111e-015 -8.8876 -16.7914 174.673 -24.6364 1.59028e-015 -3.97569e-016 11.6176 30.3532 2.31273 90 2.27491e-021 -0 
-187.956 87.6832 -81.5062 -82.8356 60.2027 173.709 9.78987 -2.87859 6.02019 6.9069 1.70754e-006 5.12264e-006 -5.12265e-006 1.70755e-006 -8.53773e-006 1.70748e-006 -8.53774e-006 -4.95189e-005 37.6208 -33.6408 23.7684 -179.444 -6.41529 -85.0394 -4.20771 12.6085 58.0863 -54.565 3.18055e-015 4.77083e-015 20.0217 -59.3616 11.1951 -179.951 0.184749 75.0498 -22.8839 -1.28287 -48.3291 -32.0092 -3.18055e-015 3.18055e-015 22.3097 74.1839 -14.263 -16.6272 20.2519 -162.598 -22.7962 -6.36111e-015 3.18055e-015 2.82114 -4.4812 6.4893 90 -6.36111e-015 3.18055e-015 -8.70073 -16.7383 175.33 -24.6877 -3.18056e-015 3.97569e-016 12.2795 30.2302 1.3091 90 1.51661e-021 3.18055e-015 
-188.997 87.7637 -81.1369 -82.5266 60.4505 173.553 9.93077 -2.91471 6.08678 6.93236 1.70754e-006 5.12264e-006 -5.12265e-006 1.70755e-006 -8.53773e-006 1.70748e-006 -8.53774e-006 -4.95189e-005 37.184 -33.0793 22.8142 -179.475 -6.21629 -85.1584 -4.30455 11.1433 57.791 -56.4769 -1.59028e-015 3.18055e-015 18.7421 -59.8535 10.2413 -179.951 0.18957 75.4835 -22.5861 -0.804942 -48.7865 -30.6742 -6.36111e-015 -3.18055e-015 21.045 74.2575 -12.6612 -17.1865 18.5777 -162.352 -24.0141 0 3.18055e-015 1.82952 -6.09002 8.41546 90 -3.18055e-015 -6.36111e-015 -8.32155 -16.2996 176.189 -24.3686 -1.59028e-015 -3.97569e-016 12.6832 30.3914 0.381204 90 -2.88155e-020 3.18055e-015 
-189.951 87.8171 -80.8122 -82.1049 60.8591 173.175 10.1348 -2.74256 6.31735 6.99292 1.70754e-006 5.12264e-006 -5.12265e-006 1.70755e-006 -8.53773e-006 1.70748e-006 -8.53774e-006 -4.95189e-005 36.573 -32.6045 21.6807 -179.499 -6.09027 -85.2914 -4.49792 9.7878 57.7579 -58.5445 1.59028e-015 -7.95139e-015 18.0507 -60.2295 9.68805 -179.957 0.171439 75.9088 -22.2474 -0.613856 -49.1615 -29.7203 -3.18055e-015 -3.18055e-015 20.4114 74.5126 -11.7304 -18.3032 16.6953 -161.824 -26.3028 0 -1.59028e-015 0.504483 -8.11378 8.99625 90 -6.36111e-015 6.36111e-015 -7.90044 -15.8086 177.079 -24.0225 -1.59028e-015 3.97569e-016 12.9877 30.3906 -0.451795 90 1.09196e-019 -0 
-190.803 87.8495 -80.5246 -81.5392 61.4489 172.654 10.423 -2.47662 6.56585 7.06358 1.70754e-006 5.12264e-006 -5.12265e-006 1.70755e-006 -8.53773e-006 1.70748e-006 -8.53774e-006 -4.95189e-005 35.8421 -32.1094 20.3339 -179.507 -6.09636 -85.3693 -4.9106 8.84304 57.7919 -60.7746 6.36111e-015 -3.18055e-015 17.1201 -60.7057 9.09521 -179.958 0.171789 76.1986 -22.1668 -0.757646 -49.2823 -29.1046 -3.18055e-015 -3.18055e-015 20.7754 74.6033 -11.9334 -19.5113 14.9326 -161.456 -28.8706 6.36111e-015 3.18055e-015 -0.825434 -10.6102 10.1741 90 -6.36111e-015 6.36111e-015 -7.51081 -15.3709 177.86 -23.7503 0 -0 13.2505 30.1228 -1.19265 90 1.65007e-018 -0 
-191.551 87.8797 -80.2817 -80.9394 62.1428 171.997 10.793 -2.23537 6.9566 7.13729 1.70754e-006 5.12264e-006 -5.12265e-006 1.70755e-006 -8.53773e-006 1.70748e-006 -8.53774e-006 -4.95189e-005 35.0461 -31.5347 18.7893 -179.502 -6.18696 -85.3925 -5.43881 8.33049 57.9366 -63.0553 4.77083e-015 3.97569e-015 16.2853 -61.2236 8.59664 -179.95 0.20782 76.4929 -22.1883 -0.974754 -49.3294 -28.8633 -6.36111e-015 -6.36111e-015 20.7863 74.4264 -11.8002 -20.4493 12.7958 -161.522 -31.1545 9.54166e-015 1.59028e-015 -2.01267 -13.6468 12.5486 90 6.36111e-015 -0 -7.06289 -14.8463 178.681 -23.3468 0 -0 13.3635 29.81 -1.83513 90 2.91188e-019 -0 
-192.156 87.9472 -80.089 -80.4217 62.9008 171.468 11.1356 -2.03261 7.31919 7.20195 1.70754e-006 5.12264e-006 -5.12265e-006 1.70755e-006 -8.53773e-006 1.70748e-006 -8.53774e-006 -4.95189e-005 34.3368 -30.728 17.2078 -179.488 -6.22432 -85.287 -6.05425 8.41058 58.051 -65.378 1.59028e-015 -3.18055e-015 15.8532 -61.379 8.49167 -179.941 0.251092 76.7476 -22.1581 -1.39501 -49.2933 -29.0246 0 -0 21.1373 74.2157 -12.2691 -21.1236 11.1279 -162.07 -33.2284 0 1.59028e-015 -1.98606 -13.2621 13.9595 90 -9.54166e-015 -0 -6.58644 -14.3942 179.319 -22.7229 1.59028e-015 -1.59028e-015 13.2802 29.2977 -2.33007 90 2.13538e-018 3.18055e-015 
-192.602 88.0725 -79.9016 -80.1157 63.7657 171.31 11.3416 -1.90651 7.42996 7.23615 1.70754e-006 5.12264e-006 -5.12265e-006 1.70755e-006 -8.53773e-006 1.70748e-006 -8.53774e-006 -4.95189e-005 33.9105 -29.8258 15.7982 -179.447 -6.36074 -85.0251 -6.84403 8.92924 58.1119 -67.4033 -2.38542e-015 -2.38542e-015 15.7116 -61.4242 8.62486 -179.935 0.272568 76.6949 -22.0042 -1.96655 -48.995 -29.4027 -3.18055e-015 -6.36111e-015 22.1256 74.245 -13.3694 -21.6773 9.41939 -163.425 -35.8436 -3.18055e-015 3.18055e-015 -0.0725852 -6.81301 13.0217 90 3.18055e-015 -0 -6.13926 -14.1427 179.618 -21.8738 1.59028e-015 -0 13.0213 28.4142 -2.66405 90 -4.07664e-018 -0 
-192.883 88.2104 -79.6708 -79.6221 64.8304 171.123 11.5419 -1.61889 7.31872 7.27108 1.70754e-006 5.12264e-006 -5.12265e-006 1.70755e-006 -8.53773e-006 1.70748e-006 -8.53774e-006 -4.95189e-005 33.5654 -28.758 14.4757 -179.416 -6.45735 -84.8176 -7.83714 9.78254 58.3633 -68.7828 1.11319e-014 3.18055e-015 16.0797 -61.4001 9.18413 -179.91 0.378963 76.6574 -21.7514 -2.40052 -48.8252 -29.7189 -3.18055e-015 -3.18055e-015 22.1964 74.2118 -13.5406 -22.011 8.23774 -165.374 -37.5079 3.18055e-015 1.59028e-015 1.13388 -1.9267 11.6515 90 1.59028e-015 -0 -5.7035 -13.673 179.684 -21.1107 1.59028e-015 1.59028e-015 12.7743 27.6623 -2.88954 90 1.04828e-017 -3.18055e-015 
-193.048 88.2962 -79.35 -78.9088 66.0575 170.569 11.7409 -1.17823 7.3163 7.30869 1.70754e-006 5.12264e-006 -5.12265e-006 1.70755e-006 -8.53773e-006 1.70748e-006 -8.53774e-006 -4.95189e-005 33.1962 -27.7725 13.1147 -179.405 -6.52326 -84.7758 -8.96299 10.9411 58.95 -69.4896 -6.36111e-015 6.36111e-015 16.7605 -61.2967 9.98324 -179.882 0.503014 76.8685 -21.4044 -2.66745 -49.0157 -29.9059 6.36111e-015 3.18055e-015 22.3248 74.258 -13.643 -22.5085 8.03356 -167.209 -38.2759 0 1.59028e-015 1.44564 -0.348505 11.3143 90 1.59028e-015 6.36111e-015 -5.25078 -12.9184 179.877 -20.5724 -1.59028e-015 -1.59028e-015 12.6548 27.0966 -3.06056 90 -7.37678e-018 -6.36111e-015 
-193.128 88.353 -78.9489 -78.2711 67.3669 169.881 11.8385 -0.76951 7.45661 7.3877 1.70754e-006 5.12264e-006 -5.12265e-006 1.70755e-006 -8.53773e-006 1.70748e-006 -8.53774e-006 -4.95189e-005 32.727 -26.7296 11.7036 -179.368 -6.70692 -84.6003 -10.1486 12.2646 59.5257 -69.6563 2.38542e-015 -5.36719e-015 17.693 -60.7438 10.7789 -179.878 0.530846 77.1056 -21.0523 -2.88716 -49.3014 -29.8756 3.18055e-015 -0 22.6457 74.3677 -13.9507 -22.965 8.40139 -168.89 -37.6611 -6.36111e-015 -3.18055e-015 1.16099 0.363307 11.235 90 3.18055e-015 -0 -4.75119 -12.2029 -179.794 -20.0214 -3.18056e-015 -3.97569e-016 12.5617 26.4458 -3.1589 90 3.49426e-018 3.18055e-015 
-193.15 88.3852 -78.4774 -77.7667 68.6486 169.163 11.888 -0.416122 7.68579 7.45649 1.70754e-006 5.12264e-006 -5.12265e-006 1.70755e-006 -8.53773e-006 1.70748e-006 -8.53774e-006 -4.95189e-005 32.3123 -25.6895 10.4561 -179.312 -6.86733 -84.2674 -11.293 13.6696 59.9929 -69.1688 -1.19271e-015 -9.93923e-017 18.6193 -60.0854 11.663 -179.862 0.609594 77.2743 -20.9786 -3.23433 -49.5505 -29.7325 9.54166e-015 6.36111e-015 22.6907 74.4084 -13.9094 -23.1673 9.06751 -170.529 -35.2172 0 -0 0.0520192 1.3963 11.0454 90 3.18055e-015 -0 -4.22092 -11.8848 -179.422 -19.4668 1.59028e-015 1.19271e-015 12.5009 25.3878 -3.18136 90 2.32951e-018 6.36111e-015 
-193.131 88.3879 -77.9573 -77.5016 70.0329 168.507 11.8518 0.0117035 7.98477 7.48746 1.70754e-006 5.12264e-006 -5.12265e-006 1.70755e-006 -8.53773e-006 1.70748e-006 -8.53774e-006 -4.95189e-005 31.9073 -24.4772 9.23672 -179.265 -7.0165 -84.0064 -12.3401 14.9808 60.6478 -68.0316 -3.97569e-015 -1.59028e-015 19.5702 -59.3965 12.3118 -179.85 0.677296 77.5164 -20.9536 -3.48309 -49.9656 -29.4721 -9.54166e-015 -0 22.1657 74.1945 -13.2565 -22.901 10.078 -172.077 -30.5396 -6.36111e-015 3.97569e-016 -2.3406 2.94028 10.4421 90 -7.95139e-016 -3.18055e-015 -3.7813 -11.286 -178.884 -18.9358 1.59028e-015 5.96354e-016 12.4634 24.5924 -3.18219 90 -3.88251e-018 3.18055e-015 
-193.041 88.3586 -77.3103 -76.9981 71.4295 167.512 11.8457 0.351608 8.28156 7.52694 1.70754e-006 5.12264e-006 -5.12265e-006 1.70755e-006 -8.53773e-006 1.70748e-006 -8.53774e-006 -4.95189e-005 31.5879 -23.0531 8.07423 -179.218 -7.17536 -83.7629 -13.005 16.1244 61.3653 -66.3679 1.19271e-015 -4.57205e-015 20.6931 -58.3609 13.0863 -179.854 0.668839 77.7133 -20.8917 -3.61491 -50.4262 -29.1069 3.18055e-015 -3.18055e-015 22.1849 74.0698 -13.2347 -22.1585 11.1832 -173.528 -24.7332 -3.18055e-015 1.49089e-015 -4.71453 5.37281 9.66938 90 1.19271e-015 -0 -3.21678 -10.7082 -178.291 -18.4999 1.59028e-015 1.98785e-016 12.5492 23.7301 -3.12314 90 -7.76503e-019 -0 
-192.93 88.2818 -76.554 -76.4639 72.9901 166.339 11.786 0.709505 8.55043 7.57545 1.70754e-006 5.12264e-006 -5.12265e-006 1.70755e-006 -8.53773e-006 1.70748e-006 -8.53774e-006 -4.95189e-005 31.2435 -21.5166 6.95414 -179.158 -7.38881 -83.487 -13.2882 17.0662 61.9603 -64.2055 -6.75868e-015 4.57205e-015 21.8054 -57.3076 13.8337 -179.85 0.690756 77.7935 -21.0183 -3.82232 -50.8301 -28.9306 -9.54166e-015 -0 22.2317 73.9232 -13.2149 -22.0846 12.3914 -174.495 -20.3694 0 -7.95139e-016 -4.50665 7.08841 8.82904 90 1.19271e-015 3.18055e-015 -2.81597 -9.96278 -177.61 -18.4573 0 1.98785e-016 12.8941 22.9016 -2.82075 90 3.10601e-017 3.18055e-015 
-192.762 88.1409 -75.6613 -75.7036 74.7256 164.837 11.6737 1.10259 8.76228 7.61009 1.70754e-006 5.12264e-006 -5.12265e-006 1.70755e-006 -8.53773e-006 1.70748e-006 -8.53774e-006 -4.95189e-005 30.8591 -19.806 5.81793 -179.074 -7.67532 -83.0961 -13.1856 17.8379 62.3143 -61.7647 4.77083e-015 -2.78299e-015 22.6393 -56.4872 14.2913 -179.844 0.721876 77.8409 -21.1598 -4.0248 -51.2746 -28.982 3.18055e-015 -0 22.0382 73.6856 -12.8916 -21.9842 13.2028 -175.128 -16.1862 6.36111e-015 -0 -4.59069 7.25839 7.46056 90 -1.98785e-016 3.18055e-015 -2.59014 -9.25815 -176.952 -18.9296 0 1.98785e-016 13.5544 21.8303 -2.29126 90 8.69683e-017 -6.36111e-015 
-192.548 87.9647 -74.6511 -74.564 76.7144 162.949 11.4989 1.52765 8.79808 7.64723 1.70754e-006 5.12264e-006 -5.12265e-006 1.70755e-006 -8.53773e-006 1.70748e-006 -8.53774e-006 -4.95189e-005 30.4505 -18.2211 4.61407 -178.946 -8.11288 -82.5712 -12.7224 18.292 62.3514 -58.8807 7.95139e-016 -2.38542e-015 22.7989 -56.0239 14.1943 -179.85 0.699163 77.8637 -21.3845 -4.25849 -51.7652 -29.2361 3.18055e-015 -7.95139e-015 22.516 73.6062 -13.4254 -21.8961 13.6572 -175.465 -12.7174 0 -0 -4.04724 6.84125 7.11055 90 3.97569e-016 -3.18055e-015 -2.40237 -8.38884 -176.324 -19.4936 -7.95139e-016 -3.97569e-016 14.3059 20.6876 -1.83143 90 -4.96962e-017 -0 
-192.247 87.7615 -73.4867 -72.1024 78.7943 159.808 11.3603 1.92545 8.63529 7.69358 1.70754e-006 5.12264e-006 -5.12265e-006 1.70755e-006 -8.53773e-006 1.70748e-006 -8.53774e-006 -4.95189e-005 30.1938 -16.1584 3.37166 -178.81 -8.54976 -82.0433 -11.7733 18.3383 62.259 -55.6999 -2.38542e-015 5.1684e-015 23.1124 -55.8665 13.9665 -179.872 0.604662 78.0115 -21.554 -4.42158 -52.4605 -29.5989 -3.18055e-015 -0 22.5496 73.4523 -13.4502 -21.5468 12.952 -175.63 -10.2666 -6.36111e-015 -7.95139e-016 -3.11296 7.18822 6.19828 90 -7.95139e-016 -6.36111e-015 -2.1265 -7.4473 -175.85 -20.2743 -3.97569e-016 4.96962e-016 15.2287 19.4847 -1.2317 90 -3.10601e-016 3.18055e-015 
-191.903 87.527 -72.1698 -67.9163 80.5542 155.056 11.3304 2.07113 8.22666 7.75167 1.70754e-006 5.12264e-006 -5.12265e-006 1.70755e-006 -8.53773e-006 1.70748e-006 -8.53774e-006 -4.95189e-005 29.9783 -14.0888 2.40193 -178.735 -8.77889 -81.7641 -10.4302 17.8748 62.2342 -52.0858 0 -1.19271e-015 23.0211 -55.753 13.3461 -179.879 0.578261 78.1819 -21.7644 -4.62945 -53.247 -30.2101 0 6.36111e-015 23.0674 73.2278 -13.964 -20.8296 10.2769 -175.808 -9.25227 0 -7.95139e-016 -2.29088 8.91693 5.41899 90 -7.95139e-016 -1.59028e-015 -1.41745 -6.43789 -175.403 -20.7 -7.95139e-016 9.93923e-017 16.1073 18.6266 -1.23262 90 -2.23633e-016 3.18055e-015 
-191.476 87.2528 -70.6403 -60.6656 82.0398 147.358 11.3335 2.18546 7.65388 7.81317 1.70754e-006 5.12264e-006 -5.12265e-006 1.70755e-006 -8.53773e-006 1.70748e-006 -8.53774e-006 -4.95189e-005 29.8447 -12.1003 1.50325 -178.702 -8.67949 -81.4606 -8.81759 17.1888 62.0165 -48.2519 -3.97569e-015 3.57812e-015 22.4789 -56.0135 12.3628 -179.89 0.539593 78.4549 -21.645 -4.78523 -54.21 -30.9175 -3.18055e-015 -1.59028e-015 23.441 72.9844 -14.4503 -20.2375 7.14692 -175.779 -10.7303 0 -1.19271e-015 -2.61286 10.6389 4.93162 90 5.96354e-016 -0 -0.405859 -5.22841 -175.104 -21.2232 -3.97569e-016 9.93923e-017 17.1909 18.029 -1.27339 90 4.34841e-017 -9.54166e-015 
-190.918 87.0358 -69.0493 -52.0388 83.2504 138.851 11.3134 2.0716 6.38507 7.77053 1.70754e-006 5.12264e-006 -5.12265e-006 1.70755e-006 -8.53773e-006 1.70748e-006 -8.53774e-006 -4.95189e-005 29.7579 -10.0245 0.825485 -178.631 -8.65396 -80.9742 -7.33925 16.0064 61.3828 -44.4194 7.95139e-016 -4.17448e-015 22.5413 -56.0615 11.6789 -179.91 0.439336 78.4106 -21.4621 -5.19528 -54.8871 -31.7026 6.36111e-015 3.18055e-015 23.7155 72.9488 -14.9181 -19.8027 5.94714 -175.9 -11.7319 -1.59028e-015 1.19271e-015 -6.16834 10.0017 5.39746 90 -1.49089e-015 -0 0.569239 -4.15545 -175.499 -21.6327 -3.97569e-016 -1.98785e-016 18.2575 17.5451 -1.34901 90 -3.41661e-017 6.36111e-015 
-190.282 86.9323 -67.4511 -40.7733 84.0735 128.262 11.4421 2.18763 4.51084 7.72485 1.70754e-006 5.12264e-006 -5.12265e-006 1.70755e-006 -8.53773e-006 1.70748e-006 -8.53774e-006 -4.95189e-005 29.5141 -8.25528 0.528332 -178.651 -8.3613 -80.7987 -6.15023 14.2533 60.8786 -40.7989 0 -7.05686e-015 22.2737 -55.7613 10.4569 -179.912 0.439599 78.7093 -20.8962 -5.29634 -56.0342 -32.4415 -3.18055e-015 -3.18055e-015 23.7256 72.8742 -14.9763 -20.1566 7.50188 -175.775 -14.6973 -1.59028e-015 3.97569e-016 -6.56375 7.61699 5.19399 90 1.14301e-015 -7.95139e-016 1.59747 -2.82277 -176.454 -22.0112 0 -1.98785e-016 19.3291 17.9775 -1.007 90 5.43552e-018 -0 
-189.583 86.8619 -65.8374 -28.5642 84.572 116.778 11.4757 2.35524 2.68249 7.68344 1.70754e-006 5.12264e-006 -5.12265e-006 1.70755e-006 -8.53773e-006 1.70748e-006 -8.53774e-006 -4.95189e-005 29.2656 -6.69093 0.234586 -178.762 -7.79492 -80.9444 -4.80268 12.3618 60.7014 -38.1623 -2.38542e-015 -3.47873e-015 21.7814 -55.31 8.84976 -179.942 0.309954 79.4726 -20.1032 -5.38951 -57.5463 -33.202 -1.27222e-014 -1.59028e-015 24.0923 72.8273 -15.2923 -20.3088 9.42204 -176.021 -17.6579 -3.18055e-015 -1.19271e-015 -5.43912 8.75717 5.87803 90 -9.69075e-016 -7.95139e-016 2.8552 -2.15344 -177.57 -21.9543 -1.49089e-016 2.48481e-017 20.1751 18.2728 -0.610066 90 3.88251e-019 -3.18055e-015 
-188.818 86.8488 -64.2644 -17.1066 84.9964 105.65 11.2583 2.38417 1.49908 7.56058 1.70754e-006 5.12264e-006 -5.12265e-006 1.70755e-006 -8.53773e-006 1.70748e-006 -8.53774e-006 -4.95189e-005 29.1814 -5.01844 -0.386656 -178.75 -7.64254 -80.6795 -4.33924 10.5845 60.2786 -36.4881 -3.97569e-016 5.76476e-015 20.496 -56.0367 7.20179 -179.979 0.118272 79.989 -19.5541 -5.82321 -58.3743 -34.0516 3.18055e-015 4.77083e-015 24.8027 72.818 -16.0295 -19.9304 9.61311 -176.61 -19.3912 1.59028e-015 -0 -4.08233 7.52405 7.35188 90 7.95139e-016 -0 4.31748 -2.51625 -178.411 -20.9941 -1.98785e-016 -4.96962e-017 20.423 18.3147 -0.0805326 90 0 -3.18055e-015 
-188.001 86.9803 -62.7495 -3.80217 85.2914 92.3897 10.9102 2.39998 0.765802 7.47015 1.70754e-006 5.12264e-006 -5.12265e-006 1.70755e-006 -8.53773e-006 1.70748e-006 -8.53774e-006 -4.95189e-005 29.3207 -3.20921 -1.01655 -178.613 -7.97651 -80.1049 -5.03963 8.79007 59.7144 -35.5394 -7.95139e-016 -3.18055e-015 18.9693 -57.5165 5.80235 -179.991 0.0485534 79.9659 -19.4996 -6.36954 -58.2336 -34.7937 6.36111e-015 1.59028e-015 25.5046 72.6821 -16.7844 -19.4762 9.60249 -176.958 -20.7785 -4.77083e-015 3.97569e-016 -2.51357 6.22089 7.96126 90 8.16881e-016 7.95139e-016 2.74532 -3.06847 -179.383 -25.3954 7.95139e-016 1.98785e-016 20.3231 17.9435 1.61837 90 0 3.18055e-015 
-187.19 87.2397 -61.2703 9.81484 85.2837 78.7455 10.5315 2.33022 0.0741366 7.46794 1.70754e-006 5.12264e-006 -5.12265e-006 1.70755e-006 -8.53773e-006 1.70748e-006 -8.53774e-006 -4.95189e-005 29.6613 -1.50334 -1.28678 -178.568 -8.23001 -80.0967 -6.03136 7.10671 59.7731 -35.5025 1.59028e-015 -6.16232e-015 17.4752 -58.1897 4.30501 -179.996 0.0215342 79.8495 -19.4418 -6.56837 -57.9509 -35.2898 9.54166e-015 1.59028e-015 25.4326 72.1672 -16.7621 -18.5184 9.90352 -177.218 -21.2205 1.59028e-015 -4.96962e-017 -1.29417 5.52645 8.03336 90 -5.7733e-016 7.95139e-016 0.735692 -3.38873 179.516 -30.4109 1.59028e-015 3.97569e-016 19.1778 17.3199 3.79832 90 0 3.18055e-015 
-186.429 87.5223 -59.8777 22.1525 85.0693 66.3619 10.1656 2.16954 -0.704645 7.45849 1.70754e-006 5.12264e-006 -5.12265e-006 1.70755e-006 -8.53773e-006 1.70748e-006 -8.53774e-006 -4.95189e-005 29.9824 0.608473 -1.05911 -178.695 -8.06133 -80.7715 -7.0549 5.88989 60.3717 -36.5961 -7.95139e-016 -1.59028e-015 15.935 -58.9994 3.10101 -179.994 0.0312774 80.0092 -19.0003 -6.14313 -58.0897 -35.7301 3.18055e-015 -1.59028e-015 24.6482 71.793 -15.9433 -17.318 10.3278 -177.45 -21.0194 3.18055e-015 -1.86361e-016 -0.240798 5.10663 7.69142 90 1.04944e-015 7.95139e-016 -1.99699 -3.68143 178.238 -36.2773 7.95139e-016 -0 16.9716 16.6181 6.42756 90 0 -6.36111e-015 
-185.633 87.7331 -58.5744 32.1423 84.7349 56.4817 9.85966 1.69468 -1.62584 7.4405 1.70754e-006 5.12264e-006 -5.12265e-006 1.70755e-006 -8.53773e-006 1.70748e-006 -8.53774e-006 -4.95189e-005 30.1932 2.7455 -0.766166 -178.825 -7.78709 -81.3969 -8.65249 5.07801 60.5897 -38.3176 1.59028e-015 3.97569e-016 14.9847 -60.521 2.96612 -179.993 0.0373027 80.2286 -18.4258 -5.42572 -58.2987 -36.425 3.18055e-015 -0 24.6382 72.0031 -15.9218 -16.1596 11.0906 -177.851 -20.7057 -1.59028e-015 -2.91965e-016 0.731362 4.78578 7.36566 90 6.66433e-016 -3.97569e-016 -5.52038 -4.37579 176.437 -42.8706 0 -7.95139e-016 13.479 15.9923 9.61675 90 0 -6.36111e-015 
-184.832 87.787 -57.3762 37.3326 84.4366 51.4909 9.78807 0.778584 -2.52477 7.41135 1.70754e-006 5.12264e-006 -5.12265e-006 1.70755e-006 -8.53773e-006 1.70748e-006 -8.53774e-006 -4.95189e-005 30.2641 4.56885 -0.646527 -178.89 -7.51568 -81.5734 -10.9754 4.44355 59.836 -40.4242 -4.77083e-015 6.36111e-015 14.9459 -61.9544 3.74897 -179.997 0.0167119 80.3733 -17.8816 -4.71423 -58.3648 -37.5774 3.18055e-015 1.59028e-015 24.6774 72.4023 -16.1129 -15.2945 12.0742 -178.327 -20.9269 1.59028e-015 -4.22417e-016 1.83 4.97403 6.99602 90 -6.39838e-016 -0 -9.49751 -5.49044 174.199 -49.5297 3.18056e-015 2.38542e-015 8.49491 16.0685 13.6219 90 -3.18055e-015 -3.18055e-015 
-184.096 87.7748 -56.2603 38.8527 84.1319 50.0559 10.024 -0.221927 -3.18432 7.41901 1.70754e-006 5.12264e-006 -5.12265e-006 1.70755e-006 -8.53773e-006 1.70748e-006 -8.53774e-006 -4.95189e-005 30.3917 6.1945 -0.623243 -178.939 -7.11511 -81.5009 -13.7408 3.6206 58.367 -42.2836 0 3.18055e-015 14.3532 -62.6283 3.86965 -179.986 0.0792509 80.3817 -17.4585 -4.09584 -58.2412 -39.1063 0 1.59028e-015 24.3629 72.6027 -16.0005 -14.4595 12.9054 -178.67 -21.3167 0 -5.46658e-016 2.79866 5.44011 6.53105 90 -6.75946e-016 -3.97569e-016 -13.0132 -6.83851 172.055 -54.6465 4.77083e-015 -0 2.87581 17.1954 17.672 90 3.18055e-015 9.54166e-015 
-183.407 87.7769 -55.1958 39.3005 83.9988 49.6071 10.204 -1.1724 -3.58778 7.45242 1.70754e-006 5.12264e-006 -5.12265e-006 1.70755e-006 -8.53773e-006 1.70748e-006 -8.53774e-006 -4.95189e-005 30.7237 7.68931 -0.727331 -178.98 -6.71141 -81.3352 -16.5911 2.35953 56.5755 -43.3279 0 -6.36111e-015 13.8554 -62.8275 3.97178 -179.962 0.219596 80.176 -17.1049 -3.72682 -57.9301 -40.7848 3.18055e-015 4.77083e-015 23.7682 72.7464 -15.6598 -13.6547 13.2113 -179.041 -21.5571 -1.59028e-015 -1.09332e-015 3.75044 5.62665 5.98226 90 1.77819e-016 -1.19271e-015 -16.2816 -8.52361 170.375 -58.1216 -3.18056e-015 -1.59028e-015 -1.96208 21.3633 19.5667 90 0 -3.18055e-015 
-182.781 87.8774 -54.1419 38.7225 83.9391 49.9532 10.3842 -2.0168 -3.57455 7.5054 1.70754e-006 5.12264e-006 -5.12265e-006 1.70755e-006 -8.53773e-006 1.70748e-006 -8.53774e-006 -4.95189e-005 31.1954 9.34872 -0.912846 -179.047 -6.32355 -81.4074 -18.9732 0.475618 55.2187 -43.534 -9.54166e-015 6.36111e-015 12.9066 -62.793 3.25185 -179.931 0.38784 79.9487 -16.7381 -3.45698 -57.6928 -42.2279 6.36111e-015 -4.77083e-015 23.4446 72.7739 -15.5435 -12.7371 13.5209 -179.244 -21.4292 0 -8.94531e-016 4.33206 5.93053 6.03192 90 -4.30901e-016 -3.97569e-016 -19.037 -10.887 169.345 -59.2793 -1.59028e-015 -0 -4.17881 26.6437 16.7306 90 -3.18055e-015 6.36111e-015 
-182.233 88.0503 -53.0691 37.5128 84.0131 50.8112 10.3907 -2.84711 -3.34829 7.5992 1.70754e-006 5.12264e-006 -5.12265e-006 1.70755e-006 -8.53773e-006 1.70748e-006 -8.53774e-006 -4.95189e-005 31.7971 10.8396 -1.04204 -179.194 -5.78785 -82.0573 -20.044 -2.06545 54.9414 -43.3538 -3.18055e-015 -0 12.6111 -62.5029 2.73622 -179.895 0.579957 79.7613 -16.5028 -3.31552 -57.6721 -43.1613 -1.59028e-015 3.18055e-015 23.0283 72.823 -15.2781 -11.7086 13.4399 -179.412 -20.9631 3.18055e-015 9.93923e-017 4.86825 6.00738 6.10049 90 -8.31828e-017 7.95139e-016 -21.2433 -13.1622 168.654 -58.4742 3.18056e-015 4.77083e-015 -5.05544 28.4077 14.9061 90 0 -0 
-181.745 88.2365 -51.9941 37.0888 84.1786 50.8859 10.2545 -3.63344 -3.0985 7.65503 1.70754e-006 5.12264e-006 -5.12265e-006 1.70755e-006 -8.53773e-006 1.70748e-006 -8.53774e-006 -4.95189e-005 32.3534 12.2106 -1.07442 -179.323 -5.42855 -82.8819 -20.5075 -4.65029 55.16 -43.1691 -1.11319e-014 -0 11.9703 -62.7273 2.06837 -179.858 0.765126 79.5197 -16.4275 -3.35515 -57.7444 -43.7187 -1.59028e-015 -1.59028e-015 23.5606 72.7201 -15.7584 -10.6915 13.6097 -179.491 -20.277 0 -1.09332e-015 5.24574 6.37055 6.17713 90 2.2208e-016 3.97569e-016 -23.0616 -15.1093 168.35 -56.2341 0 -3.18056e-015 -5.48096 27.0181 15.6587 90 3.18055e-015 -6.36111e-015 
-181.305 88.373 -50.942 37.2554 84.4226 50.4392 10.0883 -4.52392 -2.91947 7.68844 1.70754e-006 5.12264e-006 -5.12265e-006 1.70755e-006 -8.53773e-006 1.70748e-006 -8.53774e-006 -4.95189e-005 32.6655 13.5244 -1.09037 -179.418 -5.21308 -83.6166 -20.6339 -6.69817 55.3704 -43.6411 0 3.18055e-015 10.9254 -63.1165 1.15834 -179.816 0.960148 79.1578 -16.6434 -3.58806 -57.7474 -44.08 3.18055e-015 -3.97569e-015 23.919 72.497 -16.1031 -9.8319 13.8999 -179.557 -19.687 0 -1.98785e-015 5.83875 6.71254 5.91835 90 -2.24409e-016 -7.95139e-016 -24.4803 -17.0031 168.441 -52.4678 -6.36111e-015 -1.59028e-015 -5.91348 24.6597 16.7772 90 -3.18055e-015 6.36111e-015 
-180.894 88.4169 -49.908 36.7485 84.6836 50.8703 10.0005 -5.56015 -2.92627 7.74442 1.70754e-006 5.12264e-006 -5.12265e-006 1.70755e-006 -8.53773e-006 1.70748e-006 -8.53774e-006 -4.95189e-005 32.7883 14.8322 -1.1902 -179.483 -5.03386 -84.1236 -20.8592 -7.78798 55.1298 -44.8623 6.36111e-015 3.18055e-015 9.96524 -63.7157 0.669282 -179.767 1.17045 78.7532 -16.8851 -3.81309 -57.8037 -44.3382 3.18055e-015 2.38542e-015 24.5103 72.1264 -16.6858 -9.07184 14.2874 -179.763 -19.3906 -1.59028e-015 1.78906e-015 6.47646 7.09634 5.65042 90 -3.80486e-017 -3.97569e-016 -25.5179 -19.3012 169.184 -47.6271 0 -0 -4.54252 23.7236 12.1841 90 -1.59028e-015 -3.18055e-015 
-180.51 88.397 -48.8723 36.1709 84.8392 51.5345 10.0364 -6.54217 -3.07478 7.84947 1.70754e-006 5.12264e-006 -5.12265e-006 1.70755e-006 -8.53773e-006 1.70748e-006 -8.53774e-006 -4.95189e-005 32.8668 16.2056 -1.34726 -179.524 -4.9014 -84.4506 -21.2528 -8.05063 54.5654 -46.5854 0 -0 9.08218 -64.455 0.236478 -179.709 1.40425 78.32 -17.1564 -4.10637 -57.8608 -44.5266 4.77083e-015 -1.59028e-015 25.0208 71.8875 -17.1638 -8.32717 14.2589 179.835 -19.3388 3.18055e-015 5.96354e-016 7.1767 7.0238 5.42974 90 -4.65902e-018 -7.95139e-016 -26.2917 -21.2961 169.662 -42.4609 3.18056e-015 -1.59028e-015 -3.83672 23.3025 10.2642 90 -7.95139e-016 -9.54166e-015 
-180.145 88.3559 -47.8104 37.6051 84.8487 50.3716 10.0056 -7.27563 -3.38947 7.99497 1.70754e-006 5.12264e-006 -5.12265e-006 1.70755e-006 -8.53773e-006 1.70748e-006 -8.53774e-006 -4.95189e-005 33.1746 17.3592 -1.62326 -179.549 -4.8179 -84.6455 -21.54 -7.69329 53.99 -48.4804 -1.59028e-015 -0 8.48545 -64.7997 0.0976836 -179.644 1.65444 77.8701 -17.3602 -4.39572 -57.9917 -44.4064 0 -2.38542e-015 25.106 71.7549 -17.2733 -7.50666 14.4967 179.26 -19.2937 -1.59028e-015 7.95139e-016 7.86631 7.00592 5.49631 90 -1.94126e-019 -7.95139e-016 -26.8531 -22.5622 170.023 -37.1866 0 3.97569e-016 -4.14587 23.2614 11.6644 90 -1.39149e-015 3.18055e-015 
-179.773 88.2851 -46.7108 40.0019 84.7936 48.3742 9.91344 -7.91025 -3.72896 8.16856 1.70754e-006 5.12264e-006 -5.12265e-006 1.70755e-006 -8.53773e-006 1.70748e-006 -8.53774e-006 -4.95189e-005 33.5551 18.5108 -2.1125 -179.533 -5.03708 -84.7007 -21.8509 -7.10017 53.6317 -50.0494 1.59028e-015 -3.18055e-015 8.3943 -65.086 0.497629 -179.602 1.81784 77.6401 -17.3893 -4.68129 -58.3311 -44.0657 -1.59028e-015 -0 24.9329 71.6173 -17.0818 -6.64587 14.693 178.515 -19.3074 -1.59028e-015 1.98785e-015 8.69626 6.82384 5.64138 90 -2.84364e-021 7.95139e-016 -26.9955 -23.3506 170.641 -31.7023 -6.36111e-015 9.93923e-017 -5.42903 22.881 14.1461 90 7.95139e-016 -6.36111e-015 
-179.431 88.1694 -45.5557 42.1668 84.7184 46.5468 9.85564 -8.3663 -3.84513 8.28757 1.70754e-006 5.12264e-006 -5.12265e-006 1.70755e-006 -8.53773e-006 1.70748e-006 -8.53774e-006 -4.95189e-005 33.8904 19.3036 -2.62003 -179.52 -5.20563 -84.7289 -21.9801 -6.23819 53.6788 -51.1741 6.36111e-015 -6.36111e-015 8.4036 -65.1667 0.674397 -179.559 2.006 77.5956 -17.3087 -5.09696 -58.7797 -43.5948 -4.77083e-015 4.77083e-015 25.1216 71.5337 -17.1681 -5.94704 14.6742 177.882 -19.7045 1.59028e-015 1.78906e-015 9.76828 6.53075 5.73947 90 -2.46449e-021 1.59028e-015 -26.6802 -23.8604 171.521 -26.4096 0 1.98785e-016 -7.33463 21.8742 17.8259 90 3.18055e-015 -0 
-179.065 88.0178 -44.2993 41.7512 84.6836 47.3569 9.88099 -8.88172 -3.82351 8.41113 1.70754e-006 5.12264e-006 -5.12265e-006 1.70755e-006 -8.53773e-006 1.70748e-006 -8.53774e-006 -4.95189e-005 34.0527 19.8269 -3.0892 -179.492 -5.37729 -84.591 -21.9706 -5.18842 54.0255 -51.7891 3.18055e-015 -0 8.96218 -65.1394 1.29878 -179.52 2.18399 77.595 -17.2197 -5.67915 -59.0946 -42.9613 -1.59028e-015 -2.38542e-015 25.1768 71.4796 -17.1819 -5.0787 14.3743 177.136 -20.1635 0 7.95139e-016 10.9273 6.14311 5.84523 90 -1.02371e-020 7.95139e-016 -26.0855 -24.4117 172.448 -21.7749 0 -1.98785e-015 -8.47768 21.1034 19.5274 90 1.59028e-015 -3.18055e-015 
-178.738 87.8585 -43.0266 41.9967 84.7314 47.5432 9.76226 -9.33054 -3.76876 8.5219 1.70754e-006 5.12264e-006 -5.12265e-006 1.70755e-006 -8.53773e-006 1.70748e-006 -8.53774e-006 -4.95189e-005 34.2282 20.2099 -3.55194 -179.458 -5.5302 -84.3963 -21.8294 -3.99911 54.6608 -51.6733 6.36111e-015 -0 9.22577 -64.982 1.49009 -179.474 2.35095 77.3922 -17.2887 -6.36659 -59.064 -42.0641 1.59028e-015 -1.59028e-015 25.5598 71.2733 -17.4967 -4.20519 14.1927 176.362 -20.46 1.59028e-015 -7.95139e-016 12.0222 5.8738 5.948 90 6.49297e-021 -2.38542e-015 -25.5826 -24.5299 173.429 -18.2311 3.18056e-015 -2.38542e-015 -9.44465 21.2899 19.7392 90 3.18055e-015 -3.18055e-015 
-178.449 87.6797 -41.7077 41.4597 84.8204 48.4552 9.65381 -9.72159 -3.53444 8.62091 1.70754e-006 5.12264e-006 -5.12265e-006 1.70755e-006 -8.53773e-006 1.70748e-006 -8.53774e-006 -4.95189e-005 34.5064 20.2973 -4.08473 -179.43 -5.71977 -84.2958 -21.8249 -2.78288 55.6857 -50.6849 0 -0 9.41628 -64.8135 1.47425 -179.423 2.53991 77.1938 -17.277 -6.97244 -58.9117 -40.9653 1.59028e-015 -0 26.1175 70.9659 -17.8689 -3.37883 14.0668 175.725 -20.9051 -3.18055e-015 -3.97569e-016 13.2031 5.87038 6.06223 90 1.2327e-017 1.59028e-015 -24.9949 -24.26 174.328 -15.9557 -3.18056e-015 7.95139e-016 -11.0561 20.9895 20.3201 90 4.77083e-015 -0 
-178.182 87.4677 -40.3527 38.8905 84.9906 51.3673 9.62528 -10.1146 -3.10577 8.73897 1.70754e-006 5.12264e-006 -5.12265e-006 1.70755e-006 -8.53773e-006 1.70748e-006 -8.53774e-006 -4.95189e-005 34.6563 20.2429 -4.75577 -179.418 -5.83362 -84.2927 -21.7596 -1.59124 57.0415 -49.1542 0 -0 10.5698 -64.159 2.09773 -179.377 2.71963 77.0987 -16.8808 -7.34513 -58.7824 -39.8098 -1.59028e-015 3.57812e-015 26.1338 70.8715 -17.7268 -2.68044 13.9529 175.172 -21.762 1.59028e-015 1.19271e-015 14.6186 6.00349 6.53077 90 -5.04727e-017 7.95139e-016 -24.463 -23.3646 175.235 -15.3918 -3.18056e-015 3.18056e-015 -11.712 20.1302 19.1945 90 0 -0 
-177.953 87.2672 -38.9607 32.7372 85.4013 57.7788 9.57502 -10.5633 -2.42077 8.79294 1.70754e-006 5.12264e-006 -5.12265e-006 1.70755e-006 -8.53773e-006 1.70748e-006 -8.53774e-006 -4.95189e-005 34.7713 20.0891 -5.29915 -179.411 -5.85825 -84.2481 -21.8736 -0.299234 58.4655 -47.1843 -3.18055e-015 3.18055e-015 12.2394 -63.3063 3.22699 -179.329 2.90213 76.9862 -16.0848 -7.68393 -58.5418 -38.7048 -3.97569e-015 -7.95139e-016 26.0911 71.0148 -17.4365 -2.04469 13.3715 174.661 -22.5444 -1.59028e-015 1.59028e-015 15.9612 6.14728 7.12838 90 -8.30858e-017 1.59028e-015 -23.6279 -21.417 176.568 -15.6117 0 -7.95139e-016 -10.756 18.2605 11.858 90 -3.97569e-015 9.54166e-015 
-177.791 87.0947 -37.5114 23.4768 85.8877 67.1396 9.45262 -10.8164 -1.46265 8.79405 1.70754e-006 5.12264e-006 -5.12265e-006 1.70755e-006 -8.53773e-006 1.70748e-006 -8.53774e-006 -4.95189e-005 34.8854 19.8132 -5.64446 -179.386 -5.89035 -84.0405 -22.1289 1.0572 59.7874 -45.0488 1.27222e-014 3.18055e-015 13.8107 -61.7859 4.0489 -179.255 3.15384 76.6954 -15.0262 -8.09295 -57.9906 -37.6763 0 -4.37326e-015 25.4911 71.1057 -16.8522 -1.42089 12.815 174.388 -23.2436 0 2.38542e-015 17.307 6.48157 7.79818 90 -1.49089e-016 -0 -22.3779 -18.2223 177.692 -15.1377 -3.18056e-015 -2.38542e-015 -10.3066 19.3183 5.82998 90 -2.38542e-015 -3.18055e-015 
-177.718 87.1136 -36.1233 13.623 86.2263 76.3822 9.70051 -10.7041 0.396403 8.68441 1.70754e-006 5.12264e-006 -5.12265e-006 1.70755e-006 -8.53773e-006 1.70748e-006 -8.53774e-006 -4.95189e-005 34.8763 18.9279 -6.01376 -179.294 -6.10584 -83.3905 -22.1484 2.02713 60.8594 -42.8237 3.18055e-015 6.36111e-015 15.5109 -59.7975 4.92882 -179.2 3.25673 76.1939 -13.9708 -8.37879 -56.9396 -36.4534 1.59028e-015 -0 25.1595 71.5629 -16.5168 -0.959266 12.0443 174.739 -23.8294 0 -3.97569e-016 18.5679 6.45644 9.49197 90 -9.13167e-016 1.59028e-015 -21.3503 -14.9616 178.787 -14.7661 0 -1.19271e-015 -10.4351 23.7012 4.36041 90 0 3.18055e-015 
-177.618 87.2786 -34.7723 9.67515 86.2974 79.8656 10.0421 -10.1906 1.96182 8.62615 1.70754e-006 5.12264e-006 -5.12265e-006 1.70755e-006 -8.53773e-006 1.70748e-006 -8.53774e-006 -4.95189e-005 34.5742 18.3758 -6.23489 -179.251 -6.35078 -83.2646 -21.0746 2.66998 62.5593 -41.2121 -3.18055e-015 1.59028e-015 16.6677 -57.7645 5.11746 -179.236 3.12605 76.2669 -13.1046 -8.23129 -56.4757 -34.8642 -3.18055e-015 2.78299e-015 24.5759 71.8498 -15.6852 -1.05849 11.6584 175.214 -25.4854 -1.59028e-015 7.95139e-016 19.0001 6.30447 10.1282 90 1.31695e-015 -7.95139e-016 -21.104 -13.5529 179.127 -16.2336 -1.59028e-015 3.97569e-016 -9.48536 24.9427 4.44354 90 2.18663e-015 6.36111e-015 
-177.554 87.4941 -33.4459 6.33004 86.3697 83.1174 10.156 -9.6388 2.8595 8.66189 1.70754e-006 5.12264e-006 -5.12265e-006 1.70755e-006 -8.53773e-006 1.70748e-006 -8.53774e-006 -4.95189e-005 34.2555 18.2042 -6.04834 -179.289 -6.3919 -83.6413 -19.288 3.48589 64.4339 -40.3088 0 4.77083e-015 16.9805 -57.0014 5.06701 -179.267 3.03565 76.4264 -12.5208 -7.882 -56.2095 -33.3528 -2.38542e-015 1.98785e-016 24.1547 71.8233 -14.9115 -1.36237 10.923 175.544 -27.3691 -1.59028e-015 -2.38542e-015 18.7381 6.43615 9.69809 90 7.45443e-017 -3.97569e-016 -20.5675 -13.3 179.127 -16.9058 1.59028e-015 1.59028e-015 -8.49986 25.0957 4.03017 90 0 3.18055e-015 
-177.514 87.7218 -32.1362 3.63547 86.5776 85.8126 9.99305 -9.06496 3.5602 8.6822 1.70754e-006 5.12264e-006 -5.12265e-006 1.70755e-006 -8.53773e-006 1.70748e-006 -8.53774e-006 -4.95189e-005 34.2455 18.0315 -5.8965 -179.286 -6.46587 -83.6845 -18.2272 4.99485 65.3507 -40.0781 6.36111e-015 3.18055e-015 17.8053 -57.6178 5.87607 -179.27 3.00817 76.3476 -12.1771 -7.65809 -55.6068 -32.3629 0 2.78299e-015 23.9667 71.8989 -14.5223 -1.56476 10.0824 175.86 -28.7001 -1.59028e-015 -7.95139e-016 18.0543 6.73227 8.41556 90 -3.47873e-016 -0 -19.8032 -13.2623 179.169 -16.8771 -4.77083e-015 1.39149e-015 -7.4972 25.3198 3.56664 90 3.97569e-016 9.54166e-015 
-177.441 87.9329 -30.8933 4.70951 86.862 84.6509 9.82408 -8.32254 4.42473 8.62093 1.70754e-006 5.12264e-006 -5.12265e-006 1.70755e-006 -8.53773e-006 1.70748e-006 -8.53774e-006 -4.95189e-005 34.4012 17.7023 -6.21807 -179.197 -6.7594 -83.2136 -18.1024 6.75959 65.2704 -40.3929 -3.18055e-015 -3.18055e-015 18.8883 -57.5192 6.97735 -179.266 3.02468 76.3626 -11.95 -7.34105 -54.8831 -32.0446 1.59028e-015 7.95139e-016 23.9668 72.0529 -14.4984 -1.8469 9.88495 176.275 -29.9664 3.18055e-015 3.18055e-015 17.3448 7.23348 7.33573 90 1.2424e-016 1.98785e-016 -19.2359 -12.7694 179.299 -17.0018 4.77083e-015 -0 -6.61057 25.6519 3.59279 90 5.96354e-016 -0 
-177.364 88.0637 -29.7162 6.40706 87.022 82.8209 9.8624 -7.55278 5.34253 8.58482 1.70754e-006 5.12264e-006 -5.12265e-006 1.70755e-006 -8.53773e-006 1.70748e-006 -8.53774e-006 -4.95189e-005 34.4442 17.574 -6.7667 -179.113 -7.01534 -82.7791 -18.0123 8.25238 64.9579 -41.0954 6.36111e-015 -9.54166e-015 19.747 -56.8515 7.87922 -179.297 2.96449 76.6497 -11.6513 -6.82558 -54.3345 -32.374 -4.77083e-015 1.98785e-015 23.9408 72.3063 -14.6143 -2.42864 10.0747 176.802 -31.9506 0 -1.59028e-015 16.7437 7.76221 6.48272 90 1.2424e-017 9.93923e-017 -18.7541 -12.5137 179.414 -17.4164 1.59028e-015 5.96354e-016 -5.60353 25.715 3.44163 90 1.09332e-015 3.18055e-015 
-177.301 88.092 -28.6423 3.97975 87.0508 85.1234 10.1472 -6.93292 6.21639 8.59573 1.70754e-006 5.12264e-006 -5.12265e-006 1.70755e-006 -8.53773e-006 1.70748e-006 -8.53774e-006 -4.95189e-005 34.3742 17.5426 -7.26646 -179.086 -7.08902 -82.6419 -17.5579 9.11195 64.7793 -41.7408 3.18055e-015 -0 19.7638 -57.1157 8.17421 -179.352 2.79687 76.9685 -11.4259 -6.19142 -53.7507 -33.2222 1.59028e-015 1.19271e-015 24.0412 72.7947 -14.9007 -3.38655 10.2982 177.338 -34.8615 1.59028e-015 -1.59028e-015 16.3636 8.45342 6.54565 90 -6.21202e-018 1.2424e-017 -18.3505 -12.1989 179.515 -18.1101 1.59028e-015 -5.96354e-016 -4.45561 26.1645 3.12782 90 7.95139e-016 -0 
-177.187 88.0942 -27.6943 -1.31578 87.0322 90.4086 10.5511 -6.36248 6.99231 8.58831 1.70754e-006 5.12264e-006 -5.12265e-006 1.70755e-006 -8.53773e-006 1.70748e-006 -8.53774e-006 -4.95189e-005 34.3354 17.1936 -7.73676 -179.065 -7.04511 -82.4271 -16.9581 9.22443 64.4235 -42.062 0 -1.59028e-015 19.3938 -57.6282 7.93308 -179.415 2.55651 77.1118 -11.3843 -5.50636 -52.832 -34.227 0 1.59028e-015 24.1671 73.2792 -15.364 -4.90379 10.8025 177.885 -38.6464 1.59028e-015 -0 15.5384 9.46807 7.12486 90 0 -0 -18.0195 -12.0357 179.411 -18.817 0 1.98785e-016 -3.31037 26.6233 2.91823 90 1.39149e-015 3.18055e-015 
-177.039 88.1395 -26.8548 -9.66519 86.9311 98.8606 10.9676 -5.81152 7.62568 8.59272 1.70754e-006 5.12264e-006 -5.12265e-006 1.70755e-006 -8.53773e-006 1.70748e-006 -8.53774e-006 -4.95189e-005 34.3807 16.7266 -8.0707 -179.059 -6.94158 -82.2652 -16.4831 8.51003 64.0556 -41.9912 -3.18055e-015 -0 19.4092 -57.6647 7.87974 -179.459 2.40973 77.3492 -11.5265 -4.55046 -51.9939 -35.0481 -1.59028e-015 5.56597e-015 23.9218 73.5751 -15.3589 -6.85362 11.7551 178.592 -42.9016 -1.59028e-015 -2.38542e-015 13.7816 11.3977 8.16227 90 9.93923e-017 -1.98785e-016 -17.6318 -12.4331 179.048 -19.2902 0 9.93923e-017 -2.37249 26.6113 2.7313 90 -4.96962e-016 3.18055e-015 
-176.892 88.2158 -26.1034 -18.3596 86.762 107.603 11.3368 -5.18537 8.21616 8.54775 1.70754e-006 5.12264e-006 -5.12265e-006 1.70755e-006 -8.53773e-006 1.70748e-006 -8.53774e-006 -4.95189e-005 34.4513 16.2271 -8.11035 -179.096 -6.7205 -82.3247 -15.6221 7.24427 63.9628 -42.1262 3.18055e-015 -6.36111e-015 19.0024 -57.2385 7.33812 -179.524 2.20821 77.8327 -11.4812 -3.41212 -51.4776 -35.7853 -3.18055e-015 3.18055e-015 23.4013 73.7925 -14.9534 -9.09462 12.8189 179.688 -47.1585 1.59028e-015 -0 11.29 14.1227 9.49208 90 0 -7.95139e-016 -16.987 -12.8218 178.801 -19.2264 4.77083e-015 1.41634e-015 -1.65385 26.6977 2.67755 90 1.59028e-015 -6.36111e-015 
-176.757 88.3369 -25.3948 -25.6419 86.473 114.983 11.6684 -4.61767 8.51302 8.48557 1.70754e-006 5.12264e-006 -5.12265e-006 1.70755e-006 -8.53773e-006 1.70748e-006 -8.53774e-006 -4.95189e-005 34.5094 15.7018 -7.91934 -179.151 -6.42838 -82.4654 -14.6728 5.93764 63.9312 -42.7127 0 -3.18055e-015 17.767 -57.9474 6.33826 -179.605 1.86577 78.0643 -11.4327 -2.37755 -50.7618 -36.4577 1.59028e-015 -0 23.3488 74.1703 -15.0843 -11.0373 13.6344 -179.02 -50.347 -1.59028e-015 1.59028e-015 8.86329 17.0525 10.2121 90 0 -7.95139e-016 -16.1054 -12.9907 178.584 -18.7898 -1.59028e-015 3.47873e-016 -1.12015 26.9877 2.81531 90 8.94531e-016 6.36111e-015 
-176.544 88.5132 -24.6993 -30.5905 86.2215 120.182 11.8927 -4.19635 8.44567 8.38919 1.70754e-006 5.12264e-006 -5.12265e-006 1.70755e-006 -8.53773e-006 1.70748e-006 -8.53774e-006 -4.95189e-005 34.3979 15.4982 -7.63884 -179.17 -6.31889 -82.5058 -14.3405 5.0193 63.7284 -43.8717 0 -6.36111e-015 16.0489 -59.4079 5.27156 -179.685 1.50335 78.1708 -11.5355 -1.41389 -49.9302 -37.0761 0 2.38542e-015 23.2164 74.3493 -15.0745 -13.7067 14.0583 -177.33 -53.0784 1.59028e-015 1.59028e-015 6.67932 15.8688 8.9545 90 -1.98785e-016 -7.95139e-016 -15.245 -12.9776 178.222 -18.1874 -1.59028e-015 6.21202e-017 -0.868943 27.2821 3.0038 90 -1.09332e-015 -0 
-176.319 88.7462 -24.0135 -33.5117 86.1538 123.268 11.887 -3.70383 8.24167 8.31135 1.70754e-006 5.12264e-006 -5.12265e-006 1.70755e-006 -8.53773e-006 1.70748e-006 -8.53774e-006 -4.95189e-005 34.2423 15.4202 -7.3745 -179.196 -6.13588 -82.5195 -14.4364 4.58876 63.369 -45.7117 0 -7.95139e-015 15.14 -60.1947 4.80281 -179.742 1.2383 78.2584 -11.6129 -0.511629 -49.213 -37.7996 4.77083e-015 -2.38542e-015 22.5777 74.4159 -14.6002 -18.3747 13.8735 -173.615 -55.5305 -4.77083e-015 -1.59028e-015 3.6922 3.94301 1.64694 90 -1.59028e-015 1.59028e-015 -14.2182 -13.1932 177.994 -17.0177 -4.77083e-015 -2.60905e-016 -0.964754 27.2139 3.20953 90 2.98177e-016 -0 
-176.029 88.9618 -23.3228 -35.8773 86.1522 125.758 11.7862 -3.33805 7.99046 8.23662 1.70754e-006 5.12264e-006 -5.12265e-006 1.70755e-006 -8.53773e-006 1.70748e-006 -8.53774e-006 -4.95189e-005 34.1566 15.3864 -7.34653 -179.189 -6.07949 -82.385 -15.0969 4.44263 62.802 -47.6816 6.36111e-015 -3.18055e-015 14.9112 -60.6457 5.07652 -179.803 0.967147 78.4945 -11.5643 0.331244 -48.7972 -38.5721 6.36111e-015 1.59028e-015 21.8301 74.5861 -13.9632 -20.0925 13.7822 -171.461 -54.0018 6.36111e-015 -1.59028e-015 6.35868 -1.40892 5.88959 90 -4.77083e-015 4.77083e-015 -13.1342 -13.7124 177.745 -15.6541 0 -3.10601e-016 -1.08654 26.75 3.43609 90 1.98785e-016 -1.59028e-014 
-175.639 89.1356 -22.6396 -35.6159 86.2928 125.604 11.6451 -2.89062 7.69457 8.17241 1.70754e-006 5.12264e-006 -5.12265e-006 1.70755e-006 -8.53773e-006 1.70748e-006 -8.53774e-006 -4.95189e-005 34.0583 15.3757 -7.5594 -179.172 -6.01804 -82.1572 -15.9553 4.45848 62.2154 -49.6841 -1.59028e-015 -1.59028e-015 14.8593 -60.9666 5.4585 -179.856 0.735079 78.9301 -11.5018 1.02058 -48.6474 -39.4064 0 -3.97569e-015 21.285 74.828 -13.598 -20.5718 13.3141 -169.818 -49.281 3.18055e-015 3.18055e-015 7.48281 -1.2397 8.43981 90 -1.59028e-015 -1.59028e-015 -12.1598 -14.3319 177.447 -14.3854 0 -9.93923e-017 -1.17312 25.9968 3.74941 90 1.98785e-016 -9.54166e-015 
-175.149 89.2375 -21.9746 -35.2866 86.4759 125.228 11.5141 -2.54759 7.56524 8.09717 1.70754e-006 5.12264e-006 -5.12265e-006 1.70755e-006 -8.53773e-006 1.70748e-006 -8.53774e-006 -4.95189e-005 33.9097 15.3622 -7.91796 -179.157 -5.87517 -81.8166 -16.4717 4.44739 61.7514 -51.6617 0 -3.18055e-015 14.9712 -60.8696 5.87126 -179.899 0.542233 79.4639 -11.6748 1.44486 -48.5334 -40.1782 -1.59028e-015 -0 21.4754 74.8789 -13.9431 -20.4292 12.5867 -168.47 -42.6522 3.18055e-015 3.97569e-015 7.02918 0.586843 9.31542 90 -1.59028e-015 -0 -11.3067 -14.837 177.238 -13.2957 3.18056e-015 4.22417e-016 -1.18943 25.4415 4.22491 90 -1.98785e-016 -0 
-174.561 89.2661 -21.2653 -32.4802 86.6347 122.171 11.4802 -2.2623 7.63921 8.04541 1.70754e-006 5.12264e-006 -5.12265e-006 1.70755e-006 -8.53773e-006 1.70748e-006 -8.53774e-006 -4.95189e-005 33.8122 15.4979 -8.37078 -179.14 -5.73083 -81.4539 -16.8296 4.41721 61.5283 -53.3641 0 -1.59028e-015 14.8879 -61.0288 6.1829 -179.945 0.314106 79.9939 -11.9718 1.59388 -48.3596 -40.9073 -1.59028e-015 -4.77083e-015 21.4928 74.8409 -14.0441 -19.5866 12.0966 -167.167 -34.4847 0 -7.95139e-016 4.8067 3.41129 8.79485 90 -3.57812e-015 -0 -10.338 -15.1883 177.192 -12.2942 0 -4.47266e-016 -1.10807 25.0302 4.86757 90 1.98785e-016 9.54166e-015 
-173.874 89.2274 -20.5398 -30.5981 86.8099 119.869 11.3499 -2.05279 7.84354 8.00371 1.70754e-006 5.12264e-006 -5.12265e-006 1.70755e-006 -8.53773e-006 1.70748e-006 -8.53774e-006 -4.95189e-005 33.9366 15.4536 -8.63424 -179.134 -5.6187 -81.2235 -17.2354 4.33564 61.6236 -54.6846 -1.59028e-015 3.18055e-015 15.014 -61.0591 6.46326 -179.964 0.209881 80.3204 -12.3608 1.52994 -48.0039 -41.4358 -4.77083e-015 -1.59028e-015 21.9538 74.6942 -14.5978 -18.519 12.0209 -166.052 -25.6993 0 1.59028e-015 1.472 5.24702 7.93465 90 4.37326e-015 -1.59028e-015 -9.52028 -15.3233 177.244 -11.5644 1.59028e-015 -8.69683e-016 -1.00148 24.8135 5.45073 90 -1.59028e-015 -0 
-173.034 89.1515 -19.8025 -27.3162 86.9506 116.087 11.2837 -1.89064 8.15092 7.9573 1.70754e-006 5.12264e-006 -5.12265e-006 1.70755e-006 -8.53773e-006 1.70748e-006 -8.53774e-006 -4.95189e-005 34.1154 15.5477 -8.9002 -179.107 -5.5628 -80.8657 -17.8187 4.3802 61.658 -55.7373 -7.95139e-015 1.59028e-015 14.9542 -60.7898 6.60847 -179.982 0.104196 80.5057 -12.6121 1.39483 -47.5542 -41.7547 -1.59028e-015 -3.18055e-015 22.2382 74.6104 -14.9727 -18.1835 12.4574 -165.03 -19.347 -3.18055e-015 9.93923e-016 0.298426 5.49994 7.5131 90 -8.94531e-016 3.18055e-015 -8.88822 -15.2729 177.25 -11.2391 0 5.03174e-016 -1.00446 24.6177 5.84178 90 1.39149e-015 -6.36111e-015 
-172.042 89.0445 -19.0501 -24.9736 87.055 113.235 11.2037 -1.91466 8.4481 7.92074 1.70754e-006 5.12264e-006 -5.12265e-006 1.70755e-006 -8.53773e-006 1.70748e-006 -8.53774e-006 -4.95189e-005 34.3372 15.8621 -9.20528 -179.09 -5.49687 -80.5882 -18.4631 4.61777 61.7987 -56.5768 3.18055e-015 4.77083e-015 14.961 -60.5543 6.65718 179.995 -0.0323244 80.5376 -12.6135 1.2347 -47.1324 -41.8358 4.77083e-015 -0 22.3924 74.6793 -15.1871 -18.0696 12.9405 -164.421 -14.6858 6.36111e-015 -1.98785e-016 -0.937236 6.16712 6.97231 90 -4.81121e-015 -0 -8.45047 -15.3522 177.066 -11.2497 3.18056e-015 2.48481e-016 -0.85954 24.4578 6.63607 90 0 -3.18055e-015 
-170.908 88.9156 -18.2502 -23.6671 87.1004 111.391 11.1011 -2.00234 8.73545 7.87409 1.70754e-006 5.12264e-006 -5.12265e-006 1.70755e-006 -8.53773e-006 1.70748e-006 -8.53774e-006 -4.95189e-005 34.6146 16.1637 -9.3268 -179.105 -5.32925 -80.4544 -19.165 5.10985 62.0469 -57.2063 4.77083e-015 -3.18055e-015 15.1605 -60.1579 6.8679 179.996 -0.0262775 80.3828 -12.4033 1.15122 -46.7866 -41.5136 1.59028e-015 3.18055e-015 22.4245 74.7009 -15.2562 -18.1457 13.379 -164.256 -12.2263 -3.18055e-015 -3.97569e-016 -0.91986 6.87881 6.88639 90 -4.07509e-015 -0 -7.98835 -15.5192 176.788 -11.268 -6.36111e-015 1.98785e-016 -0.808592 24.229 7.47646 90 0 -6.36111e-015 
-169.651 88.7625 -17.3767 -22.921 87.0165 110.091 11.0399 -2.14001 8.95073 7.81753 1.70754e-006 5.12264e-006 -5.12265e-006 1.70755e-006 -8.53773e-006 1.70748e-006 -8.53774e-006 -4.95189e-005 34.9543 16.4643 -9.27652 -179.12 -5.21211 -80.4039 -20.1017 5.84395 62.1993 -57.8457 0 1.59028e-015 16.2237 -59.0239 7.75864 -179.985 0.0816367 80.0285 -12.0883 0.983985 -46.4677 -40.8599 0 -3.18055e-015 22.5783 74.8244 -15.3268 -18.248 13.5052 -164.515 -12.0279 0 2.5842e-015 -1.73067 6.69141 7.96251 90 5.86415e-015 -1.59028e-015 -7.47548 -15.6209 176.407 -11.496 4.77083e-015 5.96354e-016 -0.725561 24.1043 8.47292 90 -7.95139e-016 -0 
-168.275 88.5866 -16.4082 -19.4335 86.8749 106.03 11.0107 -2.18196 9.06996 7.78372 1.70754e-006 5.12264e-006 -5.12265e-006 1.70755e-006 -8.53773e-006 1.70748e-006 -8.53774e-006 -4.95189e-005 35.2493 16.8217 -9.09055 -179.087 -5.34258 -80.2854 -21.4119 6.79524 62.0986 -58.4865 0 -3.18055e-015 17.0716 -57.9098 8.66629 -179.952 0.262759 79.6214 -11.7014 0.722712 -46.3545 -39.8885 0 6.36111e-015 22.306 74.8173 -15.0561 -17.9716 12.0199 -164.852 -13.8263 -3.18055e-015 3.18055e-015 -3.46671 7.24566 7.74723 90 5.71506e-016 1.59028e-015 -6.78947 -15.3393 176.018 -11.6789 0 1.09332e-015 -0.751775 24.2349 9.58327 90 -1.98785e-016 3.18055e-015 
-166.753 88.5164 -15.406 -14.5126 86.6548 101.189 11.0399 -2.09666 8.35321 7.82996 1.70754e-006 5.12264e-006 -5.12265e-006 1.70755e-006 -8.53773e-006 1.70748e-006 -8.53774e-006 -4.95189e-005 35.471 17.34 -8.81372 -179.045 -5.50948 -80.1526 -22.7676 7.71217 61.7448 -58.8927 9.54166e-015 -0 17.7635 -57.2487 9.29119 -179.896 0.537757 79.0605 -11.0424 0.478537 -46.5868 -38.7159 -1.59028e-015 3.97569e-015 21.2803 74.9069 -13.9202 -18.1371 11.5929 -165.443 -16.0833 3.18055e-015 5.96354e-016 -3.72921 6.26991 7.03309 90 -9.93923e-017 -1.59028e-015 -5.94062 -14.7591 174.98 -11.4139 3.18056e-015 -1.98785e-016 -0.899555 24.6395 10.7169 90 7.95139e-016 -6.36111e-015 
-165.118 88.4256 -14.3664 -9.05826 86.4441 96.1165 11.0104 -1.81756 7.30557 7.89633 1.70754e-006 5.12264e-006 -5.12265e-006 1.70755e-006 -8.53773e-006 1.70748e-006 -8.53774e-006 -4.95189e-005 35.6072 17.8622 -8.52881 -179.057 -5.47181 -80.2119 -23.5318 8.58528 61.5362 -59.5829 3.18055e-015 -0 18.8177 -55.9785 9.97271 -179.829 0.883115 79.0478 -10.1462 0.0806691 -47.7317 -37.583 -7.95139e-015 7.95139e-016 20.2794 74.926 -12.7116 -18.6348 12.0324 -166.21 -19.5052 -3.18055e-015 -4.65902e-016 -1.54443 7.24446 6.7294 90 -3.67752e-015 -3.18055e-015 -5.19447 -14.369 173.604 -11.1057 0 -1.59028e-015 -0.81756 24.7401 10.8841 90 3.97569e-016 -0 
-163.366 88.271 -13.3247 -5.98063 86.2773 93.4182 11.0039 -1.738 6.34608 7.9266 1.70754e-006 5.12264e-006 -5.12265e-006 1.70755e-006 -8.53773e-006 1.70748e-006 -8.53774e-006 -4.95189e-005 35.6754 18.2951 -8.41117 -179.003 -5.65938 -79.9917 -24.0253 9.44383 61.0252 -60.5309 -6.36111e-015 -3.18055e-015 19.7269 -54.8942 10.7568 -179.764 1.24216 79.2277 -9.716 -0.794394 -48.9613 -36.6169 -3.18055e-015 3.97569e-015 21.3976 75.0037 -13.5777 -18.7227 11.7975 -167.309 -22.2982 -3.18055e-015 -4.96962e-016 0.664877 7.0715 6.17636 90 -2.03754e-015 -0 -4.94158 -13.7061 172.104 -11.6315 -3.18056e-015 1.78906e-015 -0.344663 25.3321 10.7222 90 1.98785e-016 -3.18055e-015 
-161.534 88.0779 -12.2995 -5.86824 86.1642 93.8621 11.0218 -1.84154 5.24411 7.93823 1.70754e-006 5.12264e-006 -5.12265e-006 1.70755e-006 -8.53773e-006 1.70748e-006 -8.53774e-006 -4.95189e-005 35.5565 18.6351 -8.06642 -178.921 -5.94732 -79.7 -24.3712 10.1002 60.3703 -61.2855 3.18055e-015 -3.18055e-015 19.3431 -54.714 10.6213 -179.684 1.63902 79.1023 -9.77917 -2.25197 -49.7366 -36.0559 3.18055e-015 -1.59028e-015 23.3746 74.6824 -15.3659 -18.4129 11.5373 -169.032 -24.4915 6.36111e-015 -0 3.20991 6.42815 6.94527 90 -2.98177e-015 1.59028e-015 -5.24865 -13.1586 170.283 -12.9837 0 1.98785e-016 0.380355 26.2341 10.1601 90 0 -6.36111e-015 
-159.663 87.8707 -11.2759 -8.43409 85.9585 97.2947 11.1434 -2.1146 3.85201 8.03259 1.70754e-006 5.12264e-006 -5.12265e-006 1.70755e-006 -8.53773e-006 1.70748e-006 -8.53774e-006 -4.95189e-005 35.2233 18.9883 -7.5797 -178.918 -6.0799 -79.8936 -24.2157 10.2128 60.1379 -61.8614 0 6.36111e-015 19.4303 -55.2237 10.7113 -179.592 2.06505 78.8256 -9.88416 -3.7785 -50.4526 -35.8999 -4.77083e-015 4.77083e-015 24.6442 73.8911 -16.4192 -17.7291 11.421 -171.138 -26.0096 3.18055e-015 -0 5.19008 5.90065 7.36558 90 -2.48481e-016 -1.59028e-015 -6.00423 -12.3574 168.078 -15.2635 1.59028e-015 -5.96354e-016 1.12438 27.6894 9.56142 90 -4.09993e-016 -3.18055e-015 
-157.851 87.6604 -10.3528 -8.70722 85.984 98.4871 11.2183 -2.34688 2.43104 8.05009 1.70754e-006 5.12264e-006 -5.12265e-006 1.70755e-006 -8.53773e-006 1.70748e-006 -8.53774e-006 -4.95189e-005 34.8467 19.5779 -7.14649 -178.946 -6.22176 -80.3675 -23.9491 10.0581 59.9389 -62.3643 6.36111e-015 3.18055e-015 19.1461 -55.5849 10.5939 -179.523 2.37211 78.6452 -9.8742 -5.0735 -51.4309 -36.0023 1.59028e-015 -4.77083e-015 25.4164 73.3975 -17.0565 -17.2089 12.0096 -173.031 -27.0935 0 -7.95139e-016 6.63602 5.79594 7.14638 90 7.95139e-016 -1.59028e-015 -7.53021 -10.694 166.015 -18.5391 3.18056e-015 3.18056e-015 1.48307 29.8509 8.51675 90 -1.78906e-015 3.18055e-015 
-156.141 87.501 -9.52342 -8.4582 86.2349 98.9089 11.2177 -2.82772 1.39486 8.07147 1.70754e-006 5.12264e-006 -5.12265e-006 1.70755e-006 -8.53773e-006 1.70748e-006 -8.53774e-006 -4.95189e-005 34.5311 20.4194 -7.02022 -178.945 -6.40883 -80.6328 -23.5188 9.93046 59.2691 -63.0758 6.36111e-015 3.18055e-015 18.3012 -55.586 10.067 -179.463 2.66234 78.5879 -10.0255 -5.85029 -52.5898 -36.1401 4.77083e-015 -7.95139e-016 25.8525 73.1252 -17.4761 -16.8573 13.4582 -174.362 -27.6914 1.59028e-015 1.59028e-015 7.91363 6.11091 6.44652 90 -2.01269e-015 3.18055e-015 -9.68698 -8.99154 164.561 -22.3062 -1.59028e-015 7.95139e-016 1.15378 33.2156 6.41743 90 -7.95139e-016 -3.18055e-015 
-154.566 87.4271 -8.74023 -8.57609 86.4399 99.5399 11.3922 -3.68253 0.624995 8.13446 1.70754e-006 5.12264e-006 -5.12265e-006 1.70755e-006 -8.53773e-006 1.70748e-006 -8.53774e-006 -4.95189e-005 34.1827 21.6111 -7.1616 -178.969 -6.584 -81.082 -22.8573 9.53643 58.5864 -63.7197 6.36111e-015 6.36111e-015 17.122 -55.997 9.21051 -179.4 2.97993 78.6104 -10.3183 -6.11173 -53.8343 -36.5439 -3.18055e-015 -7.95139e-016 27.094 72.9409 -18.6366 -16.3026 14.5398 -175.678 -28.0319 -3.18055e-015 1.19271e-015 9.08204 6.20974 6.34079 90 -1.36664e-016 -0 -12.2153 -7.94306 163.718 -26.1628 0 3.18056e-015 0.364021 38.3494 3.13979 90 -1.59028e-015 -1.59028e-014 
-153.134 87.4421 -7.97467 -7.20508 86.6991 98.5162 11.5515 -4.62638 0.132299 8.26118 1.70754e-006 5.12264e-006 -5.12265e-006 1.70755e-006 -8.53773e-006 1.70748e-006 -8.53774e-006 -4.95189e-005 34.1018 22.761 -7.54259 -179.056 -6.4804 -81.6926 -21.6798 8.78865 57.9503 -64.2314 -9.54166e-015 3.18055e-015 16.8291 -56.1125 9.10316 -179.344 3.26367 78.6332 -10.3401 -6.1731 -54.9889 -37.6452 1.59028e-015 -1.59028e-015 27.6172 72.8799 -19.2961 -15.5068 15.5266 -176.809 -27.7971 -3.18055e-015 -0 9.9919 6.32974 6.13493 90 1.86361e-016 -3.18055e-015 -15.5778 -8.78807 163.144 -30.4292 -3.18056e-015 1.59028e-015 0.528378 39.8765 2.82979 90 3.18055e-015 -6.36111e-015 
-151.9 87.5568 -7.22567 -1.69563 87.0049 92.9084 11.8244 -5.59986 0.195813 8.34813 1.70754e-006 5.12264e-006 -5.12265e-006 1.70755e-006 -8.53773e-006 1.70748e-006 -8.53774e-006 -4.95189e-005 34.0644 24.2202 -8.11693 -179.091 -6.51239 -82.0329 -20.722 8.07527 56.7649 -64.7615 -6.36111e-015 -3.18055e-015 15.8617 -56.6241 8.48415 -179.3 3.42424 78.4467 -10.3068 -6.28355 -55.6794 -39.4674 6.36111e-015 -2.38542e-015 27.6912 72.9281 -19.746 -14.7549 16.316 -177.461 -27.3027 -3.18055e-015 3.97569e-016 10.5922 6.44196 6.23998 90 -1.06536e-015 -0 -18.7103 -9.80576 163.818 -34.1629 0 -7.95139e-016 0.619149 35.5783 6.22636 90 -1.59028e-015 3.18055e-015 
-150.808 87.7732 -6.49697 12.046 87.3313 78.7807 12.0924 -6.49149 0.608127 8.46165 1.70754e-006 5.12264e-006 -5.12265e-006 1.70755e-006 -8.53773e-006 1.70748e-006 -8.53774e-006 -4.95189e-005 34.0735 25.9394 -8.91645 -179.114 -6.60811 -82.3521 -19.3645 7.06334 55.568 -65.3449 -1.27222e-014 -3.18055e-015 15.0267 -57.1119 8.00751 -179.254 3.59105 78.2619 -10.185 -6.19688 -56.1162 -41.7448 -3.18055e-015 7.95139e-016 29.0674 73.0847 -21.5117 -14.0237 17.0035 -177.859 -26.467 0 3.97569e-016 10.8675 6.14602 6.80688 90 1.05294e-015 -1.59028e-015 -21.2745 -10.7254 165.554 -35.9259 3.18056e-015 1.59028e-015 0.0720042 29.3115 10.7696 90 7.95139e-016 -0 
-149.841 87.9901 -5.7459 31.4081 87.353 58.948 12.388 -7.36072 1.11778 8.60393 1.70754e-006 5.12264e-006 -5.12265e-006 1.70755e-006 -8.53773e-006 1.70748e-006 -8.53774e-006 -4.95189e-005 34.0506 27.913 -9.7826 -179.186 -6.63451 -82.9904 -17.1348 5.57196 54.8245 -66.2207 -1.59028e-015 -0 15.3194 -57.3867 8.33778 -179.215 3.80632 78.3447 -10.0937 -6.03517 -56.6354 -44.3202 2.38542e-015 -1.59028e-015 31.8081 73.2785 -24.6601 -13.514 17.5195 -178.044 -25.9739 3.18055e-015 3.97569e-016 11.0708 5.73215 7.3048 90 4.47266e-016 -3.18055e-015 -23.1882 -11.9968 167.757 -35.5882 -3.18056e-015 -3.97569e-016 -0.520058 24.7827 15.0878 90 -3.97569e-016 -6.36111e-015 
-148.909 88.0951 -4.94357 49.5799 86.9886 40.512 12.6545 -8.18811 1.4816 8.74157 1.70754e-006 5.12264e-006 -5.12265e-006 1.70755e-006 -8.53773e-006 1.70748e-006 -8.53774e-006 -4.95189e-005 34.0353 30.0324 -10.5778 -179.251 -6.65952 -83.5738 -14.6695 4.01229 53.9922 -67.3267 4.77083e-015 -0 12.7525 -58.2005 6.63168 -179.178 4.06685 78.578 -9.86796 -5.86641 -57.0825 -47.1329 -7.95139e-016 1.59028e-015 32.6759 73.2943 -25.9915 -13.2478 18.0456 -178.342 -26.0993 0 1.98785e-015 11.2807 4.97009 7.74526 90 1.2424e-016 -0 -24.7702 -13.8197 169.98 -33.9893 3.18056e-015 -1.59028e-015 0.228664 23.0477 15.0254 90 1.39149e-015 3.18055e-015 
-148.028 88.0352 -4.09618 60.6864 86.4594 29.3336 12.935 -9.02479 1.78012 8.86615 1.70754e-006 5.12264e-006 -5.12265e-006 1.70755e-006 -8.53773e-006 1.70748e-006 -8.53774e-006 -4.95189e-005 33.9259 32.061 -11.4074 -179.273 -6.73436 -83.8281 -11.7366 2.02806 52.7402 -69.3229 -9.54166e-015 -0 9.78926 -58.7282 4.08158 -179.136 4.3587 78.7801 -9.38806 -5.68317 -57.2011 -50.0063 1.98785e-015 -2.78299e-015 33.7258 73.8307 -27.6732 -13.1281 18.4798 -178.752 -26.8007 -4.77083e-015 -3.18055e-015 11.7324 4.251 7.96587 90 -3.47873e-016 1.59028e-015 -26.0462 -15.3295 171.698 -32.473 3.18056e-015 -1.59028e-015 0.81191 18.9824 16.9549 90 -7.95139e-016 -3.18055e-015 
-147.188 87.8518 -3.23065 66.3922 85.8944 23.6304 13.3403 -9.6895 2.21649 8.90505 1.70754e-006 5.12264e-006 -5.12265e-006 1.70755e-006 -8.53773e-006 1.70748e-006 -8.53774e-006 -4.95189e-005 34.1257 33.7555 -12.4299 -179.302 -6.79072 -84.1241 -8.94018 -0.366055 51.5504 -71.3618 7.95139e-015 -3.18055e-015 3.25362 -60.462 -1.65705 -179.092 4.65273 78.9509 -8.67368 -5.42837 -56.9019 -52.6188 3.47873e-015 -3.85145e-015 37.4416 75.0335 -31.8286 -13.3819 18.9448 -179.06 -28.4919 3.18055e-015 1.59028e-015 12.6306 3.59204 8.34942 90 -9.93923e-017 -0 -26.7617 -15.2063 173.277 -31.3944 -3.18056e-015 -7.95139e-016 0.625238 14.0121 18.7697 90 5.56597e-015 -1.27222e-014 
-146.432 87.5511 -2.30919 64.7552 85.7152 25.3597 13.8007 -10.4293 2.82118 9.02522 1.70754e-006 5.12264e-006 -5.12265e-006 1.70755e-006 -8.53773e-006 1.70748e-006 -8.53774e-006 -4.95189e-005 34.3889 34.8187 -13.4212 -179.357 -6.76788 -84.561 -6.4736 -3.41736 50.4789 -73.0853 1.43125e-014 -0 -7.15929 -61.4074 -10.6796 -179.054 5.01944 79.3138 -7.58867 -5.01139 -56.5673 -54.7142 1.19271e-015 4.96962e-015 41.5427 76.0913 -36.3318 -14.1287 19.5112 -179.131 -31.5748 0 -1.59028e-015 13.8106 3.42915 8.47481 90 -1.88845e-015 1.59028e-015 -26.8171 -14.2601 174.667 -30.371 6.36111e-015 6.95746e-016 -0.903037 13.1829 12.2283 90 3.97569e-016 1.27222e-014 
-145.706 87.1306 -1.40741 58.3764 85.9441 32.0937 14.3964 -11.1696 3.38419 8.99181 1.70754e-006 5.12264e-006 -5.12265e-006 1.70755e-006 -8.53773e-006 1.70748e-006 -8.53774e-006 -4.95189e-005 34.4467 35.4457 -14.3173 -179.429 -6.41044 -84.8962 -4.16838 -7.2685 49.158 -74.5062 0 6.36111e-015 -17.3758 -59.3056 -19.5868 -179.007 5.36344 79.4942 -6.14749 -4.52961 -55.7581 -56.0903 7.95139e-016 1.59028e-015 44.9132 76.9832 -40.3387 -15.5883 20.6966 -178.693 -36.1401 6.36111e-015 7.95139e-016 14.4538 4.94298 7.68069 90 -3.97569e-016 -1.59028e-015 -26.4098 -12.3805 174.947 -30.1424 -6.36111e-015 3.97569e-016 -1.55634 16.024 5.61974 90 -9.69075e-016 6.36111e-015 
-145.077 86.7429 -0.684114 51.9124 86.402 38.677 15.0771 -11.7303 4.26475 8.80967 1.70754e-006 5.12264e-006 -5.12265e-006 1.70755e-006 -8.53773e-006 1.70748e-006 -8.53774e-006 -4.95189e-005 34.2504 36.0932 -15.2194 -179.51 -5.87615 -85.2294 -2.09876 -12.138 47.7402 -74.6861 3.97569e-015 -0 -24.5449 -56.564 -25.2563 -178.952 5.64608 79.4642 -4.52042 -3.60244 -54.4905 -56.1581 0 -2.38542e-015 50.4192 78.1647 -46.6551 -18.6445 22.4454 -176.607 -42.1571 3.18055e-015 1.59028e-015 13.3377 9.11025 5.48575 90 -1.98785e-016 -0 -26.6865 -10.9908 174.612 -31.6219 1.59028e-015 -9.93923e-016 -0.608021 17.8859 4.67105 90 1.68967e-015 -0 
-144.444 86.434 -0.180614 49.2718 86.9294 41.4142 15.6605 -11.9609 4.9896 8.53442 1.70754e-006 5.12264e-006 -5.12265e-006 1.70755e-006 -8.53773e-006 1.70748e-006 -8.53774e-006 -4.95189e-005 33.3756 36.9957 -15.5323 -179.667 -5.07667 -86.2496 -0.256267 -17.3263 46.9873 -73.6221 1.98785e-015 -0 -32.6175 -54.8394 -32.2699 -178.93 5.74881 79.4413 -2.36136 -2.34894 -53.0589 -55.3147 -4.77083e-015 5.56597e-015 58.2482 79.2714 -54.8756 -21.834 24.6481 -174.102 -47.3322 0 -1.59028e-015 12.153 15.7714 6.85768 90 0 7.95139e-016 -27.4284 -11.1482 173.815 -32.8142 0 -0 0.21496 18.711 4.51494 90 -9.93923e-017 -0 
-143.671 86.209 0.176269 56.677 87.2052 34.3361 15.9213 -11.8575 5.19022 8.35582 1.70754e-006 5.12264e-006 -5.12265e-006 1.70755e-006 -8.53773e-006 1.70748e-006 -8.53774e-006 -4.95189e-005 32.3063 38.3374 -15.7887 -179.809 -4.11616 -87.345 1.54377 -22.6081 46.1094 -71.5821 -6.95746e-015 1.59028e-015 -37.6081 -53.3879 -36.5772 -178.95 5.67653 79.5013 -0.0968818 -0.981788 -51.4448 -53.823 3.18055e-015 3.97569e-015 68.1279 80.8343 -65.1262 -26.3058 24.9449 -170.663 -52.9393 6.36111e-015 1.59028e-015 10.4628 13.9685 4.73842 90 0 1.59028e-015 -28.546 -12.04 172.514 -33.6655 6.36111e-015 1.59028e-015 0.790404 18.4325 4.4173 90 -1.78906e-015 -0 
-142.751 86.1123 0.525447 69.0256 86.8913 22.2583 16.2753 -11.7005 5.20101 8.12047 1.70754e-006 5.12264e-006 -5.12265e-006 1.70755e-006 -8.53773e-006 1.70748e-006 -8.53774e-006 -4.95189e-005 31.6154 40.2979 -16.4614 -179.904 -3.44937 -88.4064 2.74231 -27.3028 44.7461 -68.2305 1.09332e-014 -0 -38.1763 -51.3732 -36.4941 -178.971 5.58662 79.5503 2.09688 0.668828 -49.6283 -52.3596 3.18055e-015 1.98785e-015 84.1222 81.695 -81.7123 -30.2885 23.2477 -166.201 -56.8662 3.18055e-015 1.59028e-015 8.09825 4.00366 2.91122 90 3.97569e-015 -6.36111e-015 -29.3583 -12.4169 171.398 -34.0043 0 1.19271e-015 0.946226 18.4316 5.02205 90 4.96962e-017 6.36111e-015 
-141.671 86.1329 0.884127 78.908 86.5097 12.8226 16.3811 -11.9688 4.87363 8.02966 1.70754e-006 5.12264e-006 -5.12265e-006 1.70755e-006 -8.53773e-006 1.70748e-006 -8.53774e-006 -4.95189e-005 31.151 42.3183 -17.1725 -179.969 -2.74397 -89.3513 3.41466 -31.0713 42.691 -64.0409 -4.4975e-015 6.95746e-016 -35.5543 -51.5444 -34.6075 -178.962 5.62959 79.5341 4.56594 2.60119 -47.9539 -51.7343 4.77083e-015 7.95139e-016 105.572 82.1752 -103.697 -30.1207 20.08 -164.498 -56.2679 -6.36111e-015 -3.18055e-015 9.52684 0.986977 7.31802 90 7.95139e-016 -3.18055e-015 -29.9232 -12.1071 170.193 -33.9613 3.18056e-015 -7.95139e-016 0.750094 18.735 6.04475 90 -7.82715e-016 3.18055e-015 
-140.441 86.2437 1.26431 85.7702 86.3587 6.3493 16.4367 -12.5576 4.65676 7.93872 1.70754e-006 5.12264e-006 -5.12265e-006 1.70755e-006 -8.53773e-006 1.70748e-006 -8.53774e-006 -4.95189e-005 30.9886 44.2687 -18.0168 -179.998 -2.19108 -89.9369 2.79517 -33.7828 39.7355 -59.3002 -1.39149e-015 -1.98785e-016 -30.5754 -51.7151 -30.7293 -178.953 5.87268 79.8726 7.14358 4.46812 -46.8973 -51.8271 -1.59028e-015 2.38542e-015 127.971 81.443 -126.666 -28.2651 16.5 -163.495 -52.5911 0 -3.18055e-015 9.7 -2.86828 11.3428 90 3.97569e-015 6.36111e-015 -30.0938 -11.6198 169.021 -33.4098 0 -1.98785e-015 0.135749 19.0871 7.07145 90 6.97299e-016 3.18055e-015 
-139.063 86.4282 1.64546 92.7866 86.0102 -0.583084 16.4583 -12.8825 4.73672 7.84003 1.70754e-006 5.12264e-006 -5.12265e-006 1.70755e-006 -8.53773e-006 1.70748e-006 -8.53774e-006 -4.95189e-005 30.9156 45.9675 -18.9453 179.982 -1.74154 -90.5882 2.13395 -35.5124 37.3799 -55.0279 -5.91384e-015 3.57812e-015 -24.5697 -50.1533 -24.9637 -178.929 6.20094 80.1801 9.75425 6.37782 -45.9054 -52.4396 -3.18055e-015 1.59028e-015 135.614 79.0051 -135.033 -25.6888 13.9443 -162.079 -46.7229 6.36111e-015 7.95139e-016 8.071 -5.80797 13.4399 90 3.97569e-015 -3.18055e-015 -29.8818 -10.6928 168.369 -32.2595 0 -1.98785e-015 -0.992862 19.4138 8.43253 90 8.94531e-016 -9.54166e-015 
-137.462 86.6375 2.02602 99.7534 85.4472 -7.5854 16.2807 -13.2501 4.90955 7.78236 1.70754e-006 5.12264e-006 -5.12265e-006 1.70755e-006 -8.53773e-006 1.70748e-006 -8.53774e-006 -4.95189e-005 30.9252 47.169 -19.7746 179.969 -1.64898 -91.1065 1.49074 -36.2476 35.676 -51.5879 9.54166e-015 -3.08116e-015 -21.8754 -50.4272 -22.7929 -178.947 6.27633 80.4629 12.0082 8.23409 -44.9322 -53.0315 0 -0 139.658 77.5831 -139.625 -23.5205 12.8627 -160.491 -41.0845 1.59028e-015 2.38542e-015 4.76498 -9.10616 13.241 90 6.36111e-015 6.36111e-015 -29.5545 -9.71787 167.746 -30.6562 0 -3.57812e-015 -2.49467 19.6177 10.1218 90 1.2424e-016 6.36111e-015 
-135.539 86.8578 2.37335 108.013 85.3776 -15.7201 15.9933 -13.9255 5.22308 7.73643 1.70754e-006 5.12264e-006 -5.12265e-006 1.70755e-006 -8.53773e-006 1.70748e-006 -8.53774e-006 -4.95189e-005 30.7068 47.9661 -20.3814 179.963 -1.69764 -91.2466 0.659947 -36.4112 34.4139 -49.437 -4.58447e-015 1.04362e-015 -19.5509 -50.6911 -21.3915 -179 6.45265 81.1725 13.8918 9.39617 -44.5036 -53.7622 3.18055e-015 -1.03368e-014 145.676 77.6011 -145.921 -21.8194 11.808 -160.081 -36.9814 -3.18055e-015 -3.18055e-015 3.00864 -8.26938 10.5091 90 5.56597e-015 -0 -29.1335 -8.93079 166.533 -28.6592 3.18056e-015 -0 -4.30558 19.8921 12.2666 90 2.03754e-015 -0 
-133.389 87.1008 2.67452 117.009 85.6737 -24.6048 15.9298 -14.4951 5.74884 7.65544 1.70754e-006 5.12264e-006 -5.12265e-006 1.70755e-006 -8.53773e-006 1.70748e-006 -8.53774e-006 -4.95189e-005 30.2513 48.7181 -20.789 179.967 -1.49055 -91.3062 0.287785 -36.2873 33.9338 -48.7598 -1.2424e-016 -3.08116e-015 -15.8267 -51.1685 -18.5036 -178.966 6.95491 81.5261 15.251 10.3524 -43.9077 -54.4144 -3.18055e-015 -3.97569e-015 147.159 77.6055 -147.679 -21.1393 10.6926 -160.282 -35.5263 -1.59028e-015 1.59028e-015 2.13965 -5.39947 2.97943 90 4.77083e-015 -3.18055e-015 -27.8256 -6.74045 165.547 -26.1157 -3.18056e-015 1.88845e-015 -6.65818 21.5644 15.3227 90 1.98785e-016 -0 
-131.071 87.3969 3.02469 124.23 85.9878 -31.5357 15.9558 -14.8379 6.00747 7.66283 1.70754e-006 5.12264e-006 -5.12265e-006 1.70755e-006 -8.53773e-006 1.70748e-006 -8.53774e-006 -4.95189e-005 29.7534 49.0298 -20.9334 179.977 -1.32758 -91.0205 -0.446107 -35.96 33.5022 -48.7419 6.95746e-016 -4.77083e-015 -12.5925 -51.8487 -16.1212 -178.919 7.12164 81.3515 16.3214 10.7889 -42.9328 -54.8194 3.18055e-015 8.34896e-015 147.719 76.8625 -148.592 -20.4206 11.6023 -161.552 -34.6846 1.59028e-015 3.97569e-015 3.39783 -3.24002 0.961683 90 -3.18055e-015 -6.36111e-015 -25.8672 -3.48599 164.777 -23.9305 -1.59028e-015 -1.09332e-015 -7.18153 21.4943 16.9473 90 6.4605e-016 -3.18055e-015 
-128.947 87.7128 3.51361 129.454 86.4103 -37.0169 16.1946 -14.6427 6.71281 7.5895 1.70754e-006 5.12264e-006 -5.12265e-006 1.70755e-006 -8.53773e-006 1.70748e-006 -8.53774e-006 -4.95189e-005 29.8619 49.0281 -21.1868 179.991 -1.37485 -90.4002 -1.77358 -35.5622 33.2799 -49.0308 0 -2.78299e-015 -9.46202 -51.808 -14.1441 -178.905 7.29026 81.4394 16.8713 10.1366 -42.6635 -54.7354 -3.18055e-015 -1.59028e-015 149.249 76.7189 -149.989 -19.5723 12.5669 -162.198 -33.6681 0 -2.38542e-015 4.49962 -1.13852 -0.443702 90 -1.59028e-015 -0 -23.0811 0.810325 165.186 -22.5475 0 4.62174e-015 -4.13586 16.9597 20.566 90 8.94531e-016 3.18055e-015 
-127.136 87.984 3.93454 142.129 86.6723 -50.2116 16.1311 -13.9711 7.48448 7.4668 1.70754e-006 5.12264e-006 -5.12265e-006 1.70755e-006 -8.53773e-006 1.70748e-006 -8.53774e-006 -4.95189e-005 29.4989 48.8206 -21.16 -179.996 -1.45005 -89.8741 -1.85301 -35.9163 34.4576 -51.2256 -4.82053e-015 1.98785e-016 -12.8825 -52.6732 -16.9692 -178.893 7.50575 81.5867 16.7492 8.64016 -43.0754 -53.8943 3.18055e-015 9.93923e-015 149.1 77.2874 -149.568 -18.7543 10.885 -163.073 -33.1943 -3.18055e-015 -3.18055e-015 5.46445 -0.404558 -1.64065 90 7.95139e-016 3.18055e-015 -21.1265 4.52115 165.913 -21.8246 -7.95139e-016 -2.16178e-015 -2.74395 11.2047 25.5294 90 5.09386e-016 -6.36111e-015 
-125.746 88.12 4.19317 157.801 86.5947 -66.1197 15.9933 -12.7817 7.53144 7.37893 1.70754e-006 5.12264e-006 -5.12265e-006 1.70755e-006 -8.53773e-006 1.70748e-006 -8.53774e-006 -4.95189e-005 27.9916 48.7908 -20.8212 -179.987 -1.72679 -89.5738 -1.59741 -35.8994 35.7873 -55.711 1.10822e-014 -2.18663e-015 -16.6675 -52.9945 -19.0599 -178.931 7.2914 81.6338 16.3352 6.03326 -44.0464 -52.8139 7.95139e-015 1.23246e-014 148.079 76.4171 -148.363 -19.2487 9.73445 -163.828 -33.9743 1.59028e-015 1.59028e-015 6.01673 -0.00985371 -2.19364 90 -2.78299e-015 -4.77083e-015 -22.3462 3.44418 167.386 -25.7341 0 -1.09332e-015 -0.194898 9.14714 22.194 90 4.57205e-015 -3.18055e-015 
-124.676 88.1121 4.43148 178.205 86.4007 -86.036 15.8417 -11.744 6.73332 7.24521 1.70754e-006 5.12264e-006 -5.12265e-006 1.70755e-006 -8.53773e-006 1.70748e-006 -8.53774e-006 -4.95189e-005 26.8698 48.0939 -20.9993 -179.962 -1.85567 -88.8267 -2.12871 -34.8578 35.6776 -60.7903 -7.50412e-015 -9.93923e-017 -17.614 -51.7468 -18.7889 -179.002 6.99523 81.8607 15.4421 3.06975 -45.9763 -51.7883 -3.18055e-015 1.13307e-014 142.618 76.4175 -142.444 -21.345 9.67023 -164.73 -36.8015 3.18055e-015 3.18055e-015 5.75468 0.397224 -1.76612 90 1.59028e-015 -0 -22.6003 1.70416 168.027 -27.5502 3.97569e-016 4.96962e-016 1.668 11.1547 15.8095 90 -4.96962e-016 -0 
-123.812 88.0075 4.74586 -151.84 85.8843 -115.566 16.0588 -11.2061 6.38664 7.23954 1.70754e-006 5.12264e-006 -5.12265e-006 1.70755e-006 -8.53773e-006 1.70748e-006 -8.53774e-006 -4.95189e-005 26.3595 46.3757 -21.8013 -179.93 -1.66529 -87.5756 -2.67387 -33.145 35.307 -65.8399 3.67752e-015 -3.97569e-016 -19.061 -49.4533 -18.5268 -179.091 6.65029 82.1995 13.5214 0.506943 -48.2558 -50.4345 1.59028e-015 -9.93923e-016 138.685 77.6611 -137.739 -24.2185 8.98984 -165.112 -41.1171 -6.36111e-015 -2.38542e-015 4.38694 2.26773 -1.79911 90 2.38542e-015 1.59028e-015 -20.7126 4.54741 167.644 -26.6436 0 -2.23633e-015 1.59755 16.2595 15.2848 90 0 -0 
-123.091 87.7746 5.24158 -126.077 84.7681 -141.492 16.7964 -10.5832 6.71099 7.2486 1.70754e-006 5.12264e-006 -5.12265e-006 1.70755e-006 -8.53773e-006 1.70748e-006 -8.53774e-006 -4.95189e-005 25.827 44.2982 -22.0017 -179.908 -1.58428 -86.6922 -2.29126 -30.963 36.8409 -71.4156 6.48535e-015 3.97569e-016 -26.2425 -48.4017 -22.9484 -179.185 6.2925 82.6076 9.7439 -1.99827 -50.0526 -48.7151 0 -7.35503e-015 134.731 77.7314 -132.875 -27.5838 9.19113 -163.761 -46.0547 0 -1.59028e-015 1.58507 6.65889 -2.95493 90 7.95139e-016 -0 -19.4858 2.40055 166.38 -26.5352 -3.97569e-016 1.3418e-015 2.2256 16.3582 15.6316 90 -7.95139e-016 3.18055e-015 
-122.467 87.43 5.88518 -112.255 83.0123 -155.649 17.1226 -9.84406 6.80304 7.16828 1.70754e-006 5.12264e-006 -5.12265e-006 1.70755e-006 -8.53773e-006 1.70748e-006 -8.53774e-006 -4.95189e-005 24.9365 42.472 -20.9974 -179.855 -2.0086 -85.8663 -2.21567 -28.2408 38.962 -77.1549 -3.77691e-015 1.39149e-015 -29.7319 -46.9463 -24.6312 -179.213 5.81086 82.2734 4.8918 -4.38947 -50.5746 -47.2938 -3.18055e-015 3.8763e-015 121.512 77.7925 -118.885 -30.3805 9.29451 -161.809 -49.209 3.18055e-015 -0 -1.80082 13.2648 -4.68657 90 0 -0 -18.6804 -0.519357 165.364 -26.7129 -3.97569e-016 6.4605e-016 2.95471 16.905 15.4553 90 3.97569e-016 -0 
-121.666 87.1828 6.59804 -107.446 81.5352 -160.603 16.8671 -8.76925 6.25222 7.10209 1.70754e-006 5.12264e-006 -5.12265e-006 1.70755e-006 -8.53773e-006 1.70748e-006 -8.53774e-006 -4.95189e-005 23.834 40.8259 -19.6409 -179.779 -2.43292 -84.8242 -2.28471 -24.5769 40.8721 -82.1766 3.42904e-015 -0 -33.0023 -47.1236 -25.8225 -179.242 5.13978 81.5988 0.287121 -6.11122 -50.4433 -46.6174 -1.59028e-015 3.57812e-015 98.771 77.2139 -95.331 -31.1918 9.63051 -160.772 -48.5207 3.18055e-015 -1.59028e-015 -1.98463 14.3797 -4.0592 90 0 -3.18055e-015 -17.8189 -1.32527 164.743 -26.8674 -7.95139e-016 -1.98785e-016 3.28012 18.8414 15.6822 90 4.96962e-016 -0 
-120.604 86.9066 7.56956 -102.403 79.9878 -166.007 16.6606 -7.98719 5.93322 7.14877 1.70754e-006 5.12264e-006 -5.12265e-006 1.70755e-006 -8.53773e-006 1.70748e-006 -8.53774e-006 -4.95189e-005 22.9873 39.5822 -18.9503 -179.678 -2.95725 -83.7783 -2.60444 -19.663 42.5765 -86.3347 -4.82053e-015 -2.38542e-015 -34.8649 -48.6048 -26.8253 -179.309 4.9005 81.9676 -3.72036 -6.68338 -51.4304 -46.2872 0 1.59028e-015 84.5663 75.7928 -80.158 -30.5062 10.9572 -160.024 -42.8203 -3.18055e-015 -4.77083e-015 -0.280273 3.56845 3.0324 90 3.18055e-015 -6.36111e-015 -16.4923 -2.59293 164.158 -26.9653 0 -2.98177e-016 3.71584 19.8329 16.005 90 0 -3.18055e-015 
-119.369 86.5641 8.73364 -98.0288 77.6535 -171.126 16.2908 -7.76598 6.02278 7.17484 1.70754e-006 5.12264e-006 -5.12265e-006 1.70755e-006 -8.53773e-006 1.70748e-006 -8.53774e-006 -4.95189e-005 22.0916 38.1946 -17.9941 -179.578 -3.48348 -83.0977 -3.76851 -13.4577 44.0632 -89.2319 8.94531e-015 7.95139e-016 -36.389 -51.248 -29.0138 -179.374 4.67856 82.3767 -6.32733 -6.6629 -52.4254 -46.5672 0 -7.95139e-016 77.2834 75.709 -72.1588 -28.5582 13.2086 -159.208 -31.1174 -3.18055e-015 3.18055e-015 -1.77813 -0.0377939 8.21903 90 -3.18055e-015 3.18055e-015 -14.3267 -4.0079 164.01 -26.4963 1.59028e-015 -5.96354e-016 4.23458 21.4829 16.538 90 0 -0 
-117.879 86.1324 9.88166 -96.4608 74.852 -173.55 15.5366 -7.45313 6.08167 7.07844 1.70754e-006 5.12264e-006 -5.12265e-006 1.70755e-006 -8.53773e-006 1.70748e-006 -8.53774e-006 -4.95189e-005 20.721 36.5394 -16.6172 -179.507 -3.81628 -82.6392 -5.297 -7.62525 45.7687 -90.3838 7.15625e-015 -7.95139e-016 -33.3663 -54.6297 -26.4192 -179.372 4.49306 82.0341 -7.21658 -6.50459 -52.3713 -47.8238 -6.36111e-015 -0 68.961 76.4038 -63.7817 -28.7595 15.5321 -158.633 -22.833 6.36111e-015 -7.95139e-016 -0.787527 -0.980058 9.91634 90 8.74653e-015 -6.36111e-015 -12.1969 -5.18519 163.93 -25.9189 0 -0 4.59925 23.5422 17.6306 90 0 -3.18055e-015 
-116.078 85.6132 10.8489 -96.3147 71.5858 -174.369 14.801 -7.23843 5.82933 6.84569 1.70754e-006 5.12264e-006 -5.12265e-006 1.70755e-006 -8.53773e-006 1.70748e-006 -8.53774e-006 -4.95189e-005 18.5566 34.5389 -14.971 -179.475 -3.82223 -82.1701 -7.20939 -2.29771 47.0271 -90.4269 -4.77083e-015 -3.18055e-015 -28.8514 -58.0708 -22.8938 -179.336 4.39954 81.406 -7.28327 -5.92099 -51.8004 -48.77 -6.36111e-015 -3.18055e-015 67.0574 77.5424 -62.3946 -30.4669 16.3452 -159.067 -19.7399 6.36111e-015 2.68359e-015 -3.14531 0.213982 10.4989 90 1.59028e-015 -0 -9.99662 -5.85625 163.48 -25.1928 0 7.95139e-016 4.71946 25.5678 19.5869 90 1.98785e-016 -0 
-113.964 85.0165 11.7206 -95.5391 68.3292 -175.953 14.7256 -6.42213 5.75235 6.64153 1.70754e-006 5.12264e-006 -5.12265e-006 1.70755e-006 -8.53773e-006 1.70748e-006 -8.53774e-006 -4.95189e-005 15.7192 32.1371 -13.2075 -179.462 -3.66208 -81.643 -10.1375 2.52297 47.7162 -89.4519 -7.15625e-015 -3.97569e-015 -21.7784 -61.9265 -18.0897 -179.391 4.13892 81.6191 -5.72404 -4.88545 -52.0059 -49.7796 0 1.59028e-015 67.4521 78.7867 -62.8274 -32.5366 13.4849 -159.75 -25.441 0 7.95139e-016 -3.70583 4.26502 7.6667 90 0 -0 -7.65645 -7.28264 162.949 -24.4704 1.59028e-015 -2.78299e-015 4.67921 26.489 20.9646 90 0 -0 
-111.524 84.5084 12.5464 -94.5174 65.5172 -177.439 14.9622 -4.98603 5.19859 6.4757 1.70754e-006 5.12264e-006 -5.12265e-006 1.70755e-006 -8.53773e-006 1.70748e-006 -8.53774e-006 -4.95189e-005 13.1001 28.9079 -11.3196 -179.448 -3.35783 -80.6546 -12.5604 5.94701 47.7949 -87.4718 -7.95139e-015 1.59028e-015 -7.79239 -61.7134 -5.73669 -179.458 3.78325 81.8407 -3.76295 -3.87694 -51.9624 -50.2712 3.18055e-015 3.18055e-015 67.3022 79.5427 -62.7771 -33.9676 10.2382 -160.961 -30.7355 -3.18055e-015 -0 -1.30477 3.30109 4.5024 90 7.95139e-016 -9.54166e-015 -5.44114 -8.28174 162.065 -24.3256 6.36111e-015 2.38542e-015 4.30429 26.9368 21.4666 90 0 -3.18055e-015 
-108.682 84.1663 13.512 -92.9139 63.6241 -178.907 15.3551 -3.37073 3.85195 6.34196 1.70754e-006 5.12264e-006 -5.12265e-006 1.70755e-006 -8.53773e-006 1.70748e-006 -8.53774e-006 -4.95189e-005 11.6652 24.9731 -9.39109 -179.375 -3.29433 -79.2583 -14.5626 9.549 47.2283 -85.283 -1.19271e-015 -1.59028e-015 -2.61656 -60.9456 -1.01862 -179.52 3.29131 81.7085 -2.86475 -3.25659 -51.1526 -49.8285 6.36111e-015 -3.18055e-015 67.5331 79.9392 -63.1834 -34.089 8.56157 -162.624 -35.1518 -6.36111e-015 -2.38542e-015 1.86543 2.97057 2.95344 90 -7.95139e-016 6.36111e-015 -3.42825 -8.44659 160.577 -25.0989 -3.18056e-015 -0 3.27454 27.1001 21.2221 90 -7.95139e-016 -6.36111e-015 
-105.66 84.0637 14.4712 -92.0768 62.1 -179.786 15.3104 -1.9389 2.72207 6.16428 1.70754e-006 5.12264e-006 -5.12265e-006 1.70755e-006 -8.53773e-006 1.70748e-006 -8.53774e-006 -4.95189e-005 11.207 18.7205 -7.33818 -179.252 -3.56606 -78.147 -15.9346 12.887 47.1459 -82.9865 3.18055e-015 -1.59028e-015 0.642422 -61.8044 0.629897 -179.627 2.61447 81.8715 -2.28863 -2.83445 -50.5293 -48.9097 9.54166e-015 -0 65.968 79.8809 -61.5175 -33.7877 7.92503 -164.167 -38.5923 6.36111e-015 2.38542e-015 5.33218 2.80071 2.69842 90 1.59028e-015 -6.36111e-015 -2.71966 -8.10008 159.375 -27.3999 -3.18056e-015 7.95139e-015 1.23926 28.0546 19.2462 90 -1.19271e-015 -1.59028e-015 
-102.677 84.2223 15.3247 -92.4583 60.9192 -179.458 14.6528 -0.466711 1.47355 6.01963 1.70754e-006 5.12264e-006 -5.12265e-006 1.70755e-006 -8.53773e-006 1.70748e-006 -8.53774e-006 -4.95189e-005 10.7057 9.8037 -4.79778 -179.181 -3.75816 -77.7018 -16.0274 15.4476 47.7634 -81.5988 3.18055e-015 3.18055e-015 2.48801 -59.8331 2.08156 -179.724 2.00369 82.168 -1.82141 -2.74291 -50.2569 -48.4829 9.54166e-015 -3.18055e-015 66.8843 79.7706 -62.2968 -33.2606 8.12329 -165.7 -40.4791 6.36111e-015 -3.18055e-015 8.11108 3.26839 3.00757 90 0 9.54166e-015 -3.48065 -6.2789 158.649 -31.0188 3.18056e-015 3.18056e-015 -2.85761 31.2369 16.6241 90 3.18055e-015 -3.18055e-015 
-99.9874 84.5226 16.168 -92.7677 59.5729 -179.064 14.0267 0.254725 0.00683943 6.10641 1.70754e-006 5.12264e-006 -5.12265e-006 1.70755e-006 -8.53773e-006 1.70748e-006 -8.53774e-006 -4.95189e-005 10.3893 1.38558 -1.91732 -179.155 -4.07456 -78.2798 -15.2983 17.3788 48.6629 -81.4772 3.8763e-015 2.55935e-015 2.95187 -58.6232 2.65481 -179.765 1.85789 82.7896 -2.32732 -2.51267 -50.762 -48.6575 -3.18055e-015 6.36111e-015 64.5856 79.2198 -59.9581 -32.0863 8.12296 -167.475 -41.1073 6.36111e-015 -1.59028e-015 10.1581 3.65629 3.43275 90 7.95139e-016 -0 -3.98102 -2.66898 159.046 -34.2923 3.18056e-015 4.77083e-015 -9.28355 37.0545 15.4585 90 7.95139e-016 -3.18055e-015 
-97.5245 85.0063 17.101 -92.1675 57.5542 -179.645 13.927 -0.121849 -0.865026 6.19551 1.70754e-006 5.12264e-006 -5.12265e-006 1.70755e-006 -8.53773e-006 1.70748e-006 -8.53774e-006 -4.95189e-005 10.6822 -6.00546 0.51979 -179.126 -4.49687 -78.9933 -14.3791 18.7407 49.0918 -81.5365 5.96354e-016 3.57812e-015 3.96496 -60.0707 2.90912 -179.792 1.77129 83.2877 -3.10295 -2.3669 -51.2224 -50.0749 6.36111e-015 6.36111e-015 61.0094 78.3948 -56.2216 -29.9187 6.80347 -169.598 -40.7531 3.18055e-015 -3.18055e-015 11.5593 3.4339 3.97644 90 1.59028e-015 -0 -4.864 -0.706608 160.332 -37.7158 3.18056e-015 -0 -15.7199 41.235 14.8237 90 1.11319e-014 -0 
-95.3452 85.6198 18.1912 -91.4844 55.3861 179.204 13.7434 -0.62162 -0.88601 6.29764 1.70754e-006 5.12264e-006 -5.12265e-006 1.70755e-006 -8.53773e-006 1.70748e-006 -8.53774e-006 -4.95189e-005 11.7799 -10.7389 2.4523 -179.135 -4.66859 -79.4906 -13.5061 19.5556 48.7705 -81.1056 3.57812e-015 -1.19271e-015 5.18635 -60.1806 3.74413 -179.777 1.94233 83.441 -3.94112 -2.48681 -51.3773 -52.4984 -6.36111e-015 3.18055e-015 62.2445 78.0822 -57.673 -27.4789 5.31233 -170.923 -39.7153 6.36111e-015 -4.77083e-015 12.6504 3.58548 4.55385 90 0 -3.18055e-015 -7.62005 0.259306 162.794 -44.9424 -3.18056e-015 6.36111e-015 -12.2664 35.4449 14.6574 90 2.38542e-015 -7.95139e-016 
-93.3394 86.3283 19.3306 -90.8653 53.5734 178.045 13.4964 -0.999862 -0.653034 6.34904 1.70754e-006 5.12264e-006 -5.12265e-006 1.70755e-006 -8.53773e-006 1.70748e-006 -8.53774e-006 -4.95189e-005 13.263 -12.4427 4.01004 -179.117 -4.8917 -79.7541 -12.9279 19.7687 47.9162 -80.3118 1.59028e-015 -1.59028e-015 5.86276 -59.5332 4.25631 -179.75 2.16762 83.425 -4.56909 -2.51148 -51.5387 -55.4496 7.95139e-015 6.36111e-015 64.6498 77.6556 -60.3094 -24.8439 4.19234 -171.671 -38.1194 -3.18055e-015 -1.59028e-015 13.2546 4.00695 4.82705 90 -7.95139e-016 -9.54166e-015 -11.2452 0.141702 165.526 -50.8661 3.18056e-015 -1.59028e-015 -10.6123 30.5641 17.3219 90 -1.98785e-016 1.19271e-015 
-91.4211 87.0823 20.4884 -90.4823 52.0394 177.535 13.0273 -1.55069 -0.836297 6.32438 1.70754e-006 5.12264e-006 -5.12265e-006 1.70755e-006 -8.53773e-006 1.70748e-006 -8.53774e-006 -4.95189e-005 15.1389 -10.9643 5.17806 -179.095 -5.14871 -80.014 -12.1929 19.429 46.9504 -79.3482 9.54166e-015 -2.38542e-015 6.3658 -59.8696 4.45191 -179.735 2.25751 83.3014 -5.04377 -2.57135 -51.8696 -58.521 -6.36111e-015 -0 64.4793 77.4323 -60.1989 -21.8401 3.40605 -172.606 -35.6229 3.18055e-015 3.18055e-015 13.4449 4.34546 5.10219 90 7.95139e-016 -0 -15.4503 -1.67286 167.421 -54.1846 -6.36111e-015 -1.59028e-015 -9.22363 28.0578 18.2097 90 3.8763e-015 1.59028e-015 
-89.5873 87.8237 21.6927 -90.1256 50.2434 177.27 12.5291 -2.45107 -0.986344 6.30266 1.70754e-006 5.12264e-006 -5.12265e-006 1.70755e-006 -8.53773e-006 1.70748e-006 -8.53774e-006 -4.95189e-005 16.9797 -6.93827 5.56528 -179.094 -5.30503 -80.2978 -11.4563 18.3864 46.1244 -78.0271 2.38542e-015 1.59028e-015 7.65661 -60.6523 4.95337 -179.713 2.43268 83.2702 -5.28948 -2.73364 -52.463 -61.8121 -7.95139e-015 -0 64.7522 77.2012 -60.4567 -18.631 2.84558 -173.542 -32.5578 9.54166e-015 -0 13.3647 5.08277 5.42892 90 1.59028e-015 6.36111e-015 -19.5009 -4.86391 168.54 -54.7707 0 -0 -8.09586 28.5953 16.9935 90 1.98785e-015 3.57812e-015 
-87.8421 88.466 22.9505 -89.7155 48.2286 176.896 12.1585 -3.43952 -0.788571 6.3713 1.70754e-006 5.12264e-006 -5.12265e-006 1.70755e-006 -8.53773e-006 1.70748e-006 -8.53774e-006 -4.95189e-005 18.2024 -2.23144 5.23243 -179.12 -5.32588 -80.5998 -10.8601 16.7263 45.5192 -76.4255 0 -1.59028e-015 8.90593 -60.6719 5.56411 -179.664 2.79682 83.1424 -5.51236 -3.17907 -52.7911 -65.4122 9.54166e-015 6.36111e-015 68.1115 77.2688 -63.9691 -15.4688 2.53214 -174.064 -29.5098 3.18055e-015 -1.59028e-015 13.2966 6.41141 5.45962 90 -3.97569e-016 9.54166e-015 -22.8917 -8.76336 169.256 -52.6479 -3.18056e-015 -1.59028e-015 -7.69188 30.8174 15.649 90 3.97569e-016 -2.38542e-015 
-86.1632 88.8923 24.2333 -89.2903 45.9797 176.759 11.9192 -4.56448 -0.748769 6.49168 1.70754e-006 5.12264e-006 -5.12265e-006 1.70755e-006 -8.53773e-006 1.70748e-006 -8.53774e-006 -4.95189e-005 18.9353 1.49633 4.82285 -179.185 -5.19877 -81.0767 -10.2695 14.6784 45.1995 -75.0872 3.18055e-015 -7.95139e-016 9.83732 -59.5867 5.63162 -179.599 3.1917 82.8291 -5.72473 -3.85387 -52.7767 -68.9551 1.59028e-015 -0 73.3053 77.2793 -69.389 -12.4288 2.27973 -174.618 -26.6866 6.36111e-015 -3.18055e-015 13.5546 7.96493 5.28437 90 0 6.36111e-015 -25.5996 -12.5187 169.393 -48.5913 -6.36111e-015 -1.59028e-015 -7.40498 31.6971 15.4513 90 -3.97569e-016 -7.95139e-016 
-84.5275 89.0585 25.5503 -88.9653 43.7223 177.003 11.7679 -5.58729 -0.998321 6.54159 1.70754e-006 5.12264e-006 -5.12265e-006 1.70755e-006 -8.53773e-006 1.70748e-006 -8.53774e-006 -4.95189e-005 19.2852 3.96307 4.6038 -179.233 -5.08798 -81.4152 -9.85595 12.5168 44.7742 -73.877 -3.18055e-015 3.18055e-015 9.89132 -59.0855 5.14157 -179.534 3.50866 82.4372 -5.69988 -4.61228 -52.6486 -72.1386 -4.37326e-015 -3.18055e-015 73.5461 76.9194 -69.7327 -9.70048 1.7417 -175.306 -24.4427 3.18055e-015 3.18055e-015 14.2403 9.27118 4.76539 90 3.97569e-016 -1.27222e-014 -27.4136 -14.1838 169.659 -42.8552 3.18056e-015 3.97569e-015 -6.85176 28.9491 16.0805 90 -3.97569e-016 3.97569e-016 
-82.9157 89.0213 26.9488 -88.5281 41.4788 177.262 11.7894 -6.49968 -1.28761 6.59686 1.70754e-006 5.12264e-006 -5.12265e-006 1.70755e-006 -8.53773e-006 1.70748e-006 -8.53774e-006 -4.95189e-005 19.4388 5.5034 4.49093 -179.265 -4.97257 -81.5807 -9.47014 10.2803 44.3521 -72.6115 -1.59028e-015 -9.54166e-015 9.57716 -59.3686 4.66711 -179.483 3.72601 82.0993 -5.60806 -5.25889 -52.594 -74.4344 1.59028e-015 3.18055e-015 74.0332 76.6928 -70.4089 -7.28166 0.986935 -175.933 -23.0236 -3.18055e-015 -0 15.1389 10.3473 4.27402 90 3.97569e-016 -3.18055e-015 -27.9302 -13.8632 170.258 -34.9715 6.36111e-015 -3.97569e-016 -7.39721 25.5644 17.1187 90 -1.2921e-015 3.97569e-016 
-81.2969 88.8329 28.4805 -88.02 38.9327 177.559 11.85 -7.60844 -1.57313 6.71618 1.70754e-006 5.12264e-006 -5.12265e-006 1.70755e-006 -8.53773e-006 1.70748e-006 -8.53774e-006 -4.95189e-005 19.5517 6.52119 4.44859 -179.304 -4.84778 -81.8213 -9.24345 8.36728 44.2052 -71.3839 -3.18055e-015 -0 8.43983 -59.9092 3.39574 -179.447 3.84512 81.8101 -5.56004 -5.86479 -52.631 -75.7391 -3.97569e-016 3.18055e-015 76.7821 76.6321 -73.1792 -5.11431 -0.238863 -176.524 -22.2946 3.18055e-015 1.59028e-015 16.2953 11.0827 4.06374 90 1.59028e-015 -6.36111e-015 -27.5375 -14.0517 170.265 -25.3343 3.18056e-015 3.97569e-016 -9.33903 23.3224 18.5476 90 1.98785e-016 1.59028e-015 
-79.6177 88.509 30.1518 -87.5277 36.2663 178.011 11.7359 -8.43331 -1.88416 6.87143 1.70754e-006 5.12264e-006 -5.12265e-006 1.70755e-006 -8.53773e-006 1.70748e-006 -8.53774e-006 -4.95189e-005 19.9238 6.66233 4.56906 -179.384 -4.44395 -82.0987 -9.36051 7.1248 44.2483 -70.0519 9.54166e-015 -1.59028e-015 7.14665 -60.3244 1.99611 -179.389 4.08321 81.4773 -5.42141 -6.63146 -52.5624 -76.4927 1.14301e-015 -0 77.4248 76.4951 -73.7096 -3.12958 -1.81547 -177.094 -22.0775 -3.18055e-015 -0 17.7963 11.585 3.91701 90 -7.95139e-016 -1.27222e-014 -26.7553 -14.7965 169.719 -15.8632 0 7.95139e-016 -11.1723 20.7281 21.1776 90 6.55989e-015 -0 
-77.8733 88.0865 31.9533 -86.9901 33.9933 178.623 11.5349 -8.65723 -2.32929 6.96156 1.70754e-006 5.12264e-006 -5.12265e-006 1.70755e-006 -8.53773e-006 1.70748e-006 -8.53774e-006 -4.95189e-005 20.4364 6.31542 4.59934 -179.444 -4.03579 -82.1519 -9.74347 6.39186 44.1924 -68.517 3.18055e-015 -0 7.14295 -60.5089 1.96086 -179.316 4.32333 81.0043 -5.32973 -7.61309 -52.2323 -76.9749 -1.19271e-015 6.36111e-015 76.993 76.5007 -73.2294 -0.98118 -3.29571 -177.592 -21.7796 0 3.18055e-015 19.3393 12.0342 3.19634 90 -1.59028e-015 6.36111e-015 -25.5509 -12.8065 169.242 -8.93957 9.54167e-015 3.18056e-015 -11.638 17.974 24.0818 90 2.08724e-015 -3.18055e-015 
-76.1326 87.602 33.9025 -86.4566 32.0738 179.133 11.3655 -8.67161 -2.62746 6.90311 1.70754e-006 5.12264e-006 -5.12265e-006 1.70755e-006 -8.53773e-006 1.70748e-006 -8.53774e-006 -4.95189e-005 21.0049 5.82942 4.39466 -179.448 -3.89272 -81.9263 -10.0267 6.04877 44.1088 -66.9414 0 -0 8.24895 -60.3043 2.98549 -179.26 4.44458 80.5332 -5.66572 -8.53922 -51.8932 -76.8901 2.38542e-015 3.18055e-015 78.5609 76.4408 -74.8376 1.05136 -4.54906 -177.781 -21.8529 -9.54166e-015 -1.59028e-015 20.8779 12.2586 2.53178 90 -7.95139e-016 9.54166e-015 -24.5473 -9.31914 168.924 -6.36311 -6.36111e-015 -4.77083e-015 -10.9542 16.1083 26.0258 90 1.19271e-015 -9.54166e-015 
-74.3623 87.0563 36.0647 -85.7675 30.1906 179.246 11.2764 -8.7809 -2.50299 6.86828 1.70754e-006 5.12264e-006 -5.12265e-006 1.70755e-006 -8.53773e-006 1.70748e-006 -8.53774e-006 -4.95189e-005 21.4508 5.38093 3.91079 -179.42 -3.92194 -81.5877 -9.86481 6.17684 44.1994 -65.6493 -3.18055e-015 3.18055e-015 9.02556 -59.9591 3.26911 -179.255 4.37299 80.3182 -6.37459 -9.50291 -51.7939 -76.4725 -2.78299e-015 -3.18055e-015 80.3563 76.1502 -76.6072 3.03877 -5.14808 -177.514 -22.5974 -3.18055e-015 -3.18055e-015 22.5811 12.2735 2.55465 90 -7.95139e-016 -3.18055e-015 -23.5566 -6.49376 169.015 -7.8234 -3.18056e-015 -4.77083e-015 -11.4647 14.5608 26.2545 90 -3.18055e-015 3.18055e-015 
-72.554 86.5002 38.3622 -85.156 28.4007 179.117 11.1205 -8.82428 -1.94575 6.84239 1.70754e-006 5.12264e-006 -5.12265e-006 1.70755e-006 -8.53773e-006 1.70748e-006 -8.53774e-006 -4.95189e-005 21.8572 4.93528 3.21568 -179.341 -4.11092 -80.8892 -9.31912 6.69631 44.2795 -64.8433 6.36111e-015 -4.77083e-015 9.89451 -59.6903 3.63321 -179.221 4.41834 79.9915 -7.55087 -10.4841 -51.3883 -75.9821 -3.18055e-015 -9.54166e-015 80.0756 75.8429 -76.218 4.57246 -5.36372 -176.915 -24.477 -6.36111e-015 -4.77083e-015 24.9993 12.0142 3.23275 90 -3.18055e-015 -6.36111e-015 -23.0027 -5.07765 168.916 -10.0934 -3.18056e-015 -1.59028e-015 -18.0606 11.9446 29.1354 90 -1.59028e-015 -0 
-70.912 86.3617 40.564 -84.671 27.1207 178.201 11.4145 -8.42847 -0.324674 6.66881 1.70754e-006 5.12264e-006 -5.12265e-006 1.70755e-006 -8.53773e-006 1.70748e-006 -8.53774e-006 -4.95189e-005 22.0468 4.21742 2.48175 -179.193 -4.56963 -79.9702 -8.5294 6.88913 45.0662 -63.6987 -6.36111e-015 -1.27222e-014 9.40096 -59.6001 3.47036 -179.224 4.31012 79.7797 -8.90032 -11.0934 -50.8595 -74.9366 7.95139e-016 3.18055e-015 79.4128 75.2485 -75.4796 5.25774 -5.11719 -175.362 -27.4702 -3.18055e-015 -0 26.2219 12.3199 3.87541 90 0 3.18055e-015 -24.2747 -5.48573 169.387 -16.2133 3.18056e-015 3.18056e-015 -18.0298 12.38 27.2394 90 1.59028e-015 6.36111e-015 
-69.3247 86.5033 42.7682 -84.0527 26.1655 177.597 11.6086 -7.98532 0.542509 6.73828 1.70754e-006 5.12264e-006 -5.12265e-006 1.70755e-006 -8.53773e-006 1.70748e-006 -8.53774e-006 -4.95189e-005 22.162 4.10324 2.28567 -179.164 -4.85688 -80.2174 -7.02914 7.23537 47.4294 -62.7426 6.36111e-015 -3.18055e-015 8.49072 -60.5638 2.36952 -179.284 3.9881 79.8204 -10.0645 -11.4906 -50.9435 -73.7479 7.95139e-015 3.18055e-015 78.1008 74.6257 -73.6839 5.31791 -4.83227 -173.969 -31.3571 6.36111e-015 -0 25.87 13.4059 4.40716 90 0 -6.36111e-015 -24.7659 -4.79694 170.689 -21.6604 -3.18056e-015 4.77083e-015 -15.1026 12.1642 19.9409 90 3.18055e-015 -3.18055e-015 
-67.8653 86.871 44.987 -83.9134 24.7177 177.363 11.3151 -7.93679 1.12743 6.79485 1.70754e-006 5.12264e-006 -5.12265e-006 1.70755e-006 -8.53773e-006 1.70748e-006 -8.53774e-006 -4.95189e-005 22.6415 4.14083 2.41567 -179.182 -4.98057 -80.6609 -5.91297 8.1271 49.7528 -61.5038 0 -2.38542e-015 8.30597 -61.7491 2.00991 -179.282 3.88517 79.5162 -10.8827 -11.8788 -50.9228 -72.7224 4.77083e-015 -3.18055e-015 76.3429 74.032 -71.5057 3.93625 -5.25507 -172.604 -36.3861 6.36111e-015 3.18055e-015 23.6913 14.3939 4.7699 90 -3.18055e-015 6.36111e-015 -23.1886 -2.85381 172.319 -23.4236 6.36111e-015 -7.95139e-016 -12.3842 15.8071 17.322 90 7.95139e-016 -3.18055e-015 
-66.4883 87.4534 46.926 -84.1561 23.1142 177.271 10.8238 -7.88818 2.02408 6.78884 1.70754e-006 5.12264e-006 -5.12265e-006 1.70755e-006 -8.53773e-006 1.70748e-006 -8.53774e-006 -4.95189e-005 23.3314 3.5958 2.1418 -179.136 -5.10689 -80.3806 -5.99015 9.46201 51.2093 -60.2369 0 -8.74653e-015 10.0658 -61.8792 3.03572 -179.258 4.03363 79.5716 -11.4737 -11.9832 -51.1442 -71.4084 4.77083e-015 -0 74.3268 73.8263 -69.4203 1.17699 -6.05576 -171.657 -42.1642 -6.36111e-015 -0 19.2334 14.3389 4.88694 90 -1.59028e-015 -3.18055e-015 -21.4976 -3.12305 173.219 -23.5982 3.18056e-015 1.59028e-015 -10.3732 17.4887 15.9888 90 7.95139e-016 6.36111e-015 
-65.1974 88.0666 48.5217 -84.4541 22.0921 177.535 10.4428 -7.26246 2.6077 6.73965 1.70754e-006 5.12264e-006 -5.12265e-006 1.70755e-006 -8.53773e-006 1.70748e-006 -8.53774e-006 -4.95189e-005 23.687 2.87649 1.71799 -179.109 -5.0824 -80.0463 -6.69743 11.2534 52.441 -59.8135 9.54166e-015 -5.56597e-015 12.4327 -60.4457 4.92351 -179.281 4.17254 80.2136 -11.762 -11.7913 -51.7747 -70.1007 -1.59028e-015 -3.18055e-015 72.4395 74.0573 -67.1971 -2.13604 -5.83759 -171.288 -47.3798 1.59028e-015 3.18055e-015 12.8394 13.813 4.29706 90 3.18055e-015 -0 -19.8293 -3.26831 173.671 -23.0717 3.18056e-015 -7.95139e-016 -8.90996 18.4701 15.2816 90 7.95139e-016 -9.54166e-015 
-64.0035 88.5383 49.9511 -84.5756 21.5168 177.791 10.3641 -6.32169 3.00054 6.72583 1.70754e-006 5.12264e-006 -5.12265e-006 1.70755e-006 -8.53773e-006 1.70748e-006 -8.53774e-006 -4.95189e-005 23.64 2.48406 1.29504 -179.095 -5.08311 -79.8945 -7.82078 13.4335 53.6317 -60.401 -3.18055e-015 -7.95139e-016 13.9266 -59.1672 6.42121 -179.347 4.04716 80.828 -11.7157 -11.5446 -52.0686 -69.0445 -1.59028e-015 -3.18055e-015 72.6197 74.2536 -67.2302 -5.44065 -4.85365 -170.996 -51.8352 1.59028e-015 -1.27222e-014 5.7742 13.1291 3.95045 90 0 -0 -18.3048 -3.45833 174.096 -22.6197 -9.54167e-015 -7.95139e-016 -7.45775 19.2222 14.4375 90 3.97569e-015 6.36111e-015 
-62.9294 88.8675 51.1987 -84.6874 21.0606 178.037 10.4223 -5.61549 3.31944 6.74025 1.70754e-006 5.12264e-006 -5.12265e-006 1.70755e-006 -8.53773e-006 1.70748e-006 -8.53774e-006 -4.95189e-005 23.5185 2.63418 0.809635 -179.054 -5.23028 -79.7345 -8.83917 15.5366 54.729 -61.8592 -3.18055e-015 -3.18055e-015 14.8627 -58.9753 7.46813 -179.42 3.69365 81.0722 -11.8502 -11.3351 -51.5254 -68.1985 -3.18055e-015 -0 72.8864 74.3693 -67.4121 -8.29084 -3.52802 -170.601 -54.6676 -1.59028e-015 -0 -0.307358 12.5055 3.36028 90 0 -0 -17.1021 -3.78839 174.403 -22.4127 3.18056e-015 -1.59028e-015 -6.02296 19.5632 13.5358 90 -7.95139e-016 -6.36111e-015 
-61.9073 89.1209 52.2149 -84.8454 20.7106 178.435 10.4737 -5.04013 3.49402 6.74464 1.70754e-006 5.12264e-006 -5.12265e-006 1.70755e-006 -8.53773e-006 1.70748e-006 -8.53774e-006 -4.95189e-005 23.4996 3.01582 0.296033 -178.978 -5.51857 -79.4935 -9.95052 17.2877 55.7638 -63.558 3.18055e-015 2.38542e-015 15.9965 -59.0499 8.8838 -179.469 3.42912 81.1971 -12.1442 -11.0213 -50.5613 -67.3937 0 -0 71.1854 74.521 -65.6245 -10.564 -1.6197 -170.205 -55.9624 -3.18055e-015 -3.18055e-015 -2.63345 9.47321 2.87293 90 6.36111e-015 -1.59028e-015 -16.4215 -5.52627 174.096 -22.54 -3.18056e-015 -7.95139e-016 -4.51209 18.3872 12.5669 90 3.18055e-015 -0 
-60.9184 89.3435 53.0319 -85.0731 20.3683 179.04 10.468 -4.46548 3.47678 6.681 1.70754e-006 5.12264e-006 -5.12265e-006 1.70755e-006 -8.53773e-006 1.70748e-006 -8.53774e-006 -4.95189e-005 23.6162 3.30121 -0.18845 -178.943 -5.60645 -79.3051 -11.0944 18.6536 56.7812 -65.1324 0 7.95139e-016 16.8171 -59.1168 9.94073 -179.509 3.25012 81.4041 -11.9544 -10.5157 -49.7747 -66.6778 3.18055e-015 -3.18055e-015 70.1232 74.6308 -64.6047 -12.462 0.897977 -169.916 -55.7333 -3.97569e-015 -0 -0.781333 5.65701 5.04876 90 6.36111e-015 -4.77083e-015 -16.0033 -6.89286 173.625 -22.7672 0 2.5842e-015 -3.29316 17.8988 11.6738 90 1.59028e-015 3.18055e-015 
-60.0055 89.5321 53.7505 -85.3697 19.8785 179.466 10.4328 -4.07728 3.60706 6.58748 1.70754e-006 5.12264e-006 -5.12265e-006 1.70755e-006 -8.53773e-006 1.70748e-006 -8.53774e-006 -4.95189e-005 23.6911 3.47571 -0.615469 -178.928 -5.63996 -79.2149 -12.0927 19.5229 57.7322 -66.5459 0 -0 17.9797 -58.0361 11.3171 -179.535 3.11549 81.5076 -11.5136 -9.86256 -49.0463 -66.0255 -1.59028e-015 -6.36111e-015 69.6569 74.8644 -64.1763 -14.0296 3.19394 -169.191 -53.8762 1.59028e-015 3.18055e-015 1.34992 4.61809 6.31398 90 -3.18055e-015 -0 -15.6243 -8.54892 173.249 -22.8021 1.59028e-014 2.83268e-015 -2.22187 17.5268 11.097 90 7.95139e-016 -3.18055e-015 
-59.116 89.6793 54.4065 -85.6552 18.7282 179.612 10.3 -4.24565 3.99218 6.54632 1.70754e-006 5.12264e-006 -5.12265e-006 1.70755e-006 -8.53773e-006 1.70748e-006 -8.53774e-006 -4.95189e-005 23.8076 3.5897 -0.874476 -178.941 -5.51667 -79.1135 -12.9384 20.0288 58.4308 -67.7901 0 -0 18.3778 -57.2559 11.7232 -179.527 3.06672 81.2359 -10.9688 -9.28393 -48.0397 -65.5153 -4.77083e-015 3.18055e-015 66.4131 75.3181 -61.0286 -15.1365 4.77416 -168.301 -50.5913 -3.97569e-016 1.59028e-015 3.44978 3.98206 7.02747 90 3.18055e-015 -3.18055e-015 -14.9195 -10.2614 173.098 -22.5313 3.18056e-015 -2.07482e-015 -1.18959 17.6127 10.8052 90 -1.59028e-015 -3.18055e-015 
-58.2192 89.7852 54.9414 -85.8883 17.4773 179.851 10.098 -4.24521 4.11882 6.48405 1.70754e-006 5.12264e-006 -5.12265e-006 1.70755e-006 -8.53773e-006 1.70748e-006 -8.53774e-006 -4.95189e-005 23.9535 3.38292 -0.857023 -178.971 -5.35418 -79.1037 -13.8961 20.118 58.7755 -68.6927 0 1.59028e-015 18.7737 -56.5502 12.3595 -179.5 3.11589 80.8717 -10.3408 -8.80904 -47.1838 -65.045 4.77083e-015 -3.18055e-015 61.4919 75.492 -56.2402 -15.6363 6.6179 -167.659 -45.9427 5.96354e-016 -3.18055e-015 4.73464 1.21738 8.43297 90 3.18055e-015 7.95139e-016 -14.3275 -11.2604 172.92 -22.5791 -3.18056e-015 -7.95139e-016 -0.269466 18.3209 10.4598 90 1.59028e-015 -6.36111e-015 
-57.3409 89.8119 55.3433 -86.1557 16.1777 -179.94 9.86396 -4.16219 4.19327 6.39496 1.70754e-006 5.12264e-006 -5.12265e-006 1.70755e-006 -8.53773e-006 1.70748e-006 -8.53774e-006 -4.95189e-005 23.79 2.99089 -0.856191 -178.992 -5.26072 -79.1378 -14.2321 19.8649 58.7249 -70.0045 -3.18055e-015 3.18055e-015 19.2656 -55.6633 12.9902 -179.499 3.11142 80.8487 -9.75175 -8.34255 -46.9507 -64.5914 0 -0 60.0047 75.6588 -54.7773 -15.8133 8.74114 -167.054 -40.6779 -5.96354e-016 -0 4.96283 -0.223331 9.78582 90 3.18055e-015 4.96962e-017 -13.9518 -12.08 172.705 -22.9138 0 -2.48481e-015 0.71936 19.1951 10.286 90 7.95139e-016 6.36111e-015 
-56.488 89.7722 55.6979 -86.428 14.4414 179.917 9.62045 -4.22489 4.57871 6.31484 1.70754e-006 5.12264e-006 -5.12265e-006 1.70755e-006 -8.53773e-006 1.70748e-006 -8.53774e-006 -4.95189e-005 23.4487 2.35771 -0.777034 -178.985 -5.24031 -79.025 -14.0576 19.4495 58.1262 -71.7356 0 6.36111e-015 19.1599 -55.5255 13.1841 -179.51 3.00621 80.7324 -9.23902 -8.26043 -46.736 -64.7968 -6.36111e-015 3.18055e-015 55.0013 75.887 -49.7758 -16.0806 10.635 -166.274 -35.8635 0 1.59028e-015 4.27702 -1.19392 10.2287 90 3.18055e-015 -0 -13.3319 -13.3093 172.775 -23.0008 0 -1.39149e-015 1.76717 20.1247 10.2674 90 7.95139e-016 -0 
-55.6175 89.6877 55.9395 -86.7585 12.5484 179.757 9.15749 -3.97472 4.89661 6.25692 1.70754e-006 5.12264e-006 -5.12265e-006 1.70755e-006 -8.53773e-006 1.70748e-006 -8.53774e-006 -4.95189e-005 23.2389 1.27544 -0.625757 -178.957 -5.26615 -78.7767 -13.7774 18.7327 57.0991 -73.2622 9.54166e-015 -1.59028e-015 18.7057 -56.5718 12.972 -179.521 2.92728 80.7006 -9.14088 -8.55811 -46.7586 -65.2235 -3.18055e-015 3.18055e-015 48.8345 76.4014 -43.9041 -16.5147 12.9369 -165.673 -32.0841 -7.95139e-016 -1.59028e-015 3.36276 -3.04002 10.9091 90 3.18055e-015 1.59028e-015 -12.779 -14.6671 172.782 -23.1034 -3.18056e-015 -1.78906e-015 2.75999 21.5386 10.2943 90 -1.59028e-015 1.27222e-014 
-54.707 89.5694 56.0656 -86.983 10.7627 179.6 8.75113 -3.3563 5.02168 6.16032 1.70754e-006 5.12264e-006 -5.12265e-006 1.70755e-006 -8.53773e-006 1.70748e-006 -8.53774e-006 -4.95189e-005 22.8852 0.0888472 -0.502565 -178.872 -5.51739 -78.4284 -13.1932 17.626 55.7579 -74.834 3.18055e-015 -1.59028e-015 18.3884 -56.8836 12.883 -179.546 2.83003 80.8794 -9.7426 -8.89761 -47.1969 -65.7353 6.36111e-015 -0 48.9549 76.7118 -44.2697 -17.3448 16.4037 -165.01 -30.3624 1.59028e-015 3.97569e-015 3.18797 -4.7505 12.0462 90 0 4.77083e-015 -12.3176 -15.8904 172.68 -23.4693 0 -1.98785e-015 3.61119 23.335 10.3024 90 0 1.27222e-014 
-53.6967 89.4164 56.1532 -86.9189 8.51371 179.151 8.46868 -2.80302 5.29478 6.09822 1.70754e-006 5.12264e-006 -5.12265e-006 1.70755e-006 -8.53773e-006 1.70748e-006 -8.53774e-006 -4.95189e-005 22.6531 -1.5781 -0.225863 -178.794 -5.72881 -78.0939 -12.2951 16.3738 54.3615 -76.4134 6.36111e-015 -0 16.5208 -57.5941 11.7045 -179.57 2.70723 80.9815 -10.9759 -9.44902 -47.5563 -66.8338 0 -0 46.7876 76.4825 -42.2927 -18.4817 19.4197 -164.19 -31.2798 0 7.95139e-016 4.30525 -5.77312 12.4027 90 3.18055e-015 6.36111e-015 -11.3039 -17.2038 172.856 -23.7357 3.18056e-015 -1.59028e-015 4.46464 25.0893 10.399 90 0 -0 
-52.5869 89.1922 56.2136 -86.7029 5.61158 178.582 8.098 -2.42666 5.48161 6.05592 1.70754e-006 5.12264e-006 -5.12265e-006 1.70755e-006 -8.53773e-006 1.70748e-006 -8.53774e-006 -4.95189e-005 22.6825 -3.68931 0.492037 -178.787 -5.71165 -77.9885 -11.0583 15.1422 53.0122 -78.3499 -9.54166e-015 -0 14.3635 -59.422 10.2323 -179.594 2.55229 80.9502 -12.9068 -10.3397 -47.7229 -68.4102 0 -2.38542e-015 39.4384 76.77 -35.8373 -19.6734 21.5249 -163.451 -33.918 6.36111e-015 -1.59028e-015 6.35243 -6.1363 11.7969 90 -1.59028e-015 -0 -9.9742 -18.3149 173.266 -24.2638 -3.18056e-015 -5.96354e-016 5.47504 27.4879 10.6247 90 0 3.18055e-015 
-51.3886 88.7892 56.2293 -86.3019 2.23557 178.189 7.785 -2.06782 5.16997 6.01582 1.70754e-006 5.12264e-006 -5.12265e-006 1.70755e-006 -8.53773e-006 1.70748e-006 -8.53774e-006 -4.95189e-005 22.7549 -6.57124 1.99164 -178.839 -5.61644 -78.3036 -9.61873 13.5402 51.5956 -80.7924 -9.54166e-015 -7.95139e-015 14.3805 -61.331 11.0522 -179.65 2.19132 80.9193 -14.6837 -11.3223 -47.7992 -71.8248 6.36111e-015 -6.95746e-016 32.0661 77.6854 -29.3098 -20.6942 23.262 -162.88 -37.3145 3.18055e-015 -1.98785e-015 8.54687 -6.9994 9.52777 90 0 -3.18055e-015 -9.40081 -19.2801 173.347 -26.6528 -3.18056e-015 3.97569e-016 6.74339 30.9332 10.7941 90 -7.95139e-016 9.54166e-015 
-50.2233 88.0561 56.2173 -85.7203 -1.35241 178.226 7.66047 -1.49554 4.0119 5.98452 1.70754e-006 5.12264e-006 -5.12265e-006 1.70755e-006 -8.53773e-006 1.70748e-006 -8.53774e-006 -4.95189e-005 22.8662 -9.52431 4.40552 -178.989 -5.33206 -79.2487 -8.61 11.4859 49.9361 -83.5582 -6.36111e-015 -1.78906e-015 15.5461 -65.1929 12.8911 -179.695 1.98809 81.2771 -16.8844 -11.3532 -48.0101 -76.2054 3.18055e-015 4.77083e-015 25.3602 76.9428 -23.712 -20.4106 24.1124 -163.113 -38.0931 -3.18055e-015 -1.59028e-015 11.3684 -7.22255 9.27563 90 -7.95139e-016 9.54166e-015 -11.5998 -19.3169 172.589 -33.6592 -3.18056e-015 -4.77083e-015 6.78821 36.5243 10.5804 90 0 3.18055e-015 
-49.1055 87.0638 56.2406 -84.8224 -5.72483 178.527 8.05645 -1.67372 2.38401 5.92197 1.70754e-006 5.12264e-006 -5.12265e-006 1.70755e-006 -8.53773e-006 1.70748e-006 -8.53774e-006 -4.95189e-005 23.168 -12.2292 7.23988 -179.223 -4.71045 -80.6251 -7.75368 8.61839 47.8277 -86.0909 -9.54166e-015 -0 15.6769 -68.6217 13.843 -179.754 1.61876 81.3421 -19.8665 -10.2861 -47.0604 -80.3947 0 1.59028e-015 17.5639 76.846 -17.0405 -18.0098 21.6362 -163.967 -36.5161 -6.36111e-015 -2.78299e-015 14.1935 -4.94442 6.6902 90 -7.95139e-016 -3.18055e-015 -17.8188 -18.0075 170.211 -47.9158 0 2.38542e-015 3.16376 41.7754 13.8806 90 7.95139e-016 3.18055e-015 
-47.9633 86.0365 56.5873 -83.6301 -11.5302 179.318 9.0317 -3.09583 -0.0311617 5.75032 1.70754e-006 5.12264e-006 -5.12265e-006 1.70755e-006 -8.53773e-006 1.70748e-006 -8.53774e-006 -4.95189e-005 24.0584 -15.0586 10.8742 -179.494 -3.96133 -82.7139 -8.10387 4.09738 45.4703 -87.0282 -6.36111e-015 2.38542e-015 15.66 -70.8914 14.1494 -179.882 0.702035 80.4763 -22.7323 -8.02177 -44.9819 -83.9078 6.36111e-015 -3.18055e-015 4.46045 75.323 -4.96963 -17.9117 18.0152 -163.697 -39.1857 -6.36111e-015 7.95139e-016 15.7038 -0.280452 2.71873 90 3.97569e-015 6.36111e-015 -25.1318 -15.9724 166.649 -62.9009 1.59028e-015 -5.96354e-016 -8.91872 43.2108 17.4374 90 7.95139e-016 -3.18055e-015 
-46.4965 85.2063 57.7888 -82.6901 -20.7202 179.24 9.9405 -5.48538 -1.32832 5.50566 1.70754e-006 5.12264e-006 -5.12265e-006 1.70755e-006 -8.53773e-006 1.70748e-006 -8.53774e-006 -4.95189e-005 25.7372 -18.5035 15.3741 -179.864 -1.62599 -85.2301 -10.6172 -1.9762 42.751 -85.4916 -3.18055e-015 -7.95139e-016 11.6298 -72.5509 11.0217 -179.938 0.36302 80.2745 -25.2758 -3.63059 -44.2793 -86.797 -3.18055e-015 9.54166e-015 -7.2059 72.2793 5.1961 -19.7329 13.4775 -161.848 -41.94 -6.36111e-015 -3.97569e-015 17.1084 6.14365 -1.18351 90 7.95139e-016 -9.54166e-015 -28.7581 -16.2186 163.34 -71.0719 0 -7.95139e-016 -22.9696 36.8088 20.8824 90 -3.18055e-015 6.36111e-015 
-44.7709 85.0467 59.624 -83.0051 -31.6038 177.906 10.5548 -6.18452 -1.37553 5.13055 1.70754e-006 5.12264e-006 -5.12265e-006 1.70755e-006 -8.53773e-006 1.70748e-006 -8.53774e-006 -4.95189e-005 28.0248 -24.6848 21.5442 179.9 2.55743 -87.7581 -15.6805 -10.0491 40.6489 -82.1114 3.18055e-015 -1.59028e-015 2.35438 -73.8272 1.86421 -179.93 0.453867 81.2342 -27.893 3.77789 -44.3674 -90.2649 0 -3.18055e-015 -22.0383 70.2977 19.4277 -22.2508 6.75357 -160.14 -42.3907 -6.36111e-015 -2.78299e-015 16.3218 11.7859 -5.29303 90 0 3.18055e-015 -29.2196 -18.0403 161.572 -72.9478 1.98785e-015 -6.36111e-015 -26.9737 33.661 18.6185 90 -4.37326e-015 3.18055e-015 
-42.8447 85.2647 61.7423 -84.4619 -42.1873 176.587 11.3715 -5.42043 -2.13448 4.72467 1.70754e-006 5.12264e-006 -5.12265e-006 1.70755e-006 -8.53773e-006 1.70748e-006 -8.53774e-006 -4.95189e-005 30.5995 -32.1744 29.0047 -179.898 6.81477 -90.8599 -21.5395 -20.6749 39.8354 -78.3732 6.36111e-015 4.77083e-015 -1.41993 -75.0949 -1.48206 -179.994 0.0520033 83.2965 -32.953 14.573 -41.5814 -95.065 1.07344e-014 6.36111e-015 -31.6592 66.958 28.1468 -24.8867 1.08849 -159.613 -40.4756 -3.18055e-015 -9.93923e-016 13.5702 17.323 -8.96908 90 9.93923e-017 -3.18055e-015 -28.1369 -17.6117 160.165 -72.4105 1.59028e-015 -6.36111e-015 -25.5065 32.9656 18.5447 90 4.77083e-015 3.18055e-015 
-40.654 85.3165 63.9782 -87.0145 -52.2299 174.705 12.5753 -4.39283 -2.7742 4.10697 1.70754e-006 5.12264e-006 -5.12265e-006 1.70755e-006 -8.53773e-006 1.70748e-006 -8.53774e-006 -4.95189e-005 33.5006 -39.6509 35.6131 -179.002 11.7948 -94.8732 -24.833 -32.3212 39.5581 -74.8627 -3.18055e-015 6.36111e-015 -6.57103 -75.1018 -5.56667 179.902 -1.71346 86.7144 -42.2097 27.4452 -31.3898 -98.9707 5.96354e-015 -0 -31.3423 63.796 25.3079 -28.4339 -1.84748 -159.415 -37.7577 -3.18055e-015 -2.6339e-015 10.7191 22.673 -12.2413 90 0 -9.54166e-015 -24.1087 -15.9968 160.152 -67.3526 -3.18056e-015 3.18056e-015 -22.2343 33.4268 17.6283 90 6.36111e-015 6.36111e-015 
-38.1921 84.8284 65.883 -90.9767 -60.7039 172.353 13.0286 -2.44958 -3.55955 3.35213 1.70754e-006 5.12264e-006 -5.12265e-006 1.70755e-006 -8.53773e-006 1.70748e-006 -8.53774e-006 -4.95189e-005 37.4917 -46.9624 39.5596 -177.58 16.3136 -98.5565 -28.319 -42.7421 36.2297 -68.0488 0 -6.36111e-015 -19.6531 -75.8867 -17.7896 -179.808 -5.71245 91.9308 -55.0662 38.2771 -12.9639 -99.5534 0 -1.59028e-015 -30.7151 59.5049 21.5734 -32.8437 -2.17196 -160.365 -36.1379 0 -4.87022e-015 7.23627 25.0687 -12.3603 90 3.97569e-016 -0 -18.5173 -13.7063 160.402 -59.7371 -1.59028e-015 -0 -16.516 39.589 14.4791 90 -6.36111e-015 -0 
-35.7489 83.5644 67.1134 -94.9655 -66.1921 170.535 13.5128 2.54289 -4.00624 2.25266 1.70754e-006 5.12264e-006 -5.12265e-006 1.70755e-006 -8.53773e-006 1.70748e-006 -8.53774e-006 -4.95189e-005 39.561 -54.6015 40.2878 -176.564 19.6772 -100.113 -32.9931 -50.7297 29.1843 -59.155 -9.54166e-015 -3.18055e-015 -12.4772 -76.1982 -10.3979 -178.76 -6.78851 100.381 -72.3676 44.5316 7.96711 -98.0686 -7.95139e-016 -2.38542e-015 -31.1711 55.8711 19.8458 -36.3472 -3.48382 -162.3 -37.3061 0 -1.49089e-016 6.00614 24.5006 -11.4258 90 -2.98177e-016 -0 -12.7754 -11.183 159.601 -51.3164 -9.54167e-015 -9.54167e-015 -8.80606 44.1476 10.8041 90 3.18055e-015 7.95139e-016 
-33.5454 81.8803 67.4246 -94.9641 -66.0241 172.305 13.7686 11.9815 -3.88 1.45781 1.70754e-006 5.12264e-006 -5.12265e-006 1.70755e-006 -8.53773e-006 1.70748e-006 -8.53774e-006 -4.95189e-005 35.8608 -60.7244 34.7201 -176.604 22.0418 -98.9856 -33.3152 -52.7385 23.0682 -51.7356 -7.15625e-015 3.18055e-015 -21.2995 -78.8448 -19.0086 -178.123 -5.47212 108.968 -90.3983 44.3611 25.1395 -95.5168 0 -7.15625e-015 -26.2467 51.1794 14.7746 -37.843 -4.11608 -162.347 -41.211 0 -7.29912e-015 8.25433 23.4091 -12.4104 90 6.95746e-016 -6.36111e-015 -8.49543 -8.46139 157.213 -41.9948 -9.54167e-015 3.18056e-015 -5.41328 34.6592 14.7887 90 3.18055e-015 -3.18055e-015 
-31.9275 80.3336 66.7326 -90.3942 -56.4321 177.413 13.575 22.8552 -2.63491 1.60892 1.70754e-006 5.12264e-006 -5.12265e-006 1.70755e-006 -8.53773e-006 1.70748e-006 -8.53774e-006 -4.95189e-005 18.4709 -60.8128 15.6099 -179.055 19.0009 -92.9 -24.4181 -48.245 22.5939 -46.4676 -2.38542e-015 7.95139e-016 -46.0571 -78.9543 -43.855 -177.45 -5.47558 115.02 -108.297 39.6563 34.6038 -89.7213 -1.59028e-015 5.11871e-015 -23.7001 43.5844 9.36666 -35.3844 -0.947207 -158.253 -46.7865 0 -1.39149e-015 13.4945 18.7702 -13.2975 90 9.44227e-016 -3.18055e-015 -10.0684 -5.48092 153.487 -34.6128 3.18056e-015 3.18056e-015 -2.82599 29.1106 21.6112 90 0 1.59028e-015 
-30.2303 79.0163 65.0577 -86.1607 -43.2828 -179.912 11.5278 24.672 -0.151275 1.58827 1.70754e-006 5.12264e-006 -5.12265e-006 1.70755e-006 -8.53773e-006 1.70748e-006 -8.53774e-006 -4.95189e-005 17.4219 -53.9679 11.1415 179.851 12.7331 -89.3222 -1.12111 -37.5487 29.9728 -43.7969 1.05977e-014 3.27995e-015 -48.1427 -74.0053 -47.5125 -178.005 -4.25434 115.157 -118.629 39.4694 30.6951 -90.1268 0 -2.14936e-015 -25.7315 42.9347 11.6901 -28.6154 1.31868 -154.653 -52.3675 -6.36111e-015 -5.1684e-015 19.934 8.60511 -11.7022 90 -9.93923e-016 3.18055e-015 -17.8283 -5.82897 151.261 -34.9831 0 -0 -3.96543 27.6946 21.3624 90 0 -0 
-27.9919 78.5434 62.5688 -82.1035 -30.0794 -178.432 9.49321 17.4099 1.8589 1.38558 1.70754e-006 5.12264e-006 -5.12265e-006 1.70755e-006 -8.53773e-006 1.70748e-006 -8.53774e-006 -4.95189e-005 29.0879 -43.0328 17.7345 179.734 6.08346 -87.489 20.7798 -16.0458 33.2062 -38.414 -3.57812e-015 1.59028e-015 -85.5703 -78.5416 -91.3403 -178.229 -4.49997 111.514 -102.296 40.9004 14.3368 -99.9923 1.59028e-015 -5.56597e-015 -29.986 44.1931 15.5058 -17.1084 2.5687 -155.25 -55.201 -3.18055e-015 -8.74653e-015 27.0534 -3.88565 -8.07064 90 1.59028e-015 3.18055e-015 -18.1551 0.194294 152.464 -33.3709 4.77083e-015 -3.18056e-015 -8.06503 22.985 22.1103 90 0 1.59028e-015 
-25.412 78.9235 59.868 -79.4299 -14.851 -178.303 8.61399 8.78978 3.29653 2.60188 1.70754e-006 5.12264e-006 -5.12265e-006 1.70755e-006 -8.53773e-006 1.70748e-006 -8.53774e-006 -4.95189e-005 33.4673 -28.2936 18.1293 -179.973 -0.257298 -84.0497 30.8465 11.7815 37.2724 -30.1164 0 -3.18055e-015 -118.103 -72.6917 -128.497 -178.642 -5.43052 104.062 -78.0076 30.6566 -1.37596 -91.3037 1.59028e-015 -6.36111e-015 -13.7486 48.5359 5.23001 -2.94421 6.80566 -159.018 -52.146 -3.18055e-015 3.57812e-015 31.9134 -10.8706 -4.92768 90 -2.38542e-015 -0 -19.6275 3.15824 153.875 -27.457 -4.77083e-015 3.18056e-015 -16.0155 18.3649 21.9205 90 -1.59028e-015 -6.36111e-015 
-22.95 79.481 58.272 -78.9448 -2.11491 -178.533 8.26837 0.526514 1.95194 4.23387 1.70754e-006 5.12264e-006 -5.12265e-006 1.70755e-006 -8.53773e-006 1.70748e-006 -8.53774e-006 -4.95189e-005 34.2171 -11.8476 18.5181 -179.632 -2.8204 -82.5653 27.3495 32.0396 55.1209 -33.3441 -1.59028e-015 6.36111e-015 -91.3159 -84.0576 -100.665 -179.411 -4.80612 96.9938 -59.9106 25.4621 -12.6526 -74.3154 -7.95139e-015 -0 -73.8241 46.2701 -10.1309 6.2306 10.2819 -164.199 -49.5314 0 -2.98177e-015 32.4863 -11.8607 -1.63549 90 -1.59028e-015 -3.18055e-015 -25.6156 1.67191 155.702 -26.5207 -2.38542e-015 6.36111e-015 -20.8657 15.2596 18.3786 90 0 -0 
-21.4215 79.8397 58.4497 -80.2315 2.31483 -178.835 9.13995 -6.18715 0.0970087 5.71675 1.70754e-006 5.12264e-006 -5.12265e-006 1.70755e-006 -8.53773e-006 1.70748e-006 -8.53774e-006 -4.95189e-005 26.8072 -1.04298 18.9975 -179.287 -4.63513 -81.2451 10.4223 29.4294 68.7307 -42.8082 -1.59028e-015 -4.77083e-015 40.8718 -75.3532 35.4398 179.986 -1.37152 89.4214 -35.7463 16.6599 -18.2576 -64.5101 -3.18055e-015 -7.95139e-016 179.762 43.898 0.983819 7.38529 10.5327 -164.697 -49.4856 6.36111e-015 -3.97569e-015 31.1084 -6.87049 -0.432178 90 6.36111e-015 -0 -30.5999 0.963787 158.021 -31.1236 1.59028e-015 -0 -21.2189 21.9176 16.8763 90 -1.09332e-015 3.18055e-015 
-20.408 79.7261 59.4773 -81.2558 2.00568 -179.139 12.8987 -11.1381 0.273756 5.35886 1.70754e-006 5.12264e-006 -5.12265e-006 1.70755e-006 -8.53773e-006 1.70748e-006 -8.53774e-006 -4.95189e-005 18.6083 8.19034 14.309 179.892 0.655638 -80.6296 -5.44703 23.8598 65.1987 -51.1503 -3.18055e-015 -2.168e-015 15.5811 -55.3973 10.967 -179.91 5.04127 88.9828 -28.6944 -0.63748 -23.1874 -29.2402 3.18055e-015 -0 107.278 43.8269 -25.1111 7.96483 8.8107 -162.826 -47.1791 3.18055e-015 -2.38542e-015 31.0622 -1.8367 -2.58843 90 0 -0 -34.4439 -0.980773 159.39 -36.6379 9.54167e-015 -1.59028e-015 -19.2654 28.9267 14.4636 90 2.98177e-016 3.18055e-015 
-19.886 79.348 60.8147 -84.6575 -0.10003 -179.385 14.2406 -15.3539 2.36037 6.2643 1.70754e-006 5.12264e-006 -5.12265e-006 1.70755e-006 -8.53773e-006 1.70748e-006 -8.53774e-006 -4.95189e-005 12.2129 13.5581 8.48926 179.59 2.79483 -81.6559 -13.2146 17.3492 54.41 -48.9016 0 -6.83322e-015 4.26722 -41.0139 -0.892389 -179.681 3.65725 85.0195 -16.2259 -14.1524 -28.5463 -8.81792 5.56597e-015 -0 23.5537 62.3404 -15.8462 7.24191 4.76554 -161.567 -43.8309 0 3.18055e-015 31.0518 -1.20618 -5.86967 90 -1.59028e-015 1.59028e-015 -40.0277 -4.37896 159.045 -40.7662 9.54167e-015 -0 -16.4643 32.4489 12.802 90 -2.98177e-016 -0 
-19.0295 79.0346 62.1449 -88.2224 0.760362 -179.392 15.9068 -17.2599 4.22635 5.87722 1.70754e-006 5.12264e-006 -5.12265e-006 1.70755e-006 -8.53773e-006 1.70748e-006 -8.53774e-006 -4.95189e-005 9.61232 19.4142 4.175 179.653 2.90195 -83.1706 -6.80066 7.7261 47.0188 -48.9928 3.18055e-015 -0 1.78707 -61.9133 -1.94026 -178.588 8.57351 80.6115 -7.56058 -17.6538 -31.371 -16.6925 -1.78906e-015 6.36111e-015 6.269 64.3216 -2.97498 6.65194 4.35003 -161.393 -40.7905 -4.77083e-015 3.18055e-015 30.4436 -2.77889 -6.37517 90 0 1.59028e-015 -43.6966 -4.6269 159.724 -42.5844 3.18056e-015 -3.18056e-015 -12.6124 31.9378 13.0585 90 3.97569e-016 -1.59028e-014 
-17.6136 79.246 63.6486 -90.7522 3.27411 -179.473 17.0772 -19.2624 4.80274 5.98282 1.70754e-006 5.12264e-006 -5.12265e-006 1.70755e-006 -8.53773e-006 1.70748e-006 -8.53774e-006 -4.95189e-005 9.96382 24.6706 2.97913 179.909 0.916321 -84.3618 -3.96579 5.47275 41.6625 -54.6371 -3.18055e-015 -7.55382e-015 -1.14859 -54.6033 -2.0854 -177.807 11.3766 79.0147 -6.00043 -16.6161 -39.3166 -20.5746 4.77083e-015 6.36111e-015 8.90865 64.9035 -6.35267 5.39194 5.47067 -160.643 -41.1879 0 -3.18055e-015 26.916 -2.89843 -6.09052 90 1.59028e-015 1.59028e-015 -46.4487 -4.89645 161.478 -43.9728 0 -1.59028e-015 -10.7798 30.5154 12.2509 90 -1.98785e-016 -0 
-15.6611 80.0971 65.0379 -92.1093 6.65916 -179.889 17.8116 -18.7199 5.49897 6.46298 1.70754e-006 5.12264e-006 -5.12265e-006 1.70755e-006 -8.53773e-006 1.70748e-006 -8.53774e-006 -4.95189e-005 12.174 28.7771 1.33204 -179.866 -1.17134 -83.443 -3.97819 5.81175 37.8499 -59.5688 -3.18055e-015 6.65929e-015 -1.51219 -55.669 -1.82321 -177.794 10.2083 77.7374 -4.61792 -18.7428 -46.8948 -25.2064 0 -0 7.5031 68.9004 -4.94277 3.20055 3.89904 -159.844 -46.6442 0 -0 17.9671 -2.87892 -6.90413 90 3.18055e-015 -0 -46.5334 -5.33814 163.865 -43.4105 -3.18056e-015 -1.59028e-015 -9.84755 27.9564 11.8809 90 0 -0 
-13.7174 81.1367 65.9357 -93.0032 9.55207 -179.554 18.3239 -17.5152 5.77656 6.81694 1.70754e-006 5.12264e-006 -5.12265e-006 1.70755e-006 -8.53773e-006 1.70748e-006 -8.53774e-006 -4.95189e-005 14.335 32.4662 -2.32938 -179.68 -2.79358 -83.454 -3.7166 5.05877 39.2908 -64.0485 3.18055e-015 -1.03368e-014 -1.12421 -61.5962 -1.62533 -178.019 9.63721 78.3283 -6.31231 -19.4352 -54.6816 -31.024 0 1.59028e-015 8.21778 69.7183 -6.31074 -0.131758 0.262727 -160.883 -52.4349 3.18055e-015 3.18055e-015 7.45659 1.28436 -8.26881 90 1.59028e-015 -0 -45.5429 -5.27989 165.021 -41.9399 -6.36111e-015 -3.97569e-015 -9.2873 25.213 12.6279 90 7.95139e-016 -6.36111e-015 
-11.9608 82.2827 66.3316 -93.6064 12.0783 -179.008 18.9074 -15.5211 5.76127 6.82019 1.70754e-006 5.12264e-006 -5.12265e-006 1.70755e-006 -8.53773e-006 1.70748e-006 -8.53774e-006 -4.95189e-005 16.129 33.7367 -5.30505 -179.618 -3.41684 -83.6277 -4.40943 5.15588 42.1905 -69.0951 3.18055e-015 2.38542e-015 2.04588 -64.7229 0.432453 -178.304 8.90937 79.1819 -9.59725 -18.338 -59.9586 -35.9585 -1.59028e-015 -0 10.8232 69.8771 -9.42964 -4.58496 -1.43344 -162.695 -55.8566 -1.59028e-015 -3.18055e-015 1.39367 11.8214 -4.51024 90 -3.18055e-015 -7.95139e-016 -44.0586 -5.36096 165.816 -39.6276 6.36111e-015 -1.59028e-015 -9.27716 23.7365 12.6529 90 -3.97569e-016 6.36111e-015 
-10.3621 83.5518 66.3255 -93.9575 14.2683 -178.147 19.1833 -13.1065 4.92527 6.96832 1.70754e-006 5.12264e-006 -5.12265e-006 1.70755e-006 -8.53773e-006 1.70748e-006 -8.53774e-006 -4.95189e-005 16.966 33.6297 -6.66453 -179.624 -3.1182 -83.1276 -5.92024 5.22039 44.3798 -73.6444 0 1.59028e-015 8.65288 -63.4064 7.20649 -178.624 7.27418 79.2587 -13.0928 -16.2887 -61.0736 -39.7825 -1.59028e-015 -1.59028e-015 16.1042 70.6733 -14.132 -10.9839 -0.871169 -164.103 -59.37 7.95139e-016 -0 2.76187 10.9076 -0.48009 90 3.18055e-015 7.95139e-016 -42.0135 -4.96749 166.16 -36.51 -9.54167e-015 7.95139e-016 -9.98284 22.7788 12.5874 90 7.95139e-016 -0 
-8.85364 84.8562 65.9958 -93.9373 15.5992 -177.112 19.5709 -10.7524 3.87475 7.11234 1.70754e-006 5.12264e-006 -5.12265e-006 1.70755e-006 -8.53773e-006 1.70748e-006 -8.53774e-006 -4.95189e-005 17.6157 32.9283 -7.91289 -179.744 -1.94919 -82.5254 -8.52752 5.49565 46.1763 -76.7468 -3.18055e-015 4.77083e-015 11.2326 -61.9712 9.68251 -178.989 5.58376 79.7225 -15.5697 -13.3195 -59.7355 -42.8502 -1.19271e-015 -0 16.0662 71.2563 -13.7538 -18.1111 0.460984 -165.08 -61.141 0 -3.18055e-015 6.51192 6.34386 3.34047 90 3.18055e-015 5.56597e-015 -39.4779 -4.98448 165.544 -32.8375 0 -1.59028e-015 -11.0165 21.9769 12.7174 90 0 -3.18055e-015 
-7.40097 86.0324 65.4443 -93.7952 16.3131 -176.306 19.9123 -8.50191 3.17793 7.09947 1.70754e-006 5.12264e-006 -5.12265e-006 1.70755e-006 -8.53773e-006 1.70748e-006 -8.53774e-006 -4.95189e-005 18.6932 31.6162 -9.40528 -179.901 -0.744813 -82.4526 -11.9127 5.99172 48.2707 -78.833 3.18055e-015 -3.18055e-015 12.789 -61.3795 10.5242 -179.269 4.62908 81.019 -16.3989 -9.73203 -57.3185 -45.9394 -1.19271e-015 -1.59028e-015 12.5753 72.0264 -10.1137 -24.5577 2.46635 -165.713 -58.7453 -1.98785e-015 -3.18055e-015 7.87983 4.1848 5.48353 90 -3.18055e-015 3.18055e-015 -36.664 -5.38637 164.659 -28.776 -6.36111e-015 -0 -12.094 21.4744 12.8204 90 0 3.18055e-015 
-5.84962 86.9499 64.7475 -93.607 17.0809 -175.783 19.9879 -6.71491 2.56582 7.01593 1.70754e-006 5.12264e-006 -5.12265e-006 1.70755e-006 -8.53773e-006 1.70748e-006 -8.53774e-006 -4.95189e-005 19.6968 30.479 -10.4421 -179.962 -0.28074 -82.2438 -15.0239 6.99562 49.703 -81.0921 0 -9.54166e-015 14.832 -59.6977 11.9954 -179.442 4.08033 82.2141 -15.8673 -6.16396 -54.207 -49.1378 1.59028e-015 -1.59028e-015 10.4477 74.668 -7.87491 -29.1163 5.10793 -166.303 -51.7862 -1.73937e-015 -3.18055e-015 7.00652 3.91138 6.31585 90 0 7.95139e-016 -33.8433 -5.41633 163.962 -25.0343 3.18056e-015 -0 -13.0843 21.2823 13.3174 90 -1.19271e-015 -0 
-4.01217 87.527 63.9461 -92.9361 18.0523 -175.817 19.8958 -5.4904 2.24654 7.11251 1.70754e-006 5.12264e-006 -5.12265e-006 1.70755e-006 -8.53773e-006 1.70748e-006 -8.53774e-006 -4.95189e-005 21.0871 30.08 -11.3787 -179.943 -0.39459 -81.8659 -17.1343 8.22395 50.8368 -83.2532 0 3.18055e-015 17.1688 -57.4572 14.0986 -179.578 3.58673 83.3016 -14.489 -3.07789 -51.4783 -52.3018 0 -3.18055e-015 6.19746 74.2515 -4.06933 -30.637 6.9561 -167.165 -41.389 -7.95139e-016 3.18055e-015 4.44809 8.10771 2.78187 90 1.59028e-015 -1.59028e-015 -30.9516 -5.44054 163.453 -22.2716 0 -3.18056e-015 -13.5789 21.0129 13.7865 90 0 -3.18055e-015 
-1.72665 87.6603 63.0048 -91.4457 19.4168 -176.609 19.663 -4.45377 2.51954 7.3936 1.70754e-006 5.12264e-006 -5.12265e-006 1.70755e-006 -8.53773e-006 1.70748e-006 -8.53774e-006 -4.95189e-005 23.6863 29.6038 -12.8039 -179.908 -0.620624 -81.5894 -18.1387 9.58949 52.4336 -84.7481 0 3.18055e-015 18.375 -56.4415 15.0486 -179.689 3.3218 84.6509 -13.7252 -1.00277 -49.594 -54.1041 1.59028e-015 -3.18055e-015 3.62239 76.1089 -1.91526 -29.1394 8.29373 -167.885 -30.2676 -7.95139e-016 -0 0.28646 13.7358 -4.42844 90 7.95139e-016 -3.18055e-015 -27.9213 -5.24033 163.109 -21.1095 9.54167e-015 -0 -13.1611 20.4522 14.3144 90 3.97569e-016 3.18055e-015 
0.924197 87.3211 61.944 -89.3807 21.7662 -178.284 19.1771 -3.04795 3.39621 7.76604 1.70754e-006 5.12264e-006 -5.12265e-006 1.70755e-006 -8.53773e-006 1.70748e-006 -8.53774e-006 -4.95189e-005 27.1951 29.6606 -14.9278 -179.789 -1.36678 -81.2425 -19.0108 11.1165 54.134 -85.5535 -6.36111e-015 -3.18055e-015 17.623 -57.456 14.0504 -179.788 3.13629 86.1402 -13.3828 0.0224739 -48.3412 -55.0616 1.59028e-015 -3.18055e-015 6.48365 77.1833 -4.72241 -26.3748 10.1091 -168.362 -23.1443 0 7.95139e-016 -7.67393 15.1538 -1.37057 90 -7.95139e-016 3.18055e-015 -25.0207 -4.43589 163.225 -21.2934 3.18056e-015 1.59028e-015 -12.3431 19.2113 15.628 90 7.95139e-016 -3.18055e-015 
3.47806 86.6912 60.7146 -87.8446 24.4777 -179.822 18.1019 -1.79177 4.06428 7.88566 1.70754e-006 5.12264e-006 -5.12265e-006 1.70755e-006 -8.53773e-006 1.70748e-006 -8.53774e-006 -4.95189e-005 30.262 30.1072 -16.6925 -179.569 -2.59801 -80.5898 -19.7993 12.4354 55.1947 -86.3287 0 -0 16.629 -58.2139 12.8928 -179.802 3.13478 86.385 -13.5777 0.177061 -46.2557 -55.7898 0 -3.18055e-015 10.3789 75.8654 -8.42211 -23.8456 7.76321 -169.189 -25.589 0 7.95139e-016 0.244083 11.7162 -0.55267 90 0 3.18055e-015 -23.869 -3.76118 162.984 -22.6891 3.18056e-015 1.59028e-015 -11.6001 17.083 17.0989 90 3.97569e-016 -3.18055e-015 
5.53011 86.4041 59.4191 -86.2677 26.1274 -179.788 18.0893 -1.78013 2.64332 7.71464 1.70754e-006 5.12264e-006 -5.12265e-006 1.70755e-006 -8.53773e-006 1.70748e-006 -8.53774e-006 -4.95189e-005 31.3563 31.2612 -17.0294 -179.294 -3.86473 -79.6453 -20.3551 12.8222 54.5712 -86.9015 6.36111e-015 -0 15.332 -57.6212 12.0962 -179.726 3.00539 84.7909 -12.2534 0.862905 -44.3191 -56.8055 4.77083e-015 -3.18055e-015 13.0409 74.6425 -10.7539 -22.5594 4.53092 -171.634 -29.4442 3.18055e-015 3.18055e-015 2.91893 7.18475 -0.143947 90 0 -3.18055e-015 -23.171 -2.48485 161.542 -24.3268 9.54167e-015 -3.18056e-015 -11.1482 17.3767 16.569 90 0 -6.36111e-015 
7.2297 86.4169 58.4789 -85.0576 26.6489 179.776 17.8856 -1.55318 2.08642 7.83216 1.70754e-006 5.12264e-006 -5.12265e-006 1.70755e-006 -8.53773e-006 1.70748e-006 -8.53774e-006 -4.95189e-005 31.9007 31.3332 -17.2658 -179.18 -4.27925 -79.1405 -20.7258 12.895 53.9862 -87.0132 -6.36111e-015 -3.18055e-015 12.8795 -57.8544 10.2263 -179.694 3.25026 84.6223 -8.88776 1.57265 -45.8797 -58.1613 1.59028e-015 -3.18055e-015 8.33036 75.5893 -5.78413 -20.934 4.06025 -172.781 -30.5257 0 -1.59028e-015 5.29729 5.28721 -0.344637 90 7.95139e-016 -0 -22.7196 -2.57615 161.334 -25.6806 -3.18056e-015 -3.18056e-015 -11.1925 20.6556 13.7967 90 0 3.18055e-015 
8.53699 86.7654 57.6876 -84.7199 27.0969 179.236 17.2062 -1.5486 1.9939 7.95384 1.70754e-006 5.12264e-006 -5.12265e-006 1.70755e-006 -8.53773e-006 1.70748e-006 -8.53774e-006 -4.95189e-005 32.6608 30.7269 -17.897 -179.051 -4.71095 -78.5993 -20.2273 12.5982 53.5327 -86.8891 3.18055e-015 3.18055e-015 10.8376 -58.9597 8.23059 -179.639 3.81424 84.5947 -6.4278 1.96269 -48.3217 -58.7471 3.97569e-015 9.54166e-015 3.15648 77.9532 -0.551327 -19.6559 5.70265 -172.816 -29.8869 0 2.38542e-015 6.29987 6.38528 -0.0699323 90 7.95139e-016 3.18055e-015 -23.332 -3.23245 161.95 -26.5397 -3.18056e-015 6.36111e-015 -13.6622 25.6082 11.4993 90 -9.93923e-016 -3.18055e-015 
9.48589 87.3627 57.1051 -84.4739 26.8262 178.918 16.9706 -2.49844 1.53051 7.99739 1.70754e-006 5.12264e-006 -5.12265e-006 1.70755e-006 -8.53773e-006 1.70748e-006 -8.53774e-006 -4.95189e-005 32.6982 30.5362 -17.8439 -178.932 -5.30652 -78.6062 -19.3773 11.6282 53.4474 -86.479 3.18055e-015 6.36111e-015 9.15601 -59.6012 6.74501 -179.579 4.13808 84.1865 -4.75027 1.83772 -50.77 -58.772 -7.55382e-015 6.36111e-015 1.69689 79.6911 0.895924 -17.8455 5.37656 -173.552 -27.956 0 -7.95139e-016 6.06324 6.02394 0.376518 90 0 -0 -24.0684 -3.93529 162.3 -27.741 0 1.59028e-015 -16.347 29.2726 10.7614 90 -5.96354e-016 6.36111e-015 
10.0752 88.0007 56.8328 -84.6529 25.7667 178.286 16.5789 -3.5174 1.64631 8.09781 1.70754e-006 5.12264e-006 -5.12265e-006 1.70755e-006 -8.53773e-006 1.70748e-006 -8.53774e-006 -4.95189e-005 32.4705 30.6812 -17.3102 -178.972 -5.36098 -79.1289 -18.5283 10.5473 53.6065 -85.979 -3.18055e-015 -6.36111e-015 7.769 -59.7023 5.51447 -179.522 4.42646 83.8252 -3.8223 0.470621 -52.9646 -58.7875 -4.00986e-015 -0 0.0498247 80.5949 2.33666 -16.5731 4.86202 -173.486 -25.6765 -3.18055e-015 -1.59028e-015 5.42326 6.45731 0.51277 90 0 -6.36111e-015 -25.1945 -5.55208 163.16 -30.4022 3.18056e-015 -3.18056e-015 -16.3154 25.3779 11.7627 90 0 -0 
10.4772 88.5679 56.7602 -84.8035 24.6641 177.627 16.4439 -4.08064 1.71799 8.16721 1.70754e-006 5.12264e-006 -5.12265e-006 1.70755e-006 -8.53773e-006 1.70748e-006 -8.53774e-006 -4.95189e-005 32.2167 30.9047 -16.4192 -179.062 -5.16416 -79.6902 -18.0753 9.47639 53.3976 -85.3836 -9.54166e-015 6.36111e-015 6.37414 -59.8999 4.25234 -179.453 4.61899 83.2431 -3.3322 -1.36598 -54.5407 -58.7582 -4.37326e-015 -3.18055e-015 4.14207 80.2491 -1.93136 -15.4827 5.04097 -173.01 -23.504 -6.36111e-015 -0 4.95327 7.66652 0.544238 90 1.59028e-015 6.36111e-015 -26.0866 -7.35066 164.343 -33.4357 0 2.38542e-015 -14.9692 20.5346 13.9384 90 1.59028e-015 -3.18055e-015 
10.7799 88.9667 56.7924 -85.0976 23.5494 177.218 16.2451 -4.6299 1.61362 8.25915 1.70754e-006 5.12264e-006 -5.12265e-006 1.70755e-006 -8.53773e-006 1.70748e-006 -8.53774e-006 -4.95189e-005 31.9572 30.9574 -15.5644 -179.102 -5.11294 -80.0254 -17.8787 8.5054 52.7435 -84.7215 -3.18055e-015 -1.27222e-014 4.59672 -60.3625 2.94052 -179.397 4.69952 82.6838 -3.30041 -2.91579 -55.8506 -58.2786 7.95139e-016 3.18055e-015 9.35718 79.9126 -7.41288 -14.6201 4.77576 -172.702 -21.5591 3.18055e-015 -0 4.60303 8.19708 0.435197 90 0 6.36111e-015 -26.8816 -9.63516 165.251 -35.875 -3.18056e-015 -5.1684e-015 -12.7624 19.5464 16.6427 90 -2.38542e-015 3.18055e-015 
11.0209 89.1942 56.9231 -85.5246 22.3096 177.029 16.0189 -5.19722 1.48092 8.28258 1.70754e-006 5.12264e-006 -5.12265e-006 1.70755e-006 -8.53773e-006 1.70748e-006 -8.53774e-006 -4.95189e-005 31.7317 31.1616 -14.9728 -179.117 -5.11269 -80.1868 -17.7055 7.65258 51.9619 -83.9524 3.18055e-015 6.36111e-015 3.78664 -60.5336 2.18816 -179.346 4.90275 82.3909 -3.96151 -4.07428 -57.0784 -57.3255 4.77083e-015 -3.18055e-015 11.6465 80.0473 -9.37114 -14.3044 4.52851 -172.429 -20.2267 -3.18055e-015 1.59028e-015 4.20808 8.68611 0.246896 90 -7.95139e-016 -0 -27.2062 -12.0245 165.969 -37.127 -6.36111e-015 -4.17448e-015 -10.2572 18.0942 19.2516 90 0 -6.36111e-015 
11.2541 89.2963 57.1326 -85.9777 21.2366 177.133 15.7238 -5.4105 1.16103 8.26162 1.70754e-006 5.12264e-006 -5.12265e-006 1.70755e-006 -8.53773e-006 1.70748e-006 -8.53774e-006 -4.95189e-005 31.5905 31.0581 -14.4409 -179.151 -4.98726 -80.3295 -17.2738 6.97452 51.4459 -83.2083 -3.18055e-015 -1.27222e-014 3.62079 -59.7816 2.06665 -179.309 5.08432 82.258 -5.22159 -5.17912 -58.0048 -56.2004 6.75868e-015 -0 13.7764 79.8997 -10.7054 -14.3416 4.79926 -172.235 -19.473 -1.59028e-015 7.95139e-016 4.1374 9.84021 -0.623541 90 3.97569e-016 -0 -26.5523 -13.0173 166.993 -36.6584 -3.18056e-015 2.08724e-015 -9.22958 15.1726 22.1316 90 -4.77083e-015 3.18055e-015 
11.4997 89.3078 57.4605 -86.3558 20.3998 177.435 15.3253 -5.30246 0.669245 8.32043 1.70754e-006 5.12264e-006 -5.12265e-006 1.70755e-006 -8.53773e-006 1.70748e-006 -8.53774e-006 -4.95189e-005 31.5776 30.6525 -13.9902 -179.16 -4.92574 -80.3061 -16.7014 6.54268 50.9859 -82.6034 -3.18055e-015 -3.18055e-015 2.94148 -59.4714 1.54328 -179.309 5.1361 82.3226 -7.20225 -6.40423 -58.6578 -54.9595 -2.5842e-015 -0 20.5715 79.3944 -16.969 -14.3065 4.78965 -172.26 -18.9171 -1.59028e-015 7.95139e-016 4.08859 10.488 -1.30059 90 -7.95139e-016 3.18055e-015 -25.442 -14.1392 168.752 -35.0838 9.54167e-015 4.07509e-015 -8.08267 13.6436 17.4145 90 0 6.36111e-015 
11.7365 89.3722 57.8915 -86.7023 19.5881 177.885 14.9108 -4.96496 0.164309 8.32319 1.70754e-006 5.12264e-006 -5.12265e-006 1.70755e-006 -8.53773e-006 1.70748e-006 -8.53774e-006 -4.95189e-005 31.7054 29.8961 -13.5982 -179.129 -4.98812 -80.0873 -16.2891 6.30958 50.4512 -82.0535 0 -3.18055e-015 3.06056 -59.9247 1.6078 -179.325 5.11594 82.4793 -9.78997 -7.92731 -59.0056 -53.8967 9.93923e-016 -3.18055e-015 25.4294 78.3879 -21.7758 -13.991 4.6588 -172.471 -17.9608 0 -0 3.82145 10.977 -1.6868 90 3.97569e-016 -0 -23.3916 -15.2232 169.864 -31.5932 0 -1.98785e-016 -6.96315 14.1623 11.6566 90 1.59028e-015 -3.18055e-015 
11.961 89.4072 58.3856 -87.0135 18.8256 178.391 14.5302 -4.25869 -0.158681 8.29007 1.70754e-006 5.12264e-006 -5.12265e-006 1.70755e-006 -8.53773e-006 1.70748e-006 -8.53774e-006 -4.95189e-005 31.8514 28.4723 -13.2 -179.101 -4.92144 -79.6384 -15.945 6.26389 49.8448 -81.6523 -3.18055e-015 -6.36111e-015 3.33178 -59.5953 1.86012 -179.341 5.1235 82.6594 -12.326 -9.49403 -59.0697 -53.3952 7.95139e-016 -0 28.7332 77.0848 -24.8059 -13.8402 4.24625 -172.766 -17.4297 -1.59028e-015 -0 3.48645 11.1565 -1.84728 90 -7.95139e-016 9.54166e-015 -21.1352 -15.0996 170.507 -28.4899 0 1.73937e-015 -4.94442 16.5475 11.7059 90 2.38542e-015 -6.36111e-015 
12.1048 89.4595 58.8904 -87.3617 18.2798 178.616 14.2551 -3.44043 0.0254431 8.26609 1.70754e-006 5.12264e-006 -5.12265e-006 1.70755e-006 -8.53773e-006 1.70748e-006 -8.53774e-006 -4.95189e-005 31.9139 27.0816 -13.1379 -179.006 -5.08031 -78.9108 -15.5741 6.19673 49.3554 -81.2618 -6.36111e-015 -6.36111e-015 3.30677 -59.3552 1.77129 -179.367 5.09364 82.9026 -14.6732 -10.4625 -58.8616 -53.0729 7.95139e-016 -3.18055e-015 33.4086 74.8573 -28.783 -13.938 3.74807 -172.767 -17.19 0 7.95139e-016 3.07462 11.2471 -1.66059 90 3.97569e-016 -3.18055e-015 -18.9856 -14.3322 171.446 -25.4645 3.18056e-015 7.45443e-016 -3.49096 18.7764 12.6683 90 -2.38542e-015 6.36111e-015 
12.1648 89.5306 59.3466 -87.6751 17.7559 178.619 14.2503 -2.84725 0.593224 8.22187 1.70754e-006 5.12264e-006 -5.12265e-006 1.70755e-006 -8.53773e-006 1.70748e-006 -8.53774e-006 -4.95189e-005 31.7171 26.0004 -13.1911 -178.871 -5.42693 -78.2329 -15.0463 5.99053 49.4033 -80.748 3.18055e-015 -6.36111e-015 3.33507 -59.3561 1.58347 -179.406 4.97917 83.1828 -16.3209 -10.5968 -58.382 -52.8223 -4.77083e-015 6.36111e-015 37.6027 72.4588 -32.2729 -14.0856 3.32058 -172.586 -16.9274 0 -0 2.6192 11.5161 -1.38134 90 -3.97569e-016 -0 -17.2911 -13.9618 172.298 -22.958 -1.27222e-014 -1.88845e-015 -2.71481 20.1979 13.3201 90 0 3.18055e-015 
12.1073 89.6715 59.7489 -87.9903 17.2638 178.411 14.3972 -2.27267 1.42548 8.22671 1.70754e-006 5.12264e-006 -5.12265e-006 1.70755e-006 -8.53773e-006 1.70748e-006 -8.53774e-006 -4.95189e-005 31.2627 24.6542 -12.7238 -178.809 -5.54833 -77.8632 -14.2265 5.6576 50.237 -79.8286 -3.18055e-015 3.18055e-015 4.0236 -59.0774 1.77436 -179.438 4.68421 83.1556 -17.163 -10.2527 -57.4464 -52.6039 0 -0 38.5466 71.8043 -32.6379 -14.1441 3.20845 -172.132 -16.2485 1.59028e-015 -0 2.06192 12.0246 -1.59361 90 3.97569e-016 -0 -16.5281 -13.9794 173.041 -21.6208 -3.18056e-015 4.07509e-015 -2.91584 20.7482 13.376 90 0 -6.36111e-015 
11.9998 89.7914 60.0702 -88.4239 16.7611 178.366 14.4244 -1.9214 2.05186 8.27001 1.70754e-006 5.12264e-006 -5.12265e-006 1.70755e-006 -8.53773e-006 1.70748e-006 -8.53774e-006 -4.95189e-005 30.6278 23.7179 -11.6425 -178.828 -5.56523 -78.0835 -13.3209 5.52491 51.9024 -78.5713 3.18055e-015 1.59028e-015 4.18053 -59.3076 1.53601 -179.475 4.328 83.0822 -17.3384 -9.52592 -56.5951 -52.3575 4.77083e-015 -1.59028e-015 35.9688 72.4484 -30.0486 -14.209 3.50266 -171.77 -15.2218 0 -0 1.52315 12.9373 -1.98989 90 -7.95139e-016 3.18055e-015 -16.293 -14.3838 173.441 -20.731 -3.18056e-015 -3.97569e-016 -3.11966 20.8268 13.3266 90 -1.59028e-015 -0 
11.8603 89.8624 60.3523 -88.8209 16.163 178.411 14.5412 -1.72169 2.57341 8.2811 1.70754e-006 5.12264e-006 -5.12265e-006 1.70755e-006 -8.53773e-006 1.70748e-006 -8.53774e-006 -4.95189e-005 30.0545 23.2282 -10.5221 -178.882 -5.4012 -78.2899 -12.7044 5.92617 53.2332 -77.2309 -3.18055e-015 -7.95139e-015 4.21727 -60.29 1.04778 -179.504 4.03762 82.9961 -16.7314 -8.37355 -55.9887 -52.3367 3.18055e-015 -1.59028e-015 32.5682 73.2909 -26.763 -14.3987 3.80748 -171.601 -14.4883 0 2.38542e-015 0.81317 13.2499 -0.134864 90 -7.95139e-016 6.36111e-015 -16.1078 -14.9921 173.697 -19.8964 6.36111e-015 -9.93923e-017 -3.09613 20.9218 13.1554 90 0 3.18055e-015 
11.7154 89.9055 60.5704 -89.1458 15.4383 178.442 14.7303 -1.53999 3.22193 8.27821 1.70754e-006 5.12264e-006 -5.12265e-006 1.70755e-006 -8.53773e-006 1.70748e-006 -8.53774e-006 -4.95189e-005 29.693 22.3118 -9.7075 -178.918 -5.18397 -78.2025 -12.8459 6.59962 53.9009 -75.337 -3.18055e-015 -1.59028e-015 4.95923 -61.4548 1.41541 -179.527 3.83328 82.9685 -15.6872 -7.05124 -55.5588 -52.4786 0 4.77083e-015 29.6702 73.9885 -23.9151 -14.6645 3.5615 -171.445 -14.0218 -1.59028e-015 -0 0.527834 13.701 -0.804257 90 0 3.18055e-015 -15.8681 -15.3339 173.966 -19.124 -6.36111e-015 -1.49089e-015 -3.02994 21.3767 12.864 90 0 -0 
11.6053 89.9317 60.6946 -89.3762 14.8241 178.55 14.9315 -1.1992 3.8028 8.30619 1.70754e-006 5.12264e-006 -5.12265e-006 1.70755e-006 -8.53773e-006 1.70748e-006 -8.53774e-006 -4.95189e-005 29.4812 21.2743 -9.20315 -178.931 -5.08533 -78.1136 -13.6863 7.24006 54.4588 -72.7684 0 1.59028e-015 6.43739 -61.8403 2.63044 -179.549 3.67604 82.9964 -14.6009 -5.77995 -55.1997 -52.5952 -3.18055e-015 1.59028e-015 28.1027 74.6929 -22.332 -15.0329 3.38544 -171.459 -14.1303 -3.18055e-015 7.95139e-016 0.750607 14.0576 -0.999858 90 1.59028e-015 -6.36111e-015 -15.8168 -15.5465 174.032 -18.7151 -6.36111e-015 -7.95139e-016 -2.96483 21.803 12.5707 90 7.95139e-016 -0 
11.5154 89.9351 60.6918 -89.5875 14.4001 178.745 15.1479 -0.893476 4.21868 8.34767 1.70754e-006 5.12264e-006 -5.12265e-006 1.70755e-006 -8.53773e-006 1.70748e-006 -8.53774e-006 -4.95189e-005 29.3399 20.8455 -8.98797 -178.953 -4.99796 -78.1583 -14.3409 7.86481 55.2879 -70.0495 3.18055e-015 -3.18055e-015 7.53079 -61.6178 3.57735 -179.581 3.4566 83.0949 -13.7878 -4.63966 -54.8292 -52.5667 4.77083e-015 -0 26.5366 75.2429 -20.6666 -15.715 3.54848 -171.676 -14.9125 3.18055e-015 7.95139e-016 0.976251 14.2828 0.0243289 90 -1.59028e-015 3.18055e-015 -15.9852 -15.6428 173.874 -18.571 -6.36111e-015 5.96354e-016 -2.94724 22.0454 12.4765 90 1.59028e-015 -0 
11.4309 89.9121 60.5829 -89.8242 14.2366 178.847 15.3486 -0.530214 4.57903 8.3953 1.70754e-006 5.12264e-006 -5.12265e-006 1.70755e-006 -8.53773e-006 1.70748e-006 -8.53774e-006 -4.95189e-005 29.1653 20.567 -8.91086 -178.97 -4.99222 -78.3238 -14.7178 8.36994 56.3682 -67.4874 0 4.77083e-015 8.97996 -61.5213 4.37988 -179.621 3.25115 83.3522 -13.2971 -3.69285 -54.5771 -52.4551 0 -3.18055e-015 23.6015 75.4991 -17.5522 -16.9077 4.33839 -171.756 -16.5447 -1.59028e-015 -0 1.09795 14.5083 2.0627 90 -1.59028e-015 -3.18055e-015 -16.214 -15.7611 173.747 -18.4162 -3.18056e-015 3.97569e-016 -2.98256 22.024 12.4826 90 2.38542e-015 3.18055e-015 
11.3592 89.8681 60.3834 -90.0005 14.2248 178.797 15.6545 -0.0645566 4.87837 8.43649 1.70754e-006 5.12264e-006 -5.12265e-006 1.70755e-006 -8.53773e-006 1.70748e-006 -8.53774e-006 -4.95189e-005 28.8724 20.3805 -8.62695 -178.967 -5.08192 -78.4974 -15.1063 8.71231 57.4064 -65.0228 6.36111e-015 -1.59028e-015 10.7212 -61.2726 5.37136 -179.65 3.15877 83.6729 -12.906 -2.98886 -54.4521 -52.3945 3.18055e-015 1.59028e-015 20.5602 75.6526 -14.3512 -18.2152 5.11359 -171.73 -18.4022 7.95139e-016 -7.95139e-016 1.17755 15.033 3.04041 90 1.59028e-015 -6.36111e-015 -16.4122 -15.657 173.754 -18.3498 0 -1.98785e-016 -3.01655 22.1297 12.532 90 3.18055e-015 -3.18055e-015 
11.3374 89.7963 60.0748 -90.0785 14.5537 178.709 16.0661 0.443088 4.87442 8.51204 1.70754e-006 5.12264e-006 -5.12265e-006 1.70755e-006 -8.53773e-006 1.70748e-006 -8.53774e-006 -4.95189e-005 28.5549 20.2394 -8.15894 -178.96 -5.16016 -78.5845 -15.1665 9.03656 58.2647 -62.8124 0 -2.38542e-015 12.0698 -61.0249 6.22806 -179.661 3.11245 83.7733 -12.7538 -2.57433 -54.2003 -52.3542 0 -1.59028e-015 18.5226 76.1007 -12.2673 -19.2973 5.86225 -171.67 -19.9728 0 -7.95139e-016 0.832484 15.6132 2.90395 90 1.59028e-015 -0 -16.6575 -15.2575 173.741 -18.4931 3.18056e-015 -1.78906e-015 -2.97784 22.2489 12.7628 90 0 -3.18055e-015 
11.4213 89.6816 59.6822 -90.0045 15.068 178.509 16.52 0.635412 4.66879 8.66253 1.70754e-006 5.12264e-006 -5.12265e-006 1.70755e-006 -8.53773e-006 1.70748e-006 -8.53774e-006 -4.95189e-005 28.4831 19.9667 -7.78792 -178.936 -5.29089 -78.6124 -14.8367 9.42863 59.0006 -60.8131 1.27222e-014 -3.18055e-015 12.6439 -61.1449 6.39477 -179.676 2.9572 83.7555 -12.7826 -2.35188 -54.0285 -52.2301 0 4.77083e-015 17.7838 76.6538 -11.5773 -19.7655 6.26088 -171.501 -20.8102 0 -1.59028e-015 0.688451 13.1585 2.34821 90 0 -0 -16.937 -15.0578 173.651 -18.9362 9.54167e-015 9.93923e-016 -3.00484 21.9066 12.93 90 3.97569e-015 -0 
11.6015 89.5387 59.1977 -89.9169 15.7408 178.207 16.8942 0.531137 4.3854 8.85795 1.70754e-006 5.12264e-006 -5.12265e-006 1.70755e-006 -8.53773e-006 1.70748e-006 -8.53774e-006 -4.95189e-005 28.6237 20.1954 -7.80035 -178.926 -5.34964 -78.6318 -14.1363 9.83153 59.7091 -58.7523 3.18055e-015 -2.38542e-015 12.8611 -61.7004 6.43069 -179.69 2.85499 83.8099 -13.0439 -2.18159 -54.1293 -51.9606 -1.59028e-015 3.18055e-015 18.4751 76.4804 -12.2579 -19.4533 6.33674 -171.335 -20.6173 -2.38542e-015 7.95139e-016 1.46781 12.2778 1.16501 90 7.95139e-016 -0 -17.2527 -14.6487 173.607 -19.5476 9.54167e-015 -9.93923e-016 -2.98365 21.6725 13.319 90 0 -0 
11.8099 89.4579 58.6216 -89.9407 16.3055 178.197 17.1917 0.0847322 3.67632 8.95518 1.70754e-006 5.12264e-006 -5.12265e-006 1.70755e-006 -8.53773e-006 1.70748e-006 -8.53774e-006 -4.95189e-005 28.911 20.798 -7.7951 -178.939 -5.32617 -78.7194 -13.6277 10.1264 60.2307 -56.4036 1.27222e-014 1.59028e-015 12.9987 -62.1191 6.20634 -179.694 2.7267 83.601 -13.1296 -2.11415 -54.2977 -51.5539 -1.59028e-015 -0 19.0013 76.0971 -12.6927 -19.2289 6.14193 -171.643 -20.6885 3.18055e-015 -7.95139e-016 2.20749 11.3254 0.991818 90 0 -0 -17.8007 -14.1913 173.226 -20.2261 3.18056e-015 -2.38542e-015 -3.05499 21.5381 13.6293 90 7.95139e-016 3.18055e-015 
12.0312 89.4702 58.0617 -89.9839 16.4468 178.343 17.4242 -0.427833 2.8836 9.03797 1.70754e-006 5.12264e-006 -5.12265e-006 1.70755e-006 -8.53773e-006 1.70748e-006 -8.53774e-006 -4.95189e-005 29.0975 20.9641 -7.59799 -178.965 -5.29423 -78.9176 -14.1088 10.0936 60.4424 -53.4595 0 5.56597e-015 14.0246 -61.976 6.67187 -179.685 2.73572 83.4262 -12.6061 -2.1539 -54.9692 -51.1884 1.59028e-015 -0 18.4047 76.0591 -11.9973 -19.2003 6.11377 -172.136 -20.8189 1.59028e-015 7.95139e-016 2.38705 11.0943 0.980354 90 -1.59028e-015 3.18055e-015 -17.9938 -14.0074 172.735 -20.2574 3.18056e-015 1.59028e-015 -3.28072 21.4638 13.6722 90 4.77083e-015 -1.27222e-014 
12.2871 89.5184 57.5703 -90.0636 16.3367 178.276 17.5267 -0.61898 2.44143 9.11962 1.70754e-006 5.12264e-006 -5.12265e-006 1.70755e-006 -8.53773e-006 1.70748e-006 -8.53774e-006 -4.95189e-005 29.2144 20.7085 -7.3673 -179.009 -5.12614 -79.0384 -14.5466 9.72683 60.3487 -50.8779 0 -5.96354e-016 16.6083 -60.386 8.33813 -179.661 2.91414 83.3583 -11.7837 -2.546 -55.9135 -50.7841 1.59028e-015 -0 17.8352 76.1177 -11.4255 -19.1438 5.96601 -172.484 -20.8113 0 -0 2.51369 10.9299 1.31077 90 -7.95139e-016 -6.36111e-015 -17.7005 -14.1287 172.514 -19.5804 6.36111e-015 1.98785e-015 -3.69028 21.4944 13.9061 90 3.18055e-015 9.54166e-015 
12.5671 89.5857 57.0715 -90.2319 16.4368 178.235 17.5062 -0.55696 1.99065 9.14106 1.70754e-006 5.12264e-006 -5.12265e-006 1.70755e-006 -8.53773e-006 1.70748e-006 -8.53774e-006 -4.95189e-005 29.3242 20.4519 -7.29122 -179.019 -5.06252 -79.0106 -14.3348 9.26184 60.0771 -49.2912 0 -5.56597e-015 17.7768 -58.5224 8.79289 -179.637 3.09778 83.3144 -11.5463 -3.28876 -56.7226 -50.0259 3.18055e-015 -6.36111e-015 17.7634 76.3691 -11.3047 -19 5.92194 -172.799 -20.5497 0 -0 2.60972 10.6673 1.3853 90 7.95139e-016 -0 -17.4454 -14.166 172.305 -18.7821 3.18056e-015 -0 -4.25419 21.3551 14.3497 90 1.59028e-015 -3.18055e-015 
12.8713 89.6534 56.5608 -90.4425 16.6786 178.33 17.4113 -0.517257 1.40817 9.14005 1.70754e-006 5.12264e-006 -5.12265e-006 1.70755e-006 -8.53773e-006 1.70748e-006 -8.53774e-006 -4.95189e-005 29.3747 20.2232 -7.34053 -178.98 -5.25694 -79.0031 -13.86 8.75695 59.8001 -48.3871 3.18055e-015 -5.2181e-016 16.9265 -58.296 7.79754 -179.626 3.15701 83.2418 -11.7798 -4.18711 -57.3583 -49.0265 -3.18055e-015 3.18055e-015 19.8678 75.8192 -13.2467 -18.8311 6.1357 -173.181 -20.2291 0 3.97569e-016 2.80719 10.5156 1.57199 90 0 3.18055e-015 -17.3037 -14.201 171.96 -17.9934 3.18056e-015 -3.97569e-016 -4.87211 20.9961 14.7512 90 -1.59028e-015 -6.36111e-015 
13.1783 89.7099 56.0993 -90.5541 16.7476 178.333 17.3743 -0.460032 0.989716 9.17129 1.70754e-006 5.12264e-006 -5.12265e-006 1.70755e-006 -8.53773e-006 1.70748e-006 -8.53774e-006 -4.95189e-005 29.2776 20.1189 -7.2905 -179.005 -5.18166 -79.1137 -13.0796 8.19105 59.5573 -47.967 3.18055e-015 6.65929e-015 15.1688 -59.3596 6.36391 -179.635 3.11776 83.3273 -12.0522 -5.08609 -58.1035 -47.9646 -3.18055e-015 9.54166e-015 22.5729 75.2058 -15.6819 -18.679 6.18513 -173.492 -20.0586 -1.59028e-015 -0 2.86497 10.4584 1.5004 90 3.97569e-016 3.18055e-015 -16.9949 -14.3898 171.698 -17.1684 -6.36111e-015 7.95139e-016 -5.43943 20.702 15.0109 90 3.18055e-015 3.18055e-015 
13.4566 89.7533 55.6925 -90.5676 16.7304 178.23 17.4481 -0.246809 0.718021 9.23949 1.70754e-006 5.12264e-006 -5.12265e-006 1.70755e-006 -8.53773e-006 1.70748e-006 -8.53774e-006 -4.95189e-005 28.8991 19.7359 -6.98277 -179.078 -4.93631 -79.4061 -12.4804 7.49593 59.3214 -47.9649 -9.54166e-015 3.47873e-015 14.4547 -60.5789 5.7052 -179.652 3.05381 83.4971 -12.2795 -5.90549 -58.8635 -47.0213 0 -0 24.958 74.5148 -17.7419 -18.5787 6.29334 -173.656 -20.0958 -1.59028e-015 -1.19271e-015 3.0551 10.59 1.50134 90 3.97569e-016 -0 -16.6248 -14.6327 171.558 -16.4621 -6.36111e-015 -1.59028e-015 -5.88023 20.526 15.0474 90 -7.95139e-016 3.18055e-015 
13.723 89.7765 55.2978 -90.5427 16.6328 178.213 17.5243 -0.0706671 0.428366 9.32723 1.70754e-006 5.12264e-006 -5.12265e-006 1.70755e-006 -8.53773e-006 1.70748e-006 -8.53774e-006 -4.95189e-005 28.4553 19.2152 -6.54372 -179.156 -4.68673 -79.7805 -12.1052 6.66511 59.0341 -48.196 -3.18055e-015 -4.77083e-015 14.2823 -60.8263 5.59339 -179.687 2.88744 83.8064 -12.4515 -6.54758 -59.6844 -46.1434 -3.18055e-015 9.54166e-015 26.0609 73.8549 -18.567 -18.3918 6.19348 -173.998 -20.0602 1.59028e-015 -3.97569e-016 3.14055 10.5631 1.65714 90 0 -6.36111e-015 -16.38 -14.7847 171.273 -16.0226 6.36111e-015 1.59028e-015 -6.32098 20.407 15.2266 90 -7.95139e-016 -0 
13.9684 89.7948 54.9181 -90.5743 16.4816 178.247 17.4879 0.0430228 0.209069 9.44697 1.70754e-006 5.12264e-006 -5.12265e-006 1.70755e-006 -8.53773e-006 1.70748e-006 -8.53774e-006 -4.95189e-005 28.1277 19.1543 -6.22299 -179.253 -4.29926 -80.136 -11.7784 5.88817 58.6501 -48.6553 -3.18055e-015 4.96962e-016 13.6717 -60.9391 5.13237 -179.741 2.58959 84.2837 -12.5166 -7.02862 -60.5704 -45.4228 -3.18055e-015 -3.18055e-015 26.4975 73.4368 -18.7408 -18.2633 6.05719 -174.368 -20.0126 -1.59028e-015 -0 3.24583 10.5237 1.79489 90 -3.97569e-016 6.36111e-015 -16.3685 -14.9279 170.919 -15.8937 -9.54167e-015 2.38542e-015 -6.6876 20.3588 15.3822 90 -1.59028e-015 -6.36111e-015 
14.2015 89.8178 54.5959 -90.5685 16.3404 178.262 17.5249 0.135731 0.0302148 9.47168 1.70754e-006 5.12264e-006 -5.12265e-006 1.70755e-006 -8.53773e-006 1.70748e-006 -8.53774e-006 -4.95189e-005 27.8446 18.8519 -5.92959 -179.35 -3.93324 -80.6034 -11.5288 5.03254 58.3125 -49.1609 3.18055e-015 1.98785e-016 13.2878 -61.3508 4.84924 -179.784 2.34083 84.7254 -12.5958 -7.30353 -61.292 -45.0307 -1.59028e-015 3.18055e-015 26.8593 73.0976 -18.8729 -18.13 6.1101 -174.652 -20.0011 1.59028e-015 7.95139e-016 3.41118 10.6675 2.02291 90 3.97569e-016 3.18055e-015 -16.41 -15.0541 170.613 -15.9224 -3.18056e-015 -0 -7.02694 20.3469 15.3918 90 1.59028e-015 1.27222e-014 
14.4183 89.8298 54.3207 -90.5354 16.1659 178.267 17.589 0.153278 -0.12007 9.48054 1.70754e-006 5.12264e-006 -5.12265e-006 1.70755e-006 -8.53773e-006 1.70748e-006 -8.53774e-006 -4.95189e-005 27.4246 18.3247 -5.57494 -179.436 -3.62212 -81.1381 -11.3257 4.08021 58.0101 -49.69 -3.18055e-015 2.43511e-015 12.6551 -61.5509 4.40326 -179.812 2.22611 85.1764 -12.7226 -7.34129 -61.8628 -45.0638 0 3.18055e-015 27.3555 72.5963 -19.1408 -17.9854 5.98908 -174.927 -20.0076 3.18055e-015 3.97569e-016 3.47232 10.6655 2.09063 90 -3.97569e-016 3.18055e-015 -16.4035 -15.0717 170.333 -15.9969 -6.36111e-015 -0 -7.37206 20.4499 15.5749 90 0 3.18055e-015 
14.5782 89.8488 54.0729 -90.3861 15.9762 178.19 17.7269 0.157082 -0.144985 9.658 1.70754e-006 5.12264e-006 -5.12265e-006 1.70755e-006 -8.53773e-006 1.70748e-006 -8.53774e-006 -4.95189e-005 26.924 17.9928 -5.35448 -179.547 -3.07773 -81.6304 -11.0823 3.08658 57.5997 -50.2676 -3.18055e-015 3.47873e-016 11.9993 -62.1892 3.89507 -179.864 1.90317 85.9007 -12.5847 -7.14557 -62.502 -45.4494 -1.59028e-015 1.59028e-015 27.139 72.7736 -18.9652 -17.7778 5.75173 -175.16 -20.0323 -1.59028e-015 -0 3.51766 10.6644 2.26592 90 -7.95139e-016 3.18055e-015 -16.3985 -15.1183 170.106 -16.2114 3.18056e-015 7.95139e-016 -7.85755 20.4906 15.6804 90 0 3.18055e-015 
14.6876 89.8764 53.8469 -90.2593 15.829 178.031 17.8286 0.275754 -0.0126381 9.77866 1.70754e-006 5.12264e-006 -5.12265e-006 1.70755e-006 -8.53773e-006 1.70748e-006 -8.53774e-006 -4.95189e-005 26.9455 17.5957 -5.18841 -179.666 -2.39807 -82.0757 -11.1595 2.11154 57.0739 -50.4463 0 -1.47225e-015 11.4038 -62.5791 3.49391 -179.913 1.51125 86.7293 -12.5327 -6.86116 -62.9715 -45.9264 0 -0 26.2609 73.1088 -18.156 -17.6608 5.57994 -175.273 -20.1053 -3.18055e-015 -1.98785e-016 3.49417 10.5903 2.51222 90 -7.95139e-016 -0 -16.538 -15.1548 169.953 -16.5918 -6.36111e-015 -2.38542e-015 -8.55976 20.5111 15.8996 90 0 -9.54166e-015 
14.7722 89.908 53.6294 -90.2739 15.7271 177.915 17.6776 0.281851 0.0964138 9.88531 1.70754e-006 5.12264e-006 -5.12265e-006 1.70755e-006 -8.53773e-006 1.70748e-006 -8.53774e-006 -4.95189e-005 27.4056 17.3556 -5.07723 -179.755 -1.88578 -82.5894 -11.258 1.00972 56.7414 -50.4137 -9.54166e-015 -1.68967e-015 10.9503 -62.3788 2.98789 -179.949 1.12688 87.4044 -13.0345 -6.51656 -62.9756 -46.3411 0 1.59028e-015 26.1133 73.2273 -18.041 -17.657 5.35589 -175.376 -20.1102 0 1.98785e-016 3.44368 10.5662 2.66131 90 0 -6.36111e-015 -16.8988 -15.2915 169.731 -17.0452 6.36111e-015 7.95139e-016 -9.31305 20.2909 16.2843 90 -7.95139e-016 3.18055e-015 
14.8644 89.9298 53.4341 -90.3482 15.5626 177.857 17.4942 0.139303 0.153703 9.84287 1.70754e-006 5.12264e-006 -5.12265e-006 1.70755e-006 -8.53773e-006 1.70748e-006 -8.53774e-006 -4.95189e-005 27.9536 17.457 -4.93922 -179.79 -1.6878 -82.924 -11.4111 -0.0869735 56.3385 -50.4817 0 2.98177e-015 10.7218 -62.2003 2.77075 -179.954 1.16109 87.7459 -14.0784 -6.02786 -62.4146 -46.7375 0 -3.18055e-015 26.0916 72.8568 -18.0057 -17.6997 5.14262 -175.5 -20.1168 1.59028e-015 1.98785e-016 3.45744 10.5873 2.72228 90 3.97569e-016 -3.18055e-015 -17.2379 -15.3102 169.486 -17.4705 0 -3.97569e-015 -9.98716 20.0971 16.7393 90 -2.38542e-015 3.18055e-015 
14.9759 89.9421 53.2557 -90.3188 15.3854 177.844 17.4415 0.072726 0.133349 9.75766 1.70754e-006 5.12264e-006 -5.12265e-006 1.70755e-006 -8.53773e-006 1.70748e-006 -8.53774e-006 -4.95189e-005 28.2293 17.585 -4.76091 -179.811 -1.54387 -83.0075 -11.4785 -1.0564 55.8419 -50.8352 0 8.24956e-015 10.3814 -62.1364 2.6538 -179.948 1.2826 87.6762 -14.4469 -5.48203 -61.4492 -47.5981 0 -1.59028e-015 26.5367 72.6232 -18.448 -17.536 4.77365 -175.721 -20.0141 0 3.97569e-016 3.51362 10.4563 2.77308 90 -3.97569e-016 -0 -17.5095 -15.0268 169.186 -18.0595 6.36111e-015 -0 -10.652 20.1389 17.3583 90 -7.95139e-016 1.27222e-014 
15.1132 89.9528 53.0807 -89.9595 15.1923 177.757 17.6503 0.0186383 0.119466 9.85838 1.70754e-006 5.12264e-006 -5.12265e-006 1.70755e-006 -8.53773e-006 1.70748e-006 -8.53774e-006 -4.95189e-005 28.1363 17.6924 -4.6214 -179.83 -1.39952 -83.0742 -11.3378 -1.91617 55.572 -51.6947 0 -2.98177e-015 9.56645 -62.5288 1.94832 -179.945 1.31897 87.624 -14.0688 -4.68478 -60.6039 -48.7204 -3.18055e-015 1.59028e-015 25.5042 73.1678 -17.5875 -17.0429 4.55526 -175.927 -19.8994 -3.18055e-015 1.98785e-016 3.5701 10.3791 2.79678 90 0 -9.54166e-015 -17.8171 -14.3162 168.906 -19.3559 3.18056e-015 3.97569e-015 -11.4224 20.5902 17.7814 90 1.59028e-015 3.18055e-015 
15.171 89.9448 52.9196 -89.6997 14.9496 177.631 17.8232 -0.187566 0.167183 9.91923 1.70754e-006 5.12264e-006 -5.12265e-006 1.70755e-006 -8.53773e-006 1.70748e-006 -8.53774e-006 -4.95189e-005 28.0861 17.9707 -4.39173 -179.835 -1.38916 -83.2446 -11.2425 -2.52437 55.5119 -52.7158 6.36111e-015 -4.17448e-015 9.27138 -62.9069 1.70653 -179.946 1.32062 87.6751 -13.3989 -3.58759 -60.0093 -49.7012 1.59028e-015 -3.18055e-015 23.6005 73.7025 -15.9379 -16.7843 4.41007 -176.047 -19.8697 -3.18055e-015 9.93923e-017 3.57017 10.5191 2.97092 90 -3.97569e-016 -0 -18.8711 -13.2563 168.756 -21.7257 3.18056e-015 -3.18056e-015 -12.4256 21.63 17.7767 90 -7.95139e-016 -3.18055e-015 
15.1497 89.9254 52.7833 -89.6395 14.8004 177.57 17.8669 -0.47439 0.157012 9.92771 1.70754e-006 5.12264e-006 -5.12265e-006 1.70755e-006 -8.53773e-006 1.70748e-006 -8.53774e-006 -4.95189e-005 28.0887 18.4373 -4.22738 -179.829 -1.45662 -83.3076 -11.3256 -2.71397 55.3257 -53.7262 -3.18055e-015 -3.18055e-015 8.42002 -63.3679 1.10546 -179.949 1.26909 87.7255 -12.6854 -2.36144 -59.588 -50.554 -7.95139e-015 3.18055e-015 22.429 73.991 -14.8619 -16.6928 4.45948 -176.095 -19.7073 -1.59028e-015 7.95139e-016 3.56059 10.7035 2.93402 90 -1.19271e-015 3.18055e-015 -20.7119 -12.2937 168.674 -24.7568 6.36111e-015 -0 -13.5771 22.7854 17.0042 90 1.59028e-015 -3.18055e-015 
15.0897 89.9166 52.7476 -89.6491 14.666 177.549 17.9472 -0.786337 0.0972862 9.82749 1.70754e-006 5.12264e-006 -5.12265e-006 1.70755e-006 -8.53773e-006 1.70748e-006 -8.53774e-006 -4.95189e-005 28.1483 18.5805 -4.13877 -179.818 -1.5651 -83.3506 -11.5784 -2.62096 55.0933 -54.4213 -9.54166e-015 -2.38542e-015 6.44875 -63.5454 -0.348573 -179.955 1.15405 87.7633 -11.9515 -1.2002 -59.4059 -51.2374 -3.18055e-015 -0 20.7624 74.3435 -13.2857 -16.6315 4.72323 -176.019 -19.4316 -1.59028e-015 -5.96354e-016 3.59884 11.069 2.6447 90 3.97569e-016 -3.18055e-015 -22.5044 -11.863 168.681 -27.4703 0 -7.95139e-016 -13.9523 24.4456 16.7119 90 1.59028e-015 -3.18055e-015 
15.0062 89.9418 52.8722 -89.7351 14.3445 177.534 18.0096 -0.997311 0.12529 9.72492 1.70754e-006 5.12264e-006 -5.12265e-006 1.70755e-006 -8.53773e-006 1.70748e-006 -8.53774e-006 -4.95189e-005 28.0239 18.4627 -4.17641 -179.793 -1.7102 -83.0912 -12.0264 -2.42736 54.555 -54.8939 6.36111e-015 2.38542e-015 5.48651 -63.51 -0.907236 -179.955 1.18304 87.8393 -11.3132 -0.344703 -59.5067 -51.9288 4.77083e-015 -6.36111e-015 19.7384 74.5332 -12.33 -16.6047 4.757 -175.882 -19.0709 -1.59028e-015 -1.98785e-016 3.53833 11.3688 2.30836 90 3.97569e-016 3.18055e-015 -23.7035 -11.812 168.992 -29.2032 3.18056e-015 3.97569e-016 -11.2016 21.8203 17.1758 90 0 9.54166e-015 
14.9717 89.9811 53.1625 -89.715 13.7426 177.527 18.1186 -1.0491 0.237663 9.69792 1.70754e-006 5.12264e-006 -5.12265e-006 1.70755e-006 -8.53773e-006 1.70748e-006 -8.53774e-006 -4.95189e-005 27.8752 18.3196 -4.17628 -179.787 -1.65864 -82.69 -12.3585 -2.29101 54.1207 -55.0846 -3.18055e-015 6.75868e-015 4.55972 -62.9472 -1.89609 -179.954 1.26495 87.9363 -10.8895 -0.0610557 -59.7161 -52.5312 1.59028e-015 -0 18.57 74.8836 -11.2003 -16.4138 4.45833 -175.775 -18.6921 0 9.93923e-017 3.4964 11.5938 1.89092 90 3.97569e-016 3.18055e-015 -23.425 -11.4171 169.753 -28.5304 0 1.19271e-015 -8.97286 16.9238 19.7936 90 0 3.18055e-015 
15.028 89.9688 53.5967 -89.5179 12.9486 177.737 18.1802 -1.06905 0.11988 9.83568 1.70754e-006 5.12264e-006 -5.12265e-006 1.70755e-006 -8.53773e-006 1.70748e-006 -8.53774e-006 -4.95189e-005 27.8851 18.3419 -4.11355 -179.798 -1.58344 -82.7181 -12.573 -2.07601 54.4217 -54.9831 -1.90833e-014 -4.77083e-015 1.05349 -62.1637 -5.2049 -179.953 1.46565 88.174 -11.2517 -0.273058 -60.0211 -52.6851 0 3.18055e-015 18.3068 75.1283 -11.0489 -16.0121 4.09093 -175.843 -18.376 -1.59028e-015 -3.97569e-016 3.50019 12.0232 1.13034 90 -1.98785e-016 3.18055e-015 -22.0192 -10.3083 170.664 -26.3663 -3.18056e-015 7.95139e-016 -8.37828 13.1277 21.6805 90 -1.59028e-015 9.54166e-015 
15.0847 89.942 54.1612 -89.4431 11.8582 178.127 18.0475 -1.19806 -0.0560262 9.91404 1.70754e-006 5.12264e-006 -5.12265e-006 1.70755e-006 -8.53773e-006 1.70748e-006 -8.53774e-006 -4.95189e-005 28.1488 18.4155 -4.07874 -179.812 -1.48749 -82.8122 -12.6674 -1.57925 54.9305 -54.8802 3.18055e-015 -2.78299e-015 -2.98767 -61.4949 -8.91177 -179.953 1.70201 88.4126 -12.2462 -0.925559 -60.2507 -52.5545 0 -3.18055e-015 19.9096 74.8805 -12.4765 -15.7725 3.86671 -175.972 -18.1111 1.59028e-015 1.98785e-016 3.67736 12.7676 0.580213 90 0 3.18055e-015 -20.5268 -9.11474 171.701 -24.3953 3.18056e-015 -7.95139e-016 -7.24234 11.2714 17.627 90 0 3.18055e-015 
15.1396 89.8752 54.8258 -89.564 10.4674 178.68 17.6635 -1.27269 -0.180136 9.92104 1.70754e-006 5.12264e-006 -5.12265e-006 1.70755e-006 -8.53773e-006 1.70748e-006 -8.53774e-006 -4.95189e-005 28.4771 18.1151 -4.03196 -179.81 -1.46525 -82.6014 -12.9574 -1.08841 55.1565 -54.4129 9.54166e-015 -1.98785e-016 -4.77736 -61.0711 -10.1886 -179.953 1.89085 88.5864 -13.245 -1.98688 -60.4321 -52.3563 0 -0 22.3689 74.3265 -14.851 -15.8571 3.53021 -176.185 -17.9647 0 -1.98785e-016 3.54573 13.6545 -0.508288 90 -1.98785e-016 6.36111e-015 -19.0361 -8.4177 172.016 -22.8474 0 -2.38542e-015 -5.94501 13.1376 15.6168 90 -1.59028e-015 3.18055e-015 
15.1443 89.8244 55.5539 -89.7666 9.10636 179.168 17.281 -1.02366 -0.107592 9.87887 1.70754e-006 5.12264e-006 -5.12265e-006 1.70755e-006 -8.53773e-006 1.70748e-006 -8.53774e-006 -4.95189e-005 28.6326 17.6877 -4.15691 -179.814 -1.36006 -82.2179 -13.5156 -0.4529 55.2658 -53.5583 -3.18055e-015 -1.25234e-014 -9.68197 -60.1157 -13.836 -179.948 2.09689 88.5758 -14.3248 -3.08964 -60.3597 -51.9342 -3.18055e-015 4.77083e-015 24.5712 73.9595 -16.9895 -16.0866 3.04101 -176.34 -17.8887 -1.59028e-015 -0 3.51954 14.237 -1.09511 90 -9.93923e-017 3.18055e-015 -17.7411 -9.18519 171.95 -20.9941 -3.18056e-015 -1.59028e-015 -4.50414 14.1828 15.1962 90 1.59028e-015 -1.59028e-014 
15.0747 89.8465 56.2781 -89.9959 8.24839 179.409 17.1178 -0.369601 0.234991 9.73179 1.70754e-006 5.12264e-006 -5.12265e-006 1.70755e-006 -8.53773e-006 1.70748e-006 -8.53774e-006 -4.95189e-005 28.6718 17.4694 -4.76004 -179.791 -1.41967 -81.6311 -13.5844 0.0179871 55.4937 -52.9289 -6.36111e-015 7.45443e-016 -14.2103 -58.4729 -17.3319 -179.943 2.1775 88.4932 -15.4462 -3.83227 -60.0189 -51.1382 6.36111e-015 3.18055e-015 26.106 73.227 -18.4474 -16.2641 2.20651 -176.339 -17.6833 0 -3.97569e-016 3.33748 14.1043 -0.893356 90 7.95139e-016 -0 -17.1178 -9.77843 172.264 -19.8801 3.18056e-015 2.38542e-015 -3.82518 15.3259 14.667 90 0 3.18055e-015 
14.9599 89.9432 56.9902 -90.0595 7.77873 179.39 17.2481 0.305247 0.720573 9.66891 1.70754e-006 5.12264e-006 -5.12265e-006 1.70755e-006 -8.53773e-006 1.70748e-006 -8.53774e-006 -4.95189e-005 28.5884 17.5945 -5.47419 -179.742 -1.67851 -81.2849 -12.7605 0.146235 56.2916 -52.5469 6.36111e-015 1.59028e-015 -16.57 -58.7416 -18.9117 -179.936 2.16641 88.33 -16.4944 -3.91457 -59.4143 -50.2016 6.36111e-015 1.59028e-015 28.0589 71.7902 -20.0034 -16.0054 1.51962 -176.04 -16.9249 -7.95139e-016 -0 2.77156 13.7385 -1.06332 90 3.97569e-016 3.18055e-015 -16.905 -9.24183 172.949 -19.772 3.18056e-015 -1.98785e-015 -3.82012 16.6283 14.0984 90 -3.18055e-015 3.18055e-015 
14.8833 90.001 57.6958 -89.9828 7.00714 179.467 17.3854 0.321045 1.00879 9.74169 1.70754e-006 5.12264e-006 -5.12265e-006 1.70755e-006 -8.53773e-006 1.70748e-006 -8.53774e-006 -4.95189e-005 28.5774 17.9409 -5.58452 -179.71 -1.9505 -81.5328 -11.5219 0.485725 57.6634 -52.6648 6.36111e-015 -7.15625e-015 -18.8581 -60.4441 -20.7172 -179.934 1.99616 88.1101 -16.897 -3.62823 -58.842 -49.6398 6.36111e-015 -4.77083e-015 29.2785 70.5791 -20.7465 -15.585 1.21722 -175.765 -16.0813 0 -0 2.46126 13.9818 -1.73737 90 0 -3.18055e-015 -16.6013 -9.43031 173.241 -19.7918 -3.18056e-015 -0 -3.37571 17.0545 13.6553 90 0 -3.18055e-015 
14.7866 90.0237 58.3829 -90.0624 5.88892 179.594 17.3235 0.0529212 1.35599 9.77597 1.70754e-006 5.12264e-006 -5.12265e-006 1.70755e-006 -8.53773e-006 1.70748e-006 -8.53774e-006 -4.95189e-005 28.7743 18.241 -5.53703 -179.673 -2.16701 -81.4247 -11.3035 1.4449 58.0666 -53.0162 3.18055e-015 -5.1684e-015 -19.4272 -61.0827 -20.7807 -179.924 2.01124 87.8349 -16.6092 -3.17768 -58.384 -49.5997 0 -0 28.5566 70.5852 -19.8733 -15.4742 0.976952 -175.494 -15.3682 0 -7.95139e-016 2.3074 14.5679 -2.65341 90 -1.98785e-016 -3.18055e-015 -16.4861 -10.4257 173.335 -19.7889 0 -3.97569e-016 -2.72852 17.1803 13.1325 90 3.18055e-015 9.54166e-015 
14.697 90.0459 59.0088 -90.1683 4.79925 179.616 17.2032 -0.000405083 1.90859 9.7612 1.70754e-006 5.12264e-006 -5.12265e-006 1.70755e-006 -8.53773e-006 1.70748e-006 -8.53774e-006 -4.95189e-005 29.1434 18.1134 -5.56035 -179.649 -2.22884 -81.0383 -11.8173 2.55669 57.8883 -53.3712 -6.36111e-015 -0 -18.0068 -60.8985 -19.404 -179.908 2.20941 87.6052 -15.797 -2.6031 -58.014 -49.7727 0 -1.59028e-015 25.9248 71.5243 -17.6203 -15.5153 0.908657 -175.158 -14.8691 1.59028e-015 -0 2.20384 15.1894 -3.32073 90 -9.93923e-017 3.18055e-015 -16.2259 -10.5775 173.691 -19.636 -3.18056e-015 -1.19271e-015 -2.26951 18.1822 12.8596 90 0 1.59028e-014 
14.6492 90.0615 59.5558 -90.1857 3.90308 179.546 17.1179 0.0670055 2.57528 9.7477 1.70754e-006 5.12264e-006 -5.12265e-006 1.70755e-006 -8.53773e-006 1.70748e-006 -8.53774e-006 -4.95189e-005 29.502 18.0931 -5.93218 -179.597 -2.44876 -80.6529 -12.4415 3.39193 57.7864 -53.7233 -3.18055e-015 -2.38542e-015 -14.7656 -60.9864 -16.5629 -179.895 2.31043 87.3923 -14.8219 -2.04264 -57.5499 -50.0867 -6.36111e-015 3.18055e-015 23.5285 72.4056 -15.4428 -15.5544 1.13136 -174.751 -14.5173 0 -0 1.96453 15.877 -3.78329 90 -1.98785e-016 -3.18055e-015 -15.957 -10.5779 174.13 -19.5709 -6.36111e-015 3.97569e-016 -1.95212 19.2548 12.5653 90 -1.59028e-015 -0 
14.665 90.0723 60.0507 -90.1507 3.15182 179.433 17.0517 0.0592704 3.22677 9.69599 1.70754e-006 5.12264e-006 -5.12265e-006 1.70755e-006 -8.53773e-006 1.70748e-006 -8.53774e-006 -4.95189e-005 29.8268 18.309 -6.40574 -179.504 -2.89904 -80.293 -12.9138 4.10379 57.8214 -54.3929 6.36111e-015 7.95139e-016 -13.1673 -61.0304 -14.8833 -179.876 2.29257 86.8938 -14.0111 -1.55042 -56.7003 -50.3532 0 6.36111e-015 22.5928 72.6075 -14.5434 -15.5453 1.34969 -174.33 -14.2519 -1.98785e-016 7.95139e-016 1.84051 16.6411 -4.24911 90 2.48481e-016 -6.36111e-015 -15.6331 -10.6838 174.585 -19.4575 0 -5.96354e-016 -1.69602 20.1891 12.1546 90 -7.95139e-016 9.54166e-015 
14.6956 90.0813 60.4914 -90.0986 2.52 179.296 16.9512 0.181181 3.87899 9.66911 1.70754e-006 5.12264e-006 -5.12265e-006 1.70755e-006 -8.53773e-006 1.70748e-006 -8.53774e-006 -4.95189e-005 29.9234 18.4133 -6.78882 -179.414 -3.32083 -79.9903 -13.3253 4.76563 57.9383 -55.5769 -6.36111e-015 -0 -12.5107 -61.1504 -14.3466 -179.859 2.30282 86.4846 -13.2563 -0.980525 -55.9853 -50.5226 3.18055e-015 1.59028e-015 21.6365 72.527 -13.5908 -15.537 1.37994 -173.951 -14.061 2.98177e-016 -7.95139e-016 1.58843 17.2349 -4.57877 90 9.93923e-017 -0 -15.3284 -10.9116 175.015 -19.368 -1.59028e-015 -0 -1.48947 20.7609 11.614 90 2.38542e-015 -0 
14.7148 90.0804 60.8524 -90.049 2.04258 179.307 16.8819 0.51866 4.3343 9.59595 1.70754e-006 5.12264e-006 -5.12265e-006 1.70755e-006 -8.53773e-006 1.70748e-006 -8.53774e-006 -4.95189e-005 29.6748 18.0077 -6.80038 -179.364 -3.58434 -79.9287 -13.5354 5.16573 58.3556 -57.0286 6.36111e-015 -3.18055e-015 -11.0863 -61.4972 -13.1939 -179.85 2.30878 86.2886 -12.5065 -0.493196 -55.5681 -50.6734 0 1.59028e-015 20.9098 72.5302 -12.815 -15.4686 1.38021 -173.785 -13.8121 0 -0 1.30978 17.6079 -4.91928 90 -1.98785e-016 -3.18055e-015 -15.2168 -11.1453 175.197 -19.4666 -3.18056e-015 7.95139e-016 -1.26442 20.9287 11.0587 90 7.95139e-016 -9.54166e-015 
14.7148 90.0834 61.1098 -89.968 1.71349 179.483 16.8541 0.951669 4.56013 9.51665 1.70754e-006 5.12264e-006 -5.12265e-006 1.70755e-006 -8.53773e-006 1.70748e-006 -8.53774e-006 -4.95189e-005 29.0003 16.3274 -6.23213 -179.351 -3.64847 -79.91 -13.5644 5.48479 58.7201 -58.9772 -3.18055e-015 -5.56597e-015 -7.86636 -61.6935 -10.7219 -179.853 2.24386 86.2457 -12.0656 -0.162705 -55.2678 -50.7477 -9.54166e-015 -0 20.1221 72.8989 -12.0202 -15.4601 1.69196 -173.745 -13.9209 3.97569e-016 -0 1.79662 17.3511 -5.53297 90 0 -6.36111e-015 -15.2201 -11.3289 175.123 -19.6881 1.59028e-015 -0 -1.04477 20.8157 10.5656 90 0 -0 
14.7086 90.0931 61.2511 -89.8546 1.47837 179.713 16.8382 1.25561 4.66132 9.43002 1.70754e-006 5.12264e-006 -5.12265e-006 1.70755e-006 -8.53773e-006 1.70748e-006 -8.53774e-006 -4.95189e-005 28.0354 12.8509 -5.12437 -179.326 -3.73328 -79.7639 -13.6439 5.76686 58.7439 -61.255 -6.36111e-015 -3.97569e-015 -4.41061 -61.1962 -7.54388 -179.868 2.05353 86.3264 -12.0929 0.0466292 -54.9619 -50.5979 0 7.95139e-016 20.0021 72.8554 -11.9146 -16.1366 3.84055 -173.594 -15.3361 0 3.18055e-015 2.49342 15.081 -3.20527 90 3.97569e-016 -1.59028e-015 -15.1577 -11.8446 174.847 -19.7308 -3.18056e-015 -4.96962e-016 -0.819533 20.2812 10.2757 90 1.59028e-015 -0 
14.6862 90.0896 61.3027 -89.7111 1.26185 179.754 16.8145 1.47727 4.83514 9.33317 1.70754e-006 5.12264e-006 -5.12265e-006 1.70755e-006 -8.53773e-006 1.70748e-006 -8.53774e-006 -4.95189e-005 27.0024 7.78997 -3.26151 -179.347 -3.63094 -79.7968 -13.4002 5.7613 58.8525 -63.6233 3.18055e-015 -2.78299e-015 -1.24764 -60.5777 -4.52135 -179.881 1.8833 86.3807 -12.4934 0.0691576 -54.4946 -50.5109 3.18055e-015 -1.59028e-015 20.6844 72.7557 -12.5392 -17.6579 7.81467 -172.697 -17.8904 0 -0 2.87575 7.46022 1.41709 90 7.95139e-016 -0 -14.8791 -12.1205 174.796 -19.4853 1.59028e-015 1.49089e-015 -0.758505 20.0936 10.0929 90 7.95139e-016 -0 
14.6057 90.112 61.1826 -89.6192 1.05045 179.798 16.8394 1.44487 4.88292 9.2033 1.70754e-006 5.12264e-006 -5.12265e-006 1.70755e-006 -8.53773e-006 1.70748e-006 -8.53774e-006 -4.95189e-005 25.9661 2.3417 -1.02996 -179.393 -3.44121 -79.9975 -12.9774 5.36648 59.0445 -65.7791 0 -1.59028e-015 0.767177 -60.5146 -2.65638 -179.886 1.77087 86.3141 -13.085 0.133049 -53.8368 -50.5872 6.36111e-015 -3.18055e-015 21.4417 72.3383 -13.2026 -19.1391 9.397 -171.71 -21.0204 -1.59028e-015 2.38542e-015 2.7858 4.08382 5.09428 90 0 -0 -14.7007 -12.0684 174.693 -19.2133 3.18056e-015 5.96354e-016 -0.998537 20.2639 10.0974 90 -7.95139e-016 3.18055e-015 
14.517 90.1549 60.8621 -89.5568 1.09692 179.916 16.8529 1.28964 4.74969 9.11734 1.70754e-006 5.12264e-006 -5.12265e-006 1.70755e-006 -8.53773e-006 1.70748e-006 -8.53774e-006 -4.95189e-005 25.0628 -1.86044 0.886067 -179.433 -3.28877 -80.2129 -12.6535 4.78667 59.0454 -67.6904 -3.18055e-015 1.98785e-016 1.74023 -60.5412 -2.09877 -179.894 1.67082 86.376 -13.5869 0.373334 -53.4134 -50.8715 6.36111e-015 2.38542e-015 21.7014 72.0069 -13.3869 -19.8104 8.00164 -171.089 -23.6667 0 -1.59028e-015 2.7907 6.19998 4.73081 90 1.59028e-015 3.97569e-016 -14.6683 -12.0467 174.356 -18.9702 0 -1.19271e-015 -1.38335 20.1081 10.3531 90 2.38542e-015 -9.54166e-015 
14.4429 90.182 60.3432 -89.4719 1.53717 -179.972 16.9409 1.08386 4.55857 9.00292 1.70754e-006 5.12264e-006 -5.12265e-006 1.70755e-006 -8.53773e-006 1.70748e-006 -8.53774e-006 -4.95189e-005 24.0771 -3.38206 1.86292 -179.467 -3.09515 -80.2286 -12.2215 4.23788 58.5396 -69.4822 6.36111e-015 1.19271e-015 2.7887 -60.6221 -1.27378 -179.898 1.61383 86.3867 -14.0782 0.877705 -53.0844 -51.2892 -1.27222e-014 2.38542e-015 20.8774 71.9855 -12.5765 -19.6819 5.78289 -170.528 -24.9455 0 -7.95139e-016 3.21995 10.0959 2.83496 90 0 3.97569e-016 -14.6644 -12.2768 173.869 -18.5983 3.18056e-015 1.19271e-015 -1.84897 19.4456 10.7134 90 -7.95139e-016 -6.36111e-015 
14.4166 90.1634 59.6653 -89.3762 2.52457 -179.933 16.9489 1.14796 4.31944 8.87938 1.70754e-006 5.12264e-006 -5.12265e-006 1.70755e-006 -8.53773e-006 1.70748e-006 -8.53774e-006 -4.95189e-005 23.1578 -3.51098 2.0343 -179.473 -3.05814 -80.2153 -12.1998 3.59569 57.7288 -70.6657 -3.18055e-015 -4.47266e-016 3.67979 -60.6809 -0.498037 -179.909 1.40033 86.3023 -14.164 1.4579 -52.8935 -51.869 -3.18055e-015 -1.59028e-015 20.8478 72.1387 -12.6621 -19.268 4.823 -169.643 -25.2406 0 1.59028e-015 3.70688 10.2145 2.74069 90 3.18055e-015 7.95139e-016 -14.7414 -12.4128 173.39 -18.2701 0 -3.97569e-016 -2.3021 18.387 11.1536 90 -7.95139e-016 6.36111e-015 
14.4442 90.0811 58.8538 -89.2269 3.76091 179.963 16.8224 1.35402 4.10958 8.76248 1.70754e-006 5.12264e-006 -5.12265e-006 1.70755e-006 -8.53773e-006 1.70748e-006 -8.53774e-006 -4.95189e-005 22.711 -3.00565 1.87663 -179.496 -2.96701 -80.3618 -12.2629 2.83581 56.9525 -71.4045 -6.36111e-015 7.95139e-015 5.40947 -60.141 0.956282 -179.931 1.0921 86.3616 -13.9008 1.95105 -53.1519 -52.4406 -6.36111e-015 -0 19.8984 72.47 -11.7771 -18.8788 5.304 -168.393 -25.3342 -1.59028e-015 1.59028e-015 3.888 7.65887 4.11159 90 0 -3.97569e-016 -14.8807 -12.2425 173.015 -18.17 0 3.97569e-016 -2.74091 17.4603 11.6297 90 1.59028e-015 3.18055e-015 
14.4904 89.9526 57.8872 -88.9623 4.61047 179.745 16.6845 1.00819 4.01258 8.72439 1.70754e-006 5.12264e-006 -5.12265e-006 1.70755e-006 -8.53773e-006 1.70748e-006 -8.53774e-006 -4.95189e-005 22.5374 -1.87346 1.67914 -179.52 -2.84569 -80.4139 -12.2086 2.08891 56.0039 -72.2629 3.18055e-015 1.98785e-015 5.86116 -59.6288 1.53235 -179.934 1.01082 86.2494 -13.9142 2.47572 -53.3798 -52.8252 -6.36111e-015 7.95139e-016 19.4002 72.6608 -11.3457 -18.2301 5.5255 -167.27 -25.3472 7.95139e-016 -0 3.7541 6.12781 4.99492 90 3.18055e-015 1.98785e-016 -14.96 -12.1568 172.566 -18.2583 -3.18056e-015 7.95139e-016 -3.13817 16.8228 12.3039 90 7.95139e-016 3.18055e-015 
14.5354 89.7545 56.7741 -88.6023 4.91056 179.375 16.5522 0.280133 4.12345 8.73151 1.70754e-006 5.12264e-006 -5.12265e-006 1.70755e-006 -8.53773e-006 1.70748e-006 -8.53774e-006 -4.95189e-005 22.3878 -1.26691 1.65905 -179.556 -2.68422 -80.6034 -12.4964 1.24537 55.2039 -72.9817 -3.18055e-015 1.59028e-015 4.77253 -59.8435 0.624716 -179.928 1.02086 85.9577 -13.6841 2.69713 -53.5217 -53.4622 9.54166e-015 -0 19.1617 72.4505 -11.015 -17.3311 4.99795 -166.423 -25.4604 0 4.77083e-015 3.06081 6.58493 4.59136 90 3.18055e-015 -3.97569e-016 -14.9077 -11.8533 172.153 -18.4843 0 -0 -3.5413 16.8283 13.0569 90 1.59028e-015 3.18055e-015 
14.5616 89.4846 55.5202 -88.244 4.86115 178.821 16.4183 -0.353499 4.44853 8.66251 1.70754e-006 5.12264e-006 -5.12265e-006 1.70755e-006 -8.53773e-006 1.70748e-006 -8.53774e-006 -4.95189e-005 22.1732 -0.763476 1.82621 -179.604 -2.48444 -80.9306 -13.1903 0.150769 54.6867 -73.6279 3.18055e-015 -1.59028e-015 4.8091 -59.7569 0.557651 -179.918 1.06347 85.5762 -12.9573 2.29938 -53.6126 -54.5159 3.18055e-015 3.18055e-015 18.8563 72.5688 -10.7214 -16.4573 4.0968 -165.707 -25.8214 -7.95139e-016 4.77083e-015 1.65309 8.8806 2.52793 90 1.59028e-015 -0 -14.8287 -11.4338 171.805 -18.81 -3.18056e-015 -7.95139e-016 -3.98115 17.2148 13.9948 90 -7.95139e-016 6.36111e-015 
14.5961 89.1571 54.0709 -87.9061 4.6533 178.184 16.1692 -0.915939 4.8749 8.57884 1.70754e-006 5.12264e-006 -5.12265e-006 1.70755e-006 -8.53773e-006 1.70748e-006 -8.53774e-006 -4.95189e-005 22.0714 -0.0707239 1.96444 -179.663 -2.15125 -81.0954 -13.8697 -0.804414 54.2367 -74.5539 0 7.95139e-016 5.12232 -59.4378 0.815605 -179.897 1.18947 85.0667 -12.4109 1.50255 -53.4189 -55.2149 -3.18055e-015 1.59028e-015 19.0113 73.2421 -11.0769 -15.9724 3.91386 -165.084 -26.6534 -1.59028e-015 -3.18055e-015 2.73574 9.13021 -1.86917 90 0 -0 -14.7617 -11.3966 171.308 -19.0813 -3.18056e-015 -2.38542e-015 -4.44484 17.254 15.0915 90 -1.59028e-015 1.27222e-014 
14.617 88.8626 52.4161 -87.6105 4.39305 177.825 15.8744 -1.49728 4.87072 8.45495 1.70754e-006 5.12264e-006 -5.12265e-006 1.70755e-006 -8.53773e-006 1.70748e-006 -8.53774e-006 -4.95189e-005 22.0279 0.0890194 2.29596 -179.67 -2.10947 -81.1157 -15.0207 -1.6522 53.7881 -75.3915 -3.18055e-015 -6.36111e-015 4.58166 -59.4478 0.408282 -179.866 1.32625 84.2166 -12.135 0.627121 -52.9441 -55.1695 -3.18055e-015 3.18055e-015 20.0321 73.447 -12.1502 -15.5061 5.69971 -165.16 -25.4881 7.95139e-016 1.59028e-015 4.48506 10.7795 -3.82839 90 -1.59028e-015 -7.95139e-016 -14.7371 -11.1476 170.433 -19.1852 3.18056e-015 -7.95139e-016 -5.24597 17.4135 16.3805 90 -7.95139e-016 -3.18055e-015 
14.5332 88.6534 50.5857 -87.2901 3.95303 177.905 15.7163 -1.91338 4.30863 8.39362 1.70754e-006 5.12264e-006 -5.12265e-006 1.70755e-006 -8.53773e-006 1.70748e-006 -8.53774e-006 -4.95189e-005 21.5424 -0.993101 3.12419 -179.682 -2.09708 -81.3891 -16.6764 -2.61429 53.7394 -75.9257 -3.18055e-015 -0 3.92571 -59.3492 -0.17575 -179.831 1.48547 83.5254 -11.5488 -0.125914 -52.9651 -54.802 0 6.36111e-015 20.3257 73.0211 -12.2919 -15.3864 6.79564 -166.465 -25.8275 1.59028e-015 -1.59028e-015 6.85129 10.5841 -3.14946 90 1.59028e-015 1.59028e-015 -14.7286 -10.7871 169.077 -19.0536 -6.36111e-015 1.59028e-015 -6.45823 17.8893 17.577 90 7.95139e-016 -3.18055e-015 
14.2623 88.5321 48.6336 -87.1445 3.42793 178.362 15.6351 -1.87924 3.37553 8.28683 1.70754e-006 5.12264e-006 -5.12265e-006 1.70755e-006 -8.53773e-006 1.70748e-006 -8.53774e-006 -4.95189e-005 20.689 -3.75609 4.34813 -179.723 -1.88037 -81.6087 -18.9164 -3.49468 53.6337 -76.2413 -3.18055e-015 -0 3.4527 -59.0033 -0.683044 -179.797 1.70379 83.1975 -10.5167 -0.808904 -53.7942 -54.4591 0 1.59028e-015 19.8454 73.0265 -11.4993 -14.9978 5.82752 -168.713 -25.9057 1.59028e-015 -1.59028e-015 8.26562 9.305 -1.93136 90 0 -0 -14.9946 -10.4689 167.402 -18.6834 3.18056e-015 -0 -7.91635 18.3771 17.9526 90 0 -6.36111e-015 
13.8504 88.5327 46.6919 -87.0164 3.40537 178.861 15.701 -1.19287 2.28633 8.27013 1.70754e-006 5.12264e-006 -5.12265e-006 1.70755e-006 -8.53773e-006 1.70748e-006 -8.53774e-006 -4.95189e-005 19.8087 -7.14051 5.55363 -179.791 -1.44612 -81.7961 -21.0644 -4.10616 53.5929 -76.4831 0 6.36111e-015 2.63036 -58.7222 -1.12546 -179.783 1.84901 83.3066 -9.82808 -1.37664 -55.3461 -53.8334 0 3.18055e-015 19.1262 73.6564 -10.5765 -15.2547 6.06149 -170.411 -26.3522 7.95139e-016 -1.59028e-015 8.41358 9.53425 -1.54314 90 -7.95139e-016 -7.95139e-016 -15.5196 -10.3196 165.808 -18.0387 0 -4.77083e-015 -10.1838 18.5814 17.947 90 -1.59028e-015 3.18055e-015 
13.333 88.6374 44.8135 -86.8938 4.01164 178.911 15.9006 -0.550572 1.5884 8.31074 1.70754e-006 5.12264e-006 -5.12265e-006 1.70755e-006 -8.53773e-006 1.70748e-006 -8.53774e-006 -4.95189e-005 19.1456 -9.64643 6.26133 -179.848 -1.09307 -82.0621 -22.1407 -4.25801 54.1067 -77.1668 0 -0 1.27062 -59.2601 -2.24636 -179.798 1.83798 83.7193 -10.8313 -1.73945 -56.9668 -52.8521 -3.18055e-015 3.18055e-015 20.6695 73.6108 -11.6488 -15.6331 8.37176 -171.197 -26.4264 0 7.95139e-016 8.30005 10.8129 -0.552129 90 -7.95139e-016 7.95139e-016 -16.2261 -10.6137 164.76 -16.9088 0 1.59028e-015 -13.816 18.2077 17.8465 90 0 6.36111e-015 
12.6434 88.8222 42.9786 -87.0428 4.79524 178.747 15.9967 -0.696862 1.13267 8.35135 1.70754e-006 5.12264e-006 -5.12265e-006 1.70755e-006 -8.53773e-006 1.70748e-006 -8.53774e-006 -4.95189e-005 18.6345 -10.7984 6.7226 -179.853 -1.10886 -82.4481 -22.3651 -4.04114 55.0433 -78.103 3.18055e-015 3.18055e-015 0.300819 -60.2887 -3.11515 -179.819 1.68343 83.8736 -13.6489 -1.99868 -57.8819 -52.1693 3.18055e-015 -3.18055e-015 24.4304 72.3046 -14.9514 -15.8998 9.28585 -172.226 -25.9118 0 -0 7.52564 10.3363 0.790274 90 0 7.95139e-016 -17.0687 -11.2282 163.984 -14.9725 0 3.18056e-015 -18.5494 17.6627 18.1287 90 -7.95139e-016 -3.18055e-015 
11.8712 89.0123 41.2507 -87.2247 5.70885 178.406 16.1058 -0.942237 0.863641 8.39763 1.70754e-006 5.12264e-006 -5.12265e-006 1.70755e-006 -8.53773e-006 1.70748e-006 -8.53774e-006 -4.95189e-005 18.2993 -11.6768 7.55841 -179.866 -1.09857 -83.0349 -22.6332 -3.30647 56.0757 -79.156 1.27222e-014 -0 -1.38681 -61.7738 -5.11491 -179.832 1.54328 83.7865 -16.9409 -2.51177 -58.3749 -52.7161 0 2.38542e-015 26.6154 70.5928 -17.0179 -16.2696 10.5211 -172.788 -25.2894 1.59028e-015 3.97569e-016 6.74004 10.3297 1.66419 90 0 7.95139e-016 -18.032 -12.9067 163.463 -12.708 0 -0 -23.1385 17.3078 18.2561 90 7.95139e-016 3.18055e-015 
11.0495 89.1726 39.7014 -87.3236 6.74668 177.907 16.2458 -1.0303 0.713352 8.41615 1.70754e-006 5.12264e-006 -5.12265e-006 1.70755e-006 -8.53773e-006 1.70748e-006 -8.53774e-006 -4.95189e-005 18.4024 -12.787 8.90944 -179.908 -0.830453 -83.6869 -23.1881 -2.03184 56.726 -80.1741 -6.36111e-015 -0 -3.96773 -63.6231 -7.66885 -179.824 1.55551 83.554 -20.348 -2.92919 -58.8632 -53.7298 0 1.59028e-015 27.3078 69.7886 -17.9967 -16.74 11.7607 -173.089 -24.8219 -7.95139e-016 7.45443e-016 5.88116 10.1288 2.65663 90 3.97569e-016 -7.95139e-016 -19.3546 -15.6537 163.26 -11.9835 -3.18056e-015 1.59028e-015 -24.988 18.1652 18.1266 90 7.95139e-016 3.18055e-015 
10.1686 89.3261 38.3455 -87.3796 7.51486 177.125 16.3674 -1.21797 0.98233 8.41036 1.70754e-006 5.12264e-006 -5.12265e-006 1.70755e-006 -8.53773e-006 1.70748e-006 -8.53774e-006 -4.95189e-005 18.9612 -15.1758 10.7092 -179.947 -0.517824 -84.2008 -24.1565 -0.293005 56.5708 -81.276 -6.36111e-015 -0 -4.19265 -64.5878 -7.35976 -179.825 1.5119 83.3835 -23.0949 -2.93833 -59.6971 -54.9379 3.18055e-015 7.95139e-016 27.8879 69.6186 -18.904 -17.3381 12.4962 -173.024 -24.4223 0 1.98785e-016 4.95991 9.96269 3.58323 90 3.97569e-016 -3.97569e-016 -20.7572 -18.1501 163.567 -15.1453 -9.54167e-015 -0 -20.7222 20.212 17.8414 90 -7.95139e-016 -0 
9.25206 89.4753 37.1367 -87.3427 8.21951 176.372 16.4611 -1.15045 1.28612 8.40186 1.70754e-006 5.12264e-006 -5.12265e-006 1.70755e-006 -8.53773e-006 1.70748e-006 -8.53774e-006 -4.95189e-005 20.2686 -19.8695 13.3989 -179.956 -0.455571 -84.5179 -25.6634 1.54212 55.7524 -82.2235 0 6.36111e-015 -1.90698 -63.7704 -4.55932 -179.824 1.48632 83.2256 -24.9664 -2.62729 -60.8537 -56.3181 -3.18055e-015 -3.6154e-015 28.7996 68.9054 -19.7021 -17.73 12.9968 -172.941 -23.768 -1.59028e-015 1.98785e-016 3.94624 9.73711 4.25129 90 -3.97569e-016 -7.95139e-016 -21.0907 -19.0828 164.431 -19.7382 -3.18056e-015 -3.18056e-015 -15.5114 23.9117 17.1458 90 -1.59028e-015 6.36111e-015 
8.32619 89.6193 36.0465 -87.2872 9.12554 175.734 16.3046 -0.978693 1.48934 8.52155 1.70754e-006 5.12264e-006 -5.12265e-006 1.70755e-006 -8.53773e-006 1.70748e-006 -8.53774e-006 -4.95189e-005 22.5008 -26.3794 16.9477 -179.947 -0.584019 -84.8048 -26.6455 3.32849 54.9871 -82.8762 -3.18055e-015 3.18055e-015 0.89891 -62.2323 -1.54907 -179.787 1.72406 82.9746 -27.324 -2.03562 -61.8301 -57.0735 3.18055e-015 1.59028e-015 28.5697 68.8758 -19.5777 -18.0566 13.7924 -172.806 -22.9634 0 -0 2.86907 9.64022 4.78351 90 0 3.97569e-016 -20.5725 -18.9267 165.79 -24.7542 6.36111e-015 -1.59028e-015 -11.9326 27.281 15.6165 90 0 -3.18055e-015 
7.3604 89.7408 35.0216 -87.2145 10.33 175.137 16.0095 -0.905672 1.76 8.63531 1.70754e-006 5.12264e-006 -5.12265e-006 1.70755e-006 -8.53773e-006 1.70748e-006 -8.53774e-006 -4.95189e-005 25.5167 -32.8102 20.8899 -179.921 -0.863381 -84.8339 -26.5602 5.09425 54.2119 -83.1545 3.18055e-015 -0 5.5591 -61.055 2.59674 -179.745 2.01126 82.7754 -30.8107 -1.22565 -62.3971 -56.8985 -3.18055e-015 -3.18055e-015 28.7996 68.7606 -19.9487 -18.2849 14.5756 -172.641 -22.0145 -7.95139e-016 7.95139e-016 1.87918 9.31783 5.34861 90 -1.19271e-015 -0 -19.5766 -18.2708 167.429 -30.0094 0 -3.97569e-015 -9.07333 29.3791 14.6843 90 -7.95139e-016 -6.36111e-015 
6.3439 89.838 33.9969 -87.0826 12.0964 174.668 15.6689 -0.773813 2.02654 8.71708 1.70754e-006 5.12264e-006 -5.12265e-006 1.70755e-006 -8.53773e-006 1.70748e-006 -8.53774e-006 -4.95189e-005 28.4878 -37.9929 24.5802 -179.905 -1.0414 -84.8012 -24.9738 6.71238 53.862 -82.6914 6.36111e-015 6.36111e-015 10.2222 -59.4081 6.2443 -179.734 2.07855 82.6953 -35.2388 -0.432755 -62.4324 -56.3053 6.36111e-015 7.15625e-015 29.3181 67.7421 -20.1806 -18.3199 15.5188 -172.531 -20.8041 0 -3.97569e-016 0.876367 8.67995 5.83944 90 -3.97569e-016 -0 -18.4246 -17.821 168.85 -34.9572 0 1.73937e-016 -6.9167 30.1244 14.2486 90 7.95139e-016 -0 
5.29117 89.876 32.9543 -86.8922 14.5915 174.301 15.2364 -0.514926 2.32742 8.72012 1.70754e-006 5.12264e-006 -5.12265e-006 1.70755e-006 -8.53773e-006 1.70748e-006 -8.53774e-006 -4.95189e-005 30.8725 -41.5312 27.198 -179.866 -1.43743 -84.6848 -22.5789 8.2326 53.8043 -80.7211 -3.18055e-015 -3.18055e-015 12.9852 -58.2682 8.22147 -179.771 1.77869 82.6832 -40.3619 -0.052903 -61.8449 -56.0288 6.36111e-015 6.36111e-015 30.2542 65.9186 -20.8039 -18.3921 16.6934 -172.388 -19.7413 0 -0 0.0453322 7.51885 6.31345 90 0 7.95139e-016 -17.2249 -17.5873 169.92 -39.2249 -6.36111e-015 5.96354e-015 -4.9964 31.3446 13.4795 90 -1.59028e-015 3.18055e-015 
4.19908 89.8454 31.8479 -86.6455 17.7706 174.111 14.7024 0.0937473 2.62415 8.70782 1.70754e-006 5.12264e-006 -5.12265e-006 1.70755e-006 -8.53773e-006 1.70748e-006 -8.53774e-006 -4.95189e-005 32.506 -43.877 28.7646 -179.813 -1.92204 -84.4424 -20.0547 9.51565 53.8469 -76.8236 -6.36111e-015 -6.36111e-015 13.0618 -58.2153 7.88388 -179.81 1.50495 82.8255 -46.0192 -0.0950252 -60.7493 -56.3718 -3.18055e-015 -0 31.6642 64.4508 -22.4049 -18.4398 17.9929 -172.331 -18.7005 -1.98785e-016 -7.95139e-016 -0.812498 5.92028 6.71938 90 0 -0 -16.0071 -17.3503 170.417 -42.5296 0 -3.97569e-015 -2.99607 33.0937 12.1498 90 -1.59028e-015 -3.18055e-015 
3.03974 89.7604 30.7087 -86.2773 21.6632 173.997 14.2457 1.05705 2.91257 8.69784 1.70754e-006 5.12264e-006 -5.12265e-006 1.70755e-006 -8.53773e-006 1.70748e-006 -8.53774e-006 -4.95189e-005 33.2956 -45.6195 29.4713 -179.761 -2.33497 -84.1462 -17.1056 10.4212 53.9142 -71.3449 0 7.95139e-015 12.9805 -58.1135 7.42118 -179.843 1.32924 83.2506 -51.8791 -0.157998 -59.4079 -57.05 3.18055e-015 4.77083e-015 32.1626 63.2993 -23.1415 -18.4758 19.6611 -172.198 -17.682 3.97569e-016 7.95139e-016 -1.55087 3.95024 7.17884 90 0 -1.59028e-015 -14.7128 -16.7343 170.444 -44.6552 1.27222e-014 1.59028e-015 -1.22677 34.4067 11.0354 90 -7.95139e-016 -0 
1.76082 89.6246 29.5722 -85.8261 25.9489 173.83 13.9777 1.92058 3.28723 8.61476 1.70754e-006 5.12264e-006 -5.12265e-006 1.70755e-006 -8.53773e-006 1.70748e-006 -8.53774e-006 -4.95189e-005 33.4044 -46.8049 29.489 -179.719 -2.59857 -83.8356 -13.6851 11.0045 53.9809 -64.5556 3.18055e-015 9.54166e-015 13.3938 -58.2688 7.14788 -179.896 0.957571 83.7967 -57.2444 -0.183445 -57.9191 -58.0054 0 7.95139e-015 32.8983 62.281 -24.1191 -18.7923 21.6358 -171.786 -16.9132 3.97569e-016 -0 -2.24253 1.93197 7.68558 90 3.97569e-016 -7.95139e-016 -13.5218 -16.1564 170.073 -45.6774 -3.18056e-015 -1.59028e-015 0.530786 35.2179 9.8543 90 1.98785e-015 -0 
0.352272 89.4423 28.4984 -85.2967 30.4347 173.546 13.831 2.5805 3.72956 8.54861 1.70754e-006 5.12264e-006 -5.12265e-006 1.70755e-006 -8.53773e-006 1.70748e-006 -8.53774e-006 -4.95189e-005 33.11 -47.4629 29.0119 -179.706 -2.69212 -83.7583 -10.0684 11.2962 54.1734 -56.6691 3.18055e-015 7.95139e-016 14.2274 -58.4606 7.05924 -179.955 0.459643 84.4279 -61.6668 0.155862 -56.5872 -58.8549 -1.27222e-014 -3.18055e-015 33.6006 61.4288 -24.9729 -19.3427 23.6016 -171.08 -16.2288 -7.95139e-016 -0 -3.08449 -0.168303 8.1443 90 7.95139e-016 7.95139e-016 -12.4484 -15.6991 169.482 -45.6389 0 -0 2.20749 35.5152 8.82943 90 3.97569e-016 -7.95139e-016 
-1.19703 89.1961 27.4578 -84.7131 35.1109 173.316 13.7515 3.18917 4.0027 8.54208 1.70754e-006 5.12264e-006 -5.12265e-006 1.70755e-006 -8.53773e-006 1.70748e-006 -8.53774e-006 -4.95189e-005 32.6831 -47.6055 28.4171 -179.716 -2.68798 -83.9621 -6.49312 11.403 54.3583 -48.5929 -9.54166e-015 -2.08724e-015 16.407 -58.1517 7.81602 -179.996 0.0446372 85.2081 -64.8675 1.08509 -55.5948 -59.5104 6.36111e-015 3.18055e-015 34.1282 60.8569 -25.595 -20.1201 25.64 -170.184 -15.6409 1.59028e-015 7.95139e-016 -4.14233 -2.30975 8.24581 90 -7.95139e-016 -0 -11.757 -15.1779 168.548 -44.7312 -9.54167e-015 -1.59028e-015 3.01764 35.5797 8.56065 90 1.86361e-015 3.97569e-016 
-2.93202 88.8786 26.467 -84.1472 39.8828 173.108 13.7778 3.77729 4.14778 8.55244 1.70754e-006 5.12264e-006 -5.12265e-006 1.70755e-006 -8.53773e-006 1.70748e-006 -8.53774e-006 -4.95189e-005 32.067 -47.5988 27.9135 -179.722 -2.69066 -84.1059 -3.05719 11.6565 53.9861 -41.5649 -6.36111e-015 -7.95139e-016 19.9648 -56.4433 9.44094 179.985 -0.211447 86.0531 -66.5595 2.62992 -55.0449 -60.0526 0 3.18055e-015 34.3735 60.2978 -25.8622 -21.2758 27.5421 -169.002 -15.2538 -3.18055e-015 2.38542e-015 -5.2872 -4.53954 8.53777 90 -7.95139e-016 -1.59028e-015 -11.5285 -14.5424 167.563 -43.0814 -9.54167e-015 1.59028e-015 3.14563 35.159 8.76011 90 -5.96354e-016 1.59028e-015 
-4.88907 88.5348 25.5352 -83.5193 44.467 172.821 14.0001 4.14403 4.24885 8.51239 1.70754e-006 5.12264e-006 -5.12265e-006 1.70755e-006 -8.53773e-006 1.70748e-006 -8.53774e-006 -4.95189e-005 31.6053 -47.3342 27.5481 -179.73 -2.66034 -84.2122 0.310626 12.1021 53.1648 -36.1771 0 -5.56597e-015 21.4017 -53.9688 9.52559 179.977 -0.383006 86.593 -66.9433 4.2274 -54.6917 -60.4561 3.18055e-015 1.59028e-015 34.1814 60.8228 -25.8136 -22.4416 29.5775 -167.576 -14.3751 1.59028e-015 -0 -6.75562 -6.46682 8.57248 90 -7.95139e-016 -7.95139e-016 -11.5005 -14.0047 166.816 -40.5206 -6.36111e-015 -0 2.18751 33.7317 9.44117 90 0 -3.18055e-015 
-7.09379 88.149 24.6942 -83.0169 48.6969 172.714 14.1265 4.17042 4.13817 8.55398 1.70754e-006 5.12264e-006 -5.12265e-006 1.70755e-006 -8.53773e-006 1.70748e-006 -8.53774e-006 -4.95189e-005 31.5164 -47.0248 27.5013 -179.713 -3.00828 -84.5591 3.45649 12.3276 52.1814 -32.6539 -3.18055e-015 -1.59028e-015 20.6657 -53.6098 8.12374 179.984 -0.2796 86.6539 -66.511 5.62366 -54.3613 -60.4766 3.18055e-015 -0 33.2746 61.8569 -25.272 -23.3653 31.5534 -166.258 -12.587 -1.59028e-015 -0 -8.81349 -8.29122 8.36844 90 7.95139e-016 -0 -11.9377 -13.2629 166.25 -37.9843 -3.18056e-015 1.59028e-015 -1.16969 31.988 13.9155 90 -2.38542e-015 -4.77083e-015 
-9.6326 87.8201 23.9368 -82.6092 52.8957 172.263 14.2835 4.29989 4.30513 8.58505 1.70754e-006 5.12264e-006 -5.12265e-006 1.70755e-006 -8.53773e-006 1.70748e-006 -8.53774e-006 -4.95189e-005 31.4013 -46.9375 27.5614 -179.641 -3.8383 -84.6532 7.07649 11.4551 50.6979 -31.1802 -9.54166e-015 -3.18055e-015 18.7249 -56.1505 6.43738 179.994 -0.10078 86.3088 -65.1686 6.72618 -53.9956 -60.0652 9.54166e-015 -1.59028e-015 31.8629 62.6118 -24.1953 -24.2339 33.553 -164.384 -9.77361 -3.18055e-015 7.95139e-016 -11.2018 -9.32559 7.59739 90 0 1.59028e-015 -12.1911 -12.6257 167.011 -34.9673 3.18056e-015 -7.95139e-016 0.0260047 28.163 17.3031 90 -3.97569e-016 -0 
-12.3639 87.6096 23.2201 -81.8077 56.7004 171.049 14.6881 4.19529 4.93559 8.66561 1.70754e-006 5.12264e-006 -5.12265e-006 1.70755e-006 -8.53773e-006 1.70748e-006 -8.53774e-006 -4.95189e-005 31.2932 -46.9286 27.5049 -179.522 -4.91206 -84.4335 10.6819 9.09065 48.9651 -31.0055 3.18055e-015 -3.18055e-015 16.9169 -60.1678 5.25181 -179.998 0.023441 86.061 -62.9082 7.66952 -53.7326 -59.1705 0 -0 30.7421 63.5305 -23.3377 -25.0857 34.9034 -161.95 -7.31972 3.18055e-015 -0 -11.5315 -8.08281 4.36006 90 5.96354e-016 -1.59028e-015 -12.7509 -13.4372 168.737 -32.5605 0 2.78299e-015 3.08034 25.1549 14.5338 90 1.98785e-016 3.18055e-015 
-15.1285 87.5211 22.4397 -80.9992 59.8106 170.055 15.0339 3.60814 5.22611 8.81036 1.70754e-006 5.12264e-006 -5.12265e-006 1.70755e-006 -8.53773e-006 1.70748e-006 -8.53774e-006 -4.95189e-005 32.4355 -46.9007 28.4778 -179.483 -5.56914 -84.6888 12.7054 6.39679 47.7099 -31.2469 0 -1.59028e-015 14.285 -64.5015 3.10071 -179.991 0.119016 85.5831 -59.4109 7.96192 -53.4399 -58.1189 -3.18055e-015 -0 29.7572 64.7031 -22.4199 -24.6271 32.3263 -161.411 -6.12826 0 -0 -8.11882 -4.62696 4.66296 90 9.93923e-016 3.18055e-015 -13.3811 -14.3969 170.099 -30.7711 1.59028e-015 7.95139e-016 5.42781 21.6168 13.057 90 1.98785e-016 -0 
-17.8404 87.6332 21.5387 -79.7397 62.6139 168.282 15.6068 3.06716 5.85375 8.97825 1.70754e-006 5.12264e-006 -5.12265e-006 1.70755e-006 -8.53773e-006 1.70748e-006 -8.53774e-006 -4.95189e-005 34.3703 -47.1777 30.3015 -179.508 -5.60956 -84.983 12.6381 3.90781 46.7728 -31.4529 3.18055e-015 3.18055e-015 7.86668 -67.1493 -2.9371 -179.981 0.221984 85.0838 -54.9867 7.44126 -52.7462 -56.9474 -1.59028e-015 3.18055e-015 28.6828 65.1948 -21.4132 -23.6338 26.6874 -161.26 -6.68388 3.18055e-015 -7.95139e-016 -4.24792 -1.8861 6.1782 90 -2.78299e-015 3.18055e-015 -14.3485 -14.0057 172.286 -30.1676 3.18056e-015 -3.97569e-016 5.14273 19.32 11.1278 90 1.19271e-015 1.59028e-015 
-20.2353 87.8321 20.462 -78.0816 65.5348 166.643 16.1982 2.31526 5.72559 9.20395 1.70754e-006 5.12264e-006 -5.12265e-006 1.70755e-006 -8.53773e-006 1.70748e-006 -8.53774e-006 -4.95189e-005 36.752 -47.3423 32.6695 -179.611 -5.36778 -85.851 11.2077 1.88924 46.5664 -31.7452 -4.77083e-015 -1.59028e-015 -0.969135 -68.5265 -11.1908 -179.962 0.399716 84.5852 -50.6317 6.09665 -51.3813 -55.4414 -3.18055e-015 -0 27.6263 64.6332 -20.2507 -23.485 21.2242 -161.508 -11.683 -9.54166e-015 -0 -2.40461 -1.34788 7.23938 90 4.17448e-015 6.36111e-015 -15.8311 -12.4822 174.019 -30.2535 0 7.95139e-016 3.72845 18.0287 9.70345 90 9.93923e-017 1.59028e-015 
-22.3037 88.0572 19.2272 -76.1648 68.2635 165.122 16.866 1.08154 5.31213 9.33049 1.70754e-006 5.12264e-006 -5.12265e-006 1.70755e-006 -8.53773e-006 1.70748e-006 -8.53774e-006 -4.95189e-005 38.3904 -47.4942 34.1368 -179.686 -4.9247 -86.3485 9.10779 -0.0775925 45.9287 -32.506 3.18055e-015 1.39149e-015 -5.92957 -69.0318 -14.9407 -179.949 0.507466 84.2165 -46.1371 4.12672 -49.5828 -54.0642 2.98177e-015 -3.18055e-015 28.1587 64.445 -20.4013 -24.0542 16.8796 -162.653 -20.9703 -3.18055e-015 3.97569e-016 -0.549297 -1.53403 8.16269 90 7.95139e-016 -0 -16.5192 -11.2054 175.322 -28.8832 1.59028e-015 7.95139e-016 2.32226 16.8518 8.88844 90 -6.95746e-016 -1.59028e-015 
-24.0507 88.3472 17.8011 -74.6055 71.2199 163.745 17.2854 0.317996 5.38799 9.26412 1.70754e-006 5.12264e-006 -5.12265e-006 1.70755e-006 -8.53773e-006 1.70748e-006 -8.53774e-006 -4.95189e-005 38.8076 -47.8149 34.3592 -179.703 -4.41948 -86.1569 5.74344 -2.02186 44.8468 -33.686 -2.38542e-015 2.40405e-015 -11.9977 -69.3028 -19.6834 -179.925 0.689894 83.8683 -41.3617 1.31726 -47.1226 -53.0607 -7.95139e-016 -0 27.8732 64.1599 -20.2314 -25.091 14.3077 -164.389 -31.3792 3.18055e-015 3.97569e-016 1.23414 -1.85311 8.90225 90 7.95139e-016 -6.36111e-015 -17.1097 -9.72627 176.683 -26.6703 -4.77083e-015 -5.96354e-016 0.119055 15.5118 8.65681 90 9.93923e-016 -3.18055e-015 
-25.4367 88.6064 16.2718 -72.5576 74.7204 162.078 17.4022 0.0195768 5.31861 9.26482 1.70754e-006 5.12264e-006 -5.12265e-006 1.70755e-006 -8.53773e-006 1.70748e-006 -8.53774e-006 -4.95189e-005 38.0061 -47.8014 33.6428 -179.758 -3.74599 -86.3043 3.0166 -4.46427 44.6572 -35.8362 -3.57812e-015 4.12478e-015 -16.3064 -69.1928 -23.0344 -179.892 0.994784 83.826 -36.9184 -1.91031 -44.3425 -52.4555 6.36111e-015 -0 28.988 65.0821 -21.4998 -25.643 13.6546 -167.047 -40.8847 -3.18055e-015 -3.18055e-015 3.17347 -1.57095 9.14629 90 1.59028e-015 3.18055e-015 -17.8584 -7.99962 177.711 -24.2787 0 -1.49089e-016 -2.33446 13.8841 9.00392 90 9.44227e-016 -3.18055e-015 
-26.5223 88.7575 14.7568 -68.6454 78.4238 158.63 17.4423 -0.488735 5.24249 9.2941 1.70754e-006 5.12264e-006 -5.12265e-006 1.70755e-006 -8.53773e-006 1.70748e-006 -8.53774e-006 -4.95189e-005 36.2905 -47.2327 31.8076 -179.796 -3.30125 -86.4689 0.406385 -7.20764 44.7631 -38.01 -3.97569e-016 8.15017e-015 -16.5994 -69.4182 -22.3733 -179.868 1.2959 84.2201 -33.2337 -4.80138 -41.7076 -51.5858 -7.95139e-015 -0 30.8093 65.9306 -23.6236 -25.217 14.1757 -170.503 -48.5316 3.18055e-015 1.59028e-015 4.89615 0.545638 7.8548 90 1.59028e-015 3.18055e-015 -18.5898 -6.73749 178.408 -22.0659 7.95139e-016 -4.47266e-016 -4.57461 11.4135 9.83592 90 -1.59028e-015 -0 
-27.4867 88.7602 13.3294 -60.9572 81.8743 151.233 17.3964 -1.06061 5.38562 9.32186 1.70754e-006 5.12264e-006 -5.12265e-006 1.70755e-006 -8.53773e-006 1.70748e-006 -8.53774e-006 -4.95189e-005 34.8857 -46.6233 30.0275 -179.85 -2.62086 -86.7281 -2.25047 -10.0039 44.9561 -40.0993 -7.95139e-016 5.1684e-015 -15.8291 -69.0031 -20.941 -179.854 1.5293 84.5519 -29.2531 -7.33044 -39.3873 -51.1404 -6.36111e-015 6.36111e-015 30.4419 66.0271 -23.798 -23.8475 15.2704 -174.407 -53.7729 -6.36111e-015 -1.59028e-015 6.58941 3.80457 4.67229 90 0 -0 -19.2336 -6.00476 179.188 -20.2058 -1.98785e-016 5.34234e-016 -6.48162 8.64423 10.8026 90 7.95139e-016 -1.59028e-015 
-28.512 88.619 12.0122 -43.0146 84.6705 133.327 17.4071 -1.64236 5.61948 9.34607 1.70754e-006 5.12264e-006 -5.12265e-006 1.70755e-006 -8.53773e-006 1.70748e-006 -8.53774e-006 -4.95189e-005 34.1988 -46.0227 28.8754 -179.906 -1.96423 -87.2545 -5.18586 -13.1884 45.2874 -41.7971 1.59028e-015 -1.27222e-014 -14.9144 -68.3733 -19.6159 -179.804 2.06581 84.568 -25.2538 -9.28613 -37.5925 -51.0085 1.27222e-014 -9.54166e-015 29.1397 66.8744 -23.0144 -21.4544 16.8037 -178.118 -56.1603 -3.18055e-015 -0 8.37598 7.4499 0.918873 90 1.59028e-015 -1.59028e-015 -19.685 -5.00364 -179.593 -18.7126 9.93923e-017 4.34842e-016 -8.15172 6.58801 11.9324 90 3.23025e-015 1.59028e-015 
-29.6352 88.3201 10.7953 -4.17272 86.0429 94.2886 17.2157 -2.47975 5.74343 9.46105 1.70754e-006 5.12264e-006 -5.12265e-006 1.70755e-006 -8.53773e-006 1.70748e-006 -8.53774e-006 -4.95189e-005 34.0241 -45.154 27.9445 -179.931 -1.63649 -87.5857 -8.81169 -16.3524 44.9884 -42.9644 -4.77083e-015 -3.18055e-015 -15.6462 -68.4718 -19.9014 -179.731 2.78744 84.4796 -21.4761 -10.2192 -36.8271 -50.7881 0 -9.54166e-015 30.364 68.311 -24.525 -18.1903 17.8126 178.77 -55.1976 1.59028e-015 -0 9.40704 9.17538 -2.05665 90 0 -1.59028e-015 -20.104 -4.49104 -178.14 -17.6898 -3.97569e-016 -1.04362e-015 -9.29398 4.42865 13.3992 90 -7.92654e-015 -3.18055e-015 
-31.2126 87.8727 9.55591 32.5035 85.1488 56.9461 16.9943 -3.97138 5.57999 9.58839 1.70754e-006 5.12264e-006 -5.12265e-006 1.70755e-006 -8.53773e-006 1.70748e-006 -8.53774e-006 -4.95189e-005 34.6264 -43.8966 27.7635 -179.965 -1.21569 -88.4041 -12.0259 -19.1543 44.5107 -44.2472 1.59028e-015 3.18055e-015 -15.9987 -69.1374 -20.0835 -179.633 3.49267 84.0022 -18.3432 -10.4842 -37.1412 -50.6164 3.18055e-015 -3.18055e-015 31.812 69.9624 -25.9887 -14.0839 16.7261 176.433 -50.6651 -4.77083e-015 3.18055e-015 10.6713 10.0604 0.289345 90 -3.8763e-015 -3.97569e-016 -20.5405 -4.24917 -176.057 -17.1064 0 1.2921e-015 -10.2691 2.63923 15.2039 90 -1.86361e-015 4.77083e-015 
-33.1463 87.3068 8.0745 50.9223 83.8192 37.8797 16.5353 -6.43543 4.66824 9.62068 1.70754e-006 5.12264e-006 -5.12265e-006 1.70755e-006 -8.53773e-006 1.70748e-006 -8.53774e-006 -4.95189e-005 35.372 -41.9354 28.1693 -179.993 -0.59954 -89.3438 -14.89 -21.3302 43.2273 -45.876 -3.18055e-015 -6.36111e-015 -15.4075 -68.8629 -18.7562 -179.52 4.15511 83.4043 -15.7785 -10.3539 -38.7603 -50.896 0 -0 31.6851 71.422 -25.9336 -9.04435 12.7881 174.424 -41.3762 -7.95139e-016 -1.19271e-015 11.9792 14.8249 13.3897 90 -3.97569e-016 1.59028e-015 -21.5118 -3.77706 -173.79 -16.6493 -2.38542e-015 -3.77691e-015 -11.4775 1.83633 17.027 90 5.41688e-015 -1.59028e-015 
-35.2371 86.6109 6.28544 65.6143 82.1357 23.0623 15.8386 -9.23416 2.54627 9.52222 1.70754e-006 5.12264e-006 -5.12265e-006 1.70755e-006 -8.53773e-006 1.70748e-006 -8.53774e-006 -4.95189e-005 35.2299 -39.0851 28.4917 -180 0.118428 -90.0207 -17.3794 -22.2773 40.6144 -48.5568 -2.38542e-015 -3.18055e-015 -14.0102 -68.2214 -16.4264 -179.389 4.81446 82.758 -13.8045 -10.1113 -41.2497 -52.0804 0 -1.59028e-015 33.1778 73.0659 -27.5118 -8.26521 9.04982 175.165 -38.0723 -1.98785e-016 2.48481e-016 16.1587 17.5814 10.5635 90 -3.97569e-016 3.18055e-015 -23.4031 -3.23205 -171.907 -16.6849 0 -1.78906e-015 -12.6592 1.45015 20.3883 90 3.47873e-015 -1.59028e-015 
-37.2087 85.9191 4.17856 74.6783 79.9514 14.8816 15.5738 -12.1538 -0.818046 9.45121 1.70754e-006 5.12264e-006 -5.12265e-006 1.70755e-006 -8.53773e-006 1.70748e-006 -8.53774e-006 -4.95189e-005 33.5342 -36.0972 28.3561 -179.995 0.674298 -90.392 -19.6736 -22.9486 37.2618 -51.478 -8.34896e-015 -6.36111e-015 -13.4251 -67.7877 -15.1503 -179.301 5.39289 82.6116 -12.2242 -9.50282 -44.9649 -53.6506 -1.59028e-015 2.38542e-015 36.7419 75.2029 -31.2275 -8.32086 7.54845 175.012 -35.3237 3.97569e-016 1.98785e-015 21.5018 13.2637 7.2119 90 0 3.18055e-015 -25.3524 -4.68619 -171.769 -17.3694 0 1.59028e-015 -13.4905 0.289541 27.4506 90 2.78299e-015 -3.18055e-015 
-39.0804 85.5507 1.87444 78.6959 77.6686 11.8676 15.9447 -14.4448 -4.03668 9.54659 1.70754e-006 5.12264e-006 -5.12265e-006 1.70755e-006 -8.53773e-006 1.70748e-006 -8.53774e-006 -4.95189e-005 31.4808 -33.9739 28.046 -179.972 1.57814 -91.003 -20.9921 -24.4987 35.3005 -53.9952 1.38404e-014 -3.18055e-015 -12.4473 -66.8321 -13.7215 -179.351 5.39549 83.1314 -10.5474 -9.27093 -49.6435 -54.7722 -7.95139e-016 -4.74598e-015 40.9818 77.972 -35.3784 -10.1366 8.5949 175.243 -36.1307 -1.59028e-015 -7.95139e-016 22.6501 10.0256 8.19966 90 4.47266e-016 -1.59028e-015 -26.1878 -8.07188 -172.439 -17.7744 3.18056e-015 -3.97569e-016 -13.8039 2.53128 31.6883 90 1.03368e-014 -3.18055e-015 
-40.9976 85.7682 -0.439664 81.453 74.8439 8.36865 17.0204 -14.3228 -4.54355 9.58447 1.70754e-006 5.12264e-006 -5.12265e-006 1.70755e-006 -8.53773e-006 1.70748e-006 -8.53774e-006 -4.95189e-005 30.2096 -32.9631 26.5843 -179.95 2.74527 -91.0475 -22.4187 -26.7702 35.2958 -55.1583 1.27222e-014 -0 -12.0965 -66.3228 -13.718 -179.536 4.72941 84.3889 -8.43242 -9.42724 -54.7802 -54.5041 1.59028e-015 -2.38542e-015 43.0403 80.2125 -37.2436 -13.1911 10.1265 178.51 -38.3691 7.95139e-016 1.19271e-015 21.4822 9.83502 6.68486 90 -1.49089e-016 -3.18055e-015 -27.2876 -11.824 -172.068 -21.3938 -3.18056e-015 -0 -9.94733 8.19101 28.7737 90 0 3.18055e-015 
-42.6251 86.289 -2.34476 84.4896 71.3688 4.46301 17.5029 -12.8505 -4.08447 9.54886 1.70754e-006 5.12264e-006 -5.12265e-006 1.70755e-006 -8.53773e-006 1.70748e-006 -8.53774e-006 -4.95189e-005 29.6608 -32.0802 23.9044 -179.957 3.14677 -90.7761 -23.212 -29.1159 38.4883 -55.7471 2.78299e-015 -0 -12.1964 -65.8543 -14.2902 -179.646 4.1434 85.1149 -8.16346 -9.92597 -58.3322 -52.7315 1.59028e-015 -1.78906e-015 44.071 82.173 -38.0442 -14.2369 10.9128 -179.18 -37.0135 -1.59028e-015 7.95139e-016 20.1664 7.26045 6.63605 90 1.20203e-015 -3.18055e-015 -28.7471 -15.6099 -173.01 -26.695 3.18056e-015 1.59028e-015 -8.15476 12.7113 25.9323 90 0 6.36111e-015 
-44.1478 87.061 -3.94901 87.3145 67.9112 1.21751 17.3262 -11.61 -3.76417 9.60146 1.70754e-006 5.12264e-006 -5.12265e-006 1.70755e-006 -8.53773e-006 1.70748e-006 -8.53774e-006 -4.95189e-005 29.1096 -30.5982 21.7585 -179.958 2.49504 -90.9598 -22.9173 -30.4286 44.3112 -57.1356 1.98785e-015 -6.36111e-015 -13.1724 -66.2753 -15.8951 -179.677 3.40851 84.5883 -10.3611 -10.6521 -59.7875 -50.1397 -3.18055e-015 2.18663e-015 45.1002 83.6463 -39.3754 -14.628 10.6944 -177.746 -34.5678 -1.59028e-015 7.95139e-016 18.0943 3.99222 7.24183 90 3.85145e-016 9.54166e-015 -30.9323 -16.5883 -175.249 -32.5091 3.18056e-015 2.38542e-015 -5.62888 17.3449 21.2375 90 4.77083e-015 -0 
-45.9412 87.8924 -5.21024 88.7444 64.9553 -1.0045 17.2691 -10.5154 -2.77939 9.48434 1.70754e-006 5.12264e-006 -5.12265e-006 1.70755e-006 -8.53773e-006 1.70748e-006 -8.53774e-006 -4.95189e-005 28.6636 -29.1253 20.6256 -179.962 1.78088 -91.2055 -22.5826 -29.1826 50.4086 -59.7262 -9.54166e-015 -0 -12.6444 -67.3794 -16.2861 -179.705 2.67987 83.7206 -13.2232 -11.799 -60.5457 -48.4195 0 -1.59028e-015 41.7343 83.0333 -36.1763 -14.274 10.5452 -175.755 -31.8644 -1.59028e-015 -7.95139e-016 16.4167 1.47359 7.23682 90 -5.96354e-016 -0 -32.0162 -16.4896 -178.455 -36.6329 0 1.19271e-015 -5.01704 20.918 19.9017 90 3.18055e-015 -0 
-47.8269 88.5375 -6.1321 89.708 62.4569 -2.10965 16.768 -9.5819 -2.14282 9.41655 1.70754e-006 5.12264e-006 -5.12265e-006 1.70755e-006 -8.53773e-006 1.70748e-006 -8.53774e-006 -4.95189e-005 27.9922 -28.2174 20.0161 -179.97 1.52817 -91.1332 -23.2711 -25.3149 54.9169 -63.5833 -4.77083e-015 -0 -10.0061 -67.721 -13.8898 -179.699 2.65565 83.5249 -15.8406 -12.594 -62.0139 -47.9163 0 -2.28602e-015 38.3193 82.189 -33.3874 -13.2623 11.0566 -174.185 -28.8967 -6.36111e-015 -2.38542e-015 14.9366 0.264722 6.53905 90 -9.44227e-016 -3.18055e-015 -32.6268 -15.5445 177.012 -39.0591 6.36111e-015 7.95139e-016 -4.99143 23.3711 18.6283 90 3.18055e-015 3.18055e-015 
-49.7374 88.8163 -6.80534 90.3693 60.1223 -2.12223 16.1055 -8.75486 -1.94359 9.24818 1.70754e-006 5.12264e-006 -5.12265e-006 1.70755e-006 -8.53773e-006 1.70748e-006 -8.53774e-006 -4.95189e-005 26.4536 -28.0788 18.9732 -179.999 1.18338 -90.0433 -26.1365 -19.8103 56.3398 -67.9228 0 -0 -3.91016 -66.6905 -7.02351 -179.701 2.80799 83.9192 -17.5222 -13.5017 -63.767 -49.6554 -3.18055e-015 2.18663e-015 38.3905 82.6121 -34.1029 -11.8994 11.8742 -173.556 -26.2266 3.18055e-015 -0 14.0582 -1.16069 5.9672 90 -9.93923e-017 3.18055e-015 -32.6681 -14.0528 171.544 -39.0179 0 -1.59028e-015 -5.39914 24.4687 16.9741 90 7.95139e-016 -0 
-51.8455 88.8188 -7.37501 91.0184 58.3029 -1.70506 15.3064 -8.14059 -1.82497 8.97606 1.70754e-006 5.12264e-006 -5.12265e-006 1.70755e-006 -8.53773e-006 1.70748e-006 -8.53774e-006 -4.95189e-005 24.5217 -28.2589 17.5263 179.996 0.130921 -88.3455 -30.362 -13.9181 56.056 -71.983 4.77083e-015 -3.18055e-015 3.33147 -62.3342 1.27553 -179.704 2.85734 84.0975 -18.2345 -14.6888 -64.978 -52.9902 3.18055e-015 1.98785e-015 41.7339 82.6372 -37.7849 -10.6976 13.167 -173.153 -24.1362 3.18055e-015 -1.59028e-015 13.6187 -1.86592 5.38894 90 -3.18055e-015 -0 -31.9279 -13.644 165.5 -35.7464 -6.36111e-015 -7.95139e-016 -5.71369 24.5061 16.6176 90 7.95139e-016 3.18055e-015 
-54.2732 88.639 -7.88366 91.4311 56.0649 -1.2259 14.4576 -6.75978 -1.54897 8.69658 1.70754e-006 5.12264e-006 -5.12265e-006 1.70755e-006 -8.53773e-006 1.70748e-006 -8.53774e-006 -4.95189e-005 22.7019 -28.3796 15.9039 -179.95 -0.942543 -87.0203 -34.0957 -7.83967 56.1993 -75.7511 0 3.18055e-015 3.80536 -58.1634 2.41298 -179.693 2.92221 84.0042 -19.3588 -15.906 -65.5234 -56.21 -3.18055e-015 -3.57812e-015 40.9086 81.9238 -37.1008 -9.45678 14.896 -172.275 -22.4793 0 7.95139e-016 13.4983 -2.48108 4.16667 90 7.95139e-016 3.18055e-015 -30.3432 -13.5092 160.706 -29.8944 3.18056e-015 1.59028e-015 -6.09768 24.8328 16.0652 90 0 -0 
-57.0889 88.4075 -8.55952 91.469 52.4192 -1.22996 13.9773 -4.3279 -0.933869 8.44592 1.70754e-006 5.12264e-006 -5.12265e-006 1.70755e-006 -8.53773e-006 1.70748e-006 -8.53774e-006 -4.95189e-005 20.9927 -27.6662 14.5129 -179.9 -1.46718 -86.1037 -34.7004 -2.20549 57.6235 -79.5788 -1.59028e-015 3.18055e-015 4.84018 -57.131 3.79873 -179.667 2.97289 83.6066 -21.9185 -16.4417 -65.1898 -58.398 3.18055e-015 -0 39.0913 80.0147 -35.1035 -8.28245 17.2489 -170.291 -21.336 -3.18055e-015 -3.97569e-015 13.711 -3.7935 3.14754 90 -6.95746e-016 -0 -27.8252 -11.1424 159.441 -24.0932 -6.36111e-015 3.18056e-015 -5.66826 27.1156 13.6391 90 0 7.95139e-016 
-60.2987 88.0587 -9.45687 91.3029 48.2538 -1.58486 13.7374 -2.71043 -0.338865 8.28321 1.70754e-006 5.12264e-006 -5.12265e-006 1.70755e-006 -8.53773e-006 1.70748e-006 -8.53774e-006 -4.95189e-005 19.5501 -25.2 13.405 -179.83 -2.05085 -85.2581 -32.7197 3.39462 59.2521 -82.8707 4.77083e-015 -0 4.6911 -59.2133 3.75231 -179.702 2.52938 83.2701 -25.2404 -15.9728 -64.4037 -59.5446 0 -2.38542e-015 24.3426 75.6462 -19.5926 -7.05292 18.3344 -167.71 -20.8409 3.18055e-015 2.38542e-015 13.9794 -6.31345 1.8556 90 2.28602e-015 -0 -26.2672 -10.2484 159.958 -20.8538 0 4.77083e-015 -4.44298 27.4256 12.3592 90 4.96962e-017 1.59028e-015 
-63.9632 87.4069 -10.6316 90.9722 44.5706 -1.97424 13.5389 -2.59841 -0.201577 8.3205 1.70754e-006 5.12264e-006 -5.12265e-006 1.70755e-006 -8.53773e-006 1.70748e-006 -8.53774e-006 -4.95189e-005 18.7469 -21.3368 13.121 -179.788 -2.45125 -85.061 -28.7556 8.95071 60.882 -85.7753 0 3.18055e-015 4.3133 -62.3482 2.98274 -179.752 2.00882 82.9726 -29.0798 -14.8158 -63.4183 -60.2846 1.59028e-015 -7.95139e-016 24.7598 72.7381 -19.8024 -5.36736 18.2075 -164.86 -20.5252 -3.18055e-015 -7.95139e-016 14.396 -8.88583 0.257664 90 -1.98785e-015 -0 -25.2661 -12.001 161.399 -19.7051 0 3.18056e-015 -3.63461 24.5025 13.7797 90 3.97569e-016 -0 
-67.9932 86.371 -12.073 90.8714 41.594 -2.27843 13.0623 -3.34395 -0.819698 8.34883 1.70754e-006 5.12264e-006 -5.12265e-006 1.70755e-006 -8.53773e-006 1.70748e-006 -8.53774e-006 -4.95189e-005 18.7368 -17.4442 13.5478 -179.758 -2.75142 -84.9776 -24.7344 14.5206 61.2417 -88.0089 -7.95139e-016 -0 4.42253 -66.7238 2.63071 -179.83 1.30347 82.5861 -32.3105 -13.9248 -62.761 -61.9883 0 -2.38542e-015 34.0365 72.4252 -28.7857 -3.94579 16.8855 -162.128 -21.5543 0 -1.59028e-015 15.2841 -11.4566 -0.630556 90 1.98785e-015 -0 -23.8021 -15.7 162.948 -16.9852 0 -0 -9.3527 21.4604 18.8283 90 7.95139e-016 -0 
-71.6062 85.7241 -13.9256 92.1382 38.3297 -4.5829 12.8263 -2.36034 0.232282 7.79924 1.70754e-006 5.12264e-006 -5.12265e-006 1.70755e-006 -8.53773e-006 1.70748e-006 -8.53774e-006 -4.95189e-005 17.8103 -15.5798 13.231 -179.579 -3.30266 -82.7361 -22.8177 18.7975 58.5264 -88.8432 0 -1.59028e-015 3.11143 -69.8437 1.20496 -179.823 1.3681 82.6504 -34.5096 -12.816 -62.1833 -63.8328 1.59028e-015 -2.38542e-015 40.5515 72.9531 -35.1609 -5.09083 12.95 -158.902 -26.3214 0 7.95139e-016 15.7764 -16.5615 1.31043 90 2.38542e-015 -3.18055e-015 -27.2503 -19.4014 165.272 -21.2776 0 -7.95139e-016 -8.6363 18.4025 18.1458 90 -1.59028e-015 -0 
-74.696 85.6976 -15.4448 91.6038 35.7073 -5.43073 14.3443 -0.942412 1.39847 7.9902 1.70754e-006 5.12264e-006 -5.12265e-006 1.70755e-006 -8.53773e-006 1.70748e-006 -8.53774e-006 -4.95189e-005 16.1172 -14.8959 12.7218 -179.552 -3.49849 -82.6995 -23.0905 19.2569 58.7782 -88.1564 -1.59028e-015 -7.95139e-016 3.71742 -68.7083 1.07238 -179.843 1.49242 84.0005 -36.7543 -10.9036 -61.8153 -64.7341 1.59028e-015 7.95139e-016 43.9505 74.4386 -38.6688 -5.81838 6.0463 -157.905 -34.6898 6.36111e-015 -0 14.3421 -24.0011 9.43159 90 9.93923e-016 -3.18055e-015 -28.9367 -21.2301 167.644 -27.0055 -1.59028e-015 -7.95139e-016 -4.95532 15.5762 14.0762 90 -3.18055e-015 -0 
-77.7215 85.8248 -16.9325 91.332 35.0945 -5.47582 15.1018 -1.33648 1.34939 8.6616 1.70754e-006 5.12264e-006 -5.12265e-006 1.70755e-006 -8.53773e-006 1.70748e-006 -8.53774e-006 -4.95189e-005 16.4682 -14.4166 13.1173 -179.653 -3.08924 -83.5956 -23.5186 18.9928 59.5292 -88.9887 3.97569e-015 -3.97569e-016 3.67089 -67.8691 0.746827 -179.94 0.676526 84.9143 -38.8911 -9.88871 -61.1355 -65.9388 3.18055e-015 1.59028e-015 45.8223 74.0755 -40.2967 -8.18694 -0.67867 -158.404 -43.757 -3.18055e-015 -1.59028e-015 10.3579 -24.3419 15.3157 90 -6.36111e-015 3.18055e-015 -27.1628 -19.5446 170.884 -28.6004 -3.18056e-015 -1.59028e-015 -1.16991 17.9798 11.3426 90 2.38542e-015 1.59028e-015 
-80.4071 86.2258 -18.0101 91.5636 35.5986 -5.39103 15.8281 -1.37777 1.63511 8.63301 1.70754e-006 5.12264e-006 -5.12265e-006 1.70755e-006 -8.53773e-006 1.70748e-006 -8.53774e-006 -4.95189e-005 17.5738 -14.8612 12.9621 -179.62 -3.037 -82.859 -26.8101 18.0784 58.4726 -89.9507 0 -6.83322e-016 1.58806 -67.5865 -1.18503 -179.96 0.504492 85.5122 -41.0776 -10.3233 -59.7096 -67.4311 -1.59028e-015 -0 49.1379 75.0346 -44.0697 -11.5196 -7.236 -160.519 -52.6186 0 -0 10.3077 -11.9444 11.618 90 -7.95139e-015 -6.36111e-015 -25.4616 -18.5822 172.951 -28.857 0 -7.95139e-016 1.37969 20.269 9.56217 90 7.95139e-016 -1.59028e-015 
-82.895 86.792 -18.5142 91.3174 35.8647 -4.34612 16.3645 0.205824 1.61107 8.76653 1.70754e-006 5.12264e-006 -5.12265e-006 1.70755e-006 -8.53773e-006 1.70748e-006 -8.53774e-006 -4.95189e-005 18.4131 -16.6095 12.0818 -179.708 -2.28764 -82.7181 -31.1994 15.6205 58.7647 -90.322 3.18055e-015 2.18663e-015 2.88287 -64.5045 0.0528962 -179.952 0.802857 86.5542 -42.8602 -11.3778 -58.4094 -68.9857 -4.96962e-016 -9.93923e-017 55.0785 75.8651 -50.3638 -15.9889 -9.49819 -164.024 -58.0639 9.54166e-015 3.18055e-015 7.69492 -5.10778 9.40987 90 7.95139e-016 -1.59028e-014 -23.6949 -19.2014 173.371 -28.6253 0 1.59028e-015 3.35696 20.0618 8.17786 90 0 7.95139e-016 
-85.3849 87.3761 -18.7752 91.199 35.9061 -3.30599 16.4838 2.17549 1.44166 8.86934 1.70754e-006 5.12264e-006 -5.12265e-006 1.70755e-006 -8.53773e-006 1.70748e-006 -8.53774e-006 -4.95189e-005 18.3964 -18.1987 10.7445 -179.833 -1.39343 -83.1724 -34.2226 12.5084 60.5543 -91.4174 -3.18055e-015 -0 5.23169 -61.8037 2.46458 -179.978 0.531738 87.675 -43.7235 -12.8184 -57.4661 -71.1933 3.97569e-016 -2.78299e-015 52.5259 74.0491 -48.1908 -21.2354 -7.99744 -167.336 -60.5667 3.18055e-015 -4.77083e-015 5.37578 -4.27937 9.99648 90 3.57812e-015 -6.36111e-015 -21.5306 -19.0844 173.992 -27.6121 3.18056e-015 7.95139e-016 4.9833 20.5474 7.00769 90 7.95139e-016 -7.95139e-016 
-87.7449 87.8939 -18.9256 91.4793 36.0897 -2.34778 16.4768 3.57888 0.951254 8.75246 1.70754e-006 5.12264e-006 -5.12265e-006 1.70755e-006 -8.53773e-006 1.70748e-006 -8.53774e-006 -4.95189e-005 17.629 -19.1498 9.44945 -179.846 -1.28751 -83.1952 -36.7315 9.61784 62.1707 -93.0253 0 9.93923e-016 4.86685 -63.3049 2.12003 -179.999 0.0427597 88.32 -44.5833 -14.6146 -56.1914 -73.7701 7.95139e-016 1.59028e-015 53.5002 74.8816 -49.9496 -26.3931 -4.17866 -170.394 -59.8287 6.36111e-015 3.18055e-015 4.9219 -4.903 11.3321 90 -6.75868e-015 3.18055e-015 -19.8972 -18.268 174.479 -26.7937 0 -7.95139e-016 6.30627 21.9586 5.81018 90 7.95139e-016 -0 
-90.1512 88.3322 -18.9806 91.6345 37.0976 -1.31737 16.4846 4.07947 0.419163 8.72161 1.70754e-006 5.12264e-006 -5.12265e-006 1.70755e-006 -8.53773e-006 1.70748e-006 -8.53774e-006 -4.95189e-005 17.018 -19.6981 8.52738 -179.814 -1.47551 -82.8305 -38.8804 7.05327 63.3091 -94.5519 -2.38542e-015 -2.98177e-016 4.13868 -64.8959 1.41898 179.996 -0.220248 88.8584 -44.8398 -15.5838 -55.1896 -76.0479 -1.59028e-015 1.59028e-015 58.3354 75.3268 -55.0943 -29.8803 0.82382 -173.364 -54.8835 0 3.18055e-015 4.52081 -4.88034 12.4765 90 4.57205e-015 -6.36111e-015 -18.2035 -18.151 174.669 -26.1043 0 -3.97569e-016 7.67322 23.483 4.38389 90 -3.97569e-016 7.95139e-016 
-92.6974 88.5897 -18.8536 91.407 38.8584 -0.352996 16.3122 4.25671 0.324649 8.84892 1.70754e-006 5.12264e-006 -5.12265e-006 1.70755e-006 -8.53773e-006 1.70748e-006 -8.53774e-006 -4.95189e-005 17.2653 -20.2839 7.95798 -179.815 -1.44778 -82.7265 -40.2368 4.72014 64.7074 -95.839 0 -1.98785e-016 5.26001 -63.5394 2.78516 180 -0.010162 89.6951 -44.3501 -15.8212 -54.8918 -78.055 1.59028e-015 -0 58.2736 75.1826 -55.0044 -30.7521 6.47385 -176.378 -45.4329 0 3.18055e-015 1.52599 -2.37576 12.5459 90 -9.93923e-016 -3.18055e-015 -16.1145 -18.6672 174.956 -25.6989 -3.18056e-015 -1.98785e-015 9.387 25.1699 2.85999 90 3.97569e-016 7.95139e-016 
-95.4582 88.6383 -18.559 90.8319 40.4724 0.371376 15.9854 4.56919 0.485428 8.8953 1.70754e-006 5.12264e-006 -5.12265e-006 1.70755e-006 -8.53773e-006 1.70748e-006 -8.53774e-006 -4.95189e-005 18.0949 -20.0429 7.46567 -179.756 -1.86092 -82.532 -41.3099 3.55946 65.701 -96.9634 -7.95139e-016 3.97569e-016 3.11138 -63.3536 1.34432 180 0.40969 90.0266 -43.3373 -16.2988 -54.5012 -79.9311 0 3.18055e-015 57.6295 75.8235 -54.4683 -29.853 12.5268 -179.084 -35.6474 6.36111e-015 7.95139e-016 2.03724 2.12369 9.74507 90 1.13059e-015 -1.27222e-014 -13.6306 -18.9571 175.899 -25.5967 -3.18056e-015 7.95139e-016 11.2732 27.1519 1.04137 90 1.98785e-016 1.59028e-015 
-98.4859 88.429 -18.0712 89.8229 41.3058 0.667339 15.3315 5.25527 1.01603 9.00172 1.70754e-006 5.12264e-006 -5.12265e-006 1.70755e-006 -8.53773e-006 1.70748e-006 -8.53774e-006 -4.95189e-005 19.3347 -17.7088 6.59107 -179.697 -2.22683 -82.2582 -40.7749 3.59223 66.3196 -98.2678 0 -7.95139e-016 3.38632 -64.4937 2.08039 179.998 0.771783 90.1977 -41.8869 -16.7244 -54.1609 -81.3604 0 -1.59028e-015 61.4133 76.852 -58.356 -27.5554 18.0469 179.206 -26.885 -3.18055e-015 3.97569e-016 0.830643 5.46485 4.81599 90 1.98785e-016 9.54166e-015 -11.0941 -18.8952 177.577 -26.7708 6.36111e-015 7.95139e-016 13.56 29.0275 -0.175705 90 -4.96962e-017 -0 
-101.848 87.9116 -17.4484 88.236 41.4596 0.444528 14.365 5.7948 2.03062 9.16185 1.70754e-006 5.12264e-006 -5.12265e-006 1.70755e-006 -8.53773e-006 1.70748e-006 -8.53774e-006 -4.95189e-005 21.3322 -11.5274 5.20478 -179.622 -2.70712 -82.0509 -38.5012 4.30633 66.2923 -99.3783 -7.95139e-016 3.18055e-015 3.4391 -63.8419 2.90471 179.991 1.20591 90.4111 -41.019 -17.0013 -53.5748 -82.1921 3.18055e-015 -3.18055e-015 66.6428 77.7036 -63.8457 -24.9237 20.4502 178.912 -21.7691 -6.36111e-015 -2.78299e-015 -5.7707 6.56263 0.89955 90 -7.95139e-016 3.18055e-015 -8.99795 -18.5961 179.863 -30.5257 -9.54167e-015 -3.18056e-015 16.1943 30.9255 0.126572 90 9.93923e-017 3.18055e-015 
-105.249 87.1443 -16.7551 86.7396 41.2639 0.126686 13.1207 5.43076 2.5887 9.24667 1.70754e-006 5.12264e-006 -5.12265e-006 1.70755e-006 -8.53773e-006 1.70748e-006 -8.53774e-006 -4.95189e-005 23.6653 -1.7726 3.44377 -179.464 -3.78996 -81.9444 -35.2901 5.23657 65.2958 -100.171 -7.95139e-016 -1.59028e-015 0.382571 -63.9683 0.025299 179.983 1.94868 90.5025 -40.9581 -16.9122 -52.1239 -82.6596 0 3.18055e-015 69.5449 78.1068 -67.064 -22.4827 18.1539 178.319 -21.7264 0 3.97569e-016 -4.68406 5.09848 12.7772 90 -1.98785e-016 3.18055e-015 -8.93296 -18.562 -178.727 -37.8073 -3.18056e-015 -3.18056e-015 17.8069 31.9946 2.08412 90 -1.98785e-016 1.59028e-015 
-108.195 86.3826 -15.9964 85.3081 40.5946 1.68953 12.7469 4.22073 0.679616 9.19263 1.70754e-006 5.12264e-006 -5.12265e-006 1.70755e-006 -8.53773e-006 1.70748e-006 -8.53774e-006 -4.95189e-005 24.8737 9.75452 1.08241 -179.268 -4.98167 -81.6346 -30.3936 5.60026 62.9389 -100.825 0 -0 -0.927573 -65.778 -1.2121 179.976 2.6666 90.5181 -40.4671 -15.6833 -49.8539 -82.9628 6.36111e-015 3.18055e-015 67.3588 77.9568 -65.1321 -21.3341 13.4087 177.809 -24.9696 0 7.95139e-016 0.780386 -0.257521 12.988 90 1.98785e-016 6.36111e-015 -12.8143 -18.8809 178.611 -49.8352 6.36111e-015 4.77083e-015 15.4933 31.3844 7.54825 90 0 -0 
-110.874 85.9285 -15.6007 83.1134 40.7865 4.46386 13.9743 2.83239 -1.7522 9.22169 1.70754e-006 5.12264e-006 -5.12265e-006 1.70755e-006 -8.53773e-006 1.70748e-006 -8.53774e-006 -4.95189e-005 24.8113 19.8981 -1.86239 -179.179 -5.54279 -81.5635 -25.7006 4.37515 59.2148 -100.053 0 3.18055e-015 -4.19543 -66.8478 -4.48532 179.917 3.09031 91.543 -37.7543 -12.5509 -48.7472 -83.0083 -7.95139e-016 -0 66.746 78.9718 -64.4304 -21.4137 12.432 178.287 -31.039 6.36111e-015 1.59028e-015 3.90344 0.621342 10.5844 90 5.96354e-016 6.36111e-015 -18.7047 -18.8988 174.001 -62.9786 0 -1.59028e-015 5.63905 31.5426 15.4088 90 0 -0 
-113.346 85.6114 -15.4275 82.0982 41.4174 5.10448 14.0637 2.83303 -1.78301 9.51675 1.70754e-006 5.12264e-006 -5.12265e-006 1.70755e-006 -8.53773e-006 1.70748e-006 -8.53774e-006 -4.95189e-005 25.9567 26.9395 -5.88881 -179.179 -5.40419 -81.3445 -21.7649 1.96082 55.7186 -98.2714 0 -3.18055e-015 -5.87066 -66.3971 -6.40902 179.83 3.85536 92.5255 -33.7896 -10.1921 -46.7004 -83.3256 4.77083e-015 -0 81.0594 81.4973 -78.8415 -20.7293 13.7568 179.878 -33.547 -3.18055e-015 -1.59028e-015 7.18147 2.52363 10.3232 90 -1.98785e-016 6.36111e-015 -23.8006 -20.1913 170.718 -69.5371 3.18056e-015 -0 -2.4131 31.186 16.6769 90 2.78299e-015 -3.18055e-015 
-115.622 85.6396 -15.4403 82.2508 43.3803 4.82622 13.5765 2.07472 -1.20283 9.47715 1.70754e-006 5.12264e-006 -5.12265e-006 1.70755e-006 -8.53773e-006 1.70748e-006 -8.53774e-006 -4.95189e-005 27.7666 32.7495 -9.81819 -179.062 -5.8821 -80.9252 -18.6255 -0.935235 52.7992 -97.0933 1.59028e-015 3.18055e-015 -9.01803 -68.042 -9.67796 179.798 4.94173 92.3425 -30.2278 -8.21502 -43.0261 -83.0639 -2.38542e-015 8.34896e-015 67.9835 81.7948 -66.2975 -20.6347 12.684 -179.123 -34.5617 -9.54166e-015 -2.38542e-015 8.86491 3.63361 9.4984 90 1.98785e-016 -0 -28.4454 -21.821 167.428 -71.0279 3.18056e-015 4.77083e-015 -6.39265 30.386 15.8506 90 1.59028e-015 -3.18055e-015 
-117.927 86.0754 -15.5583 81.8603 45.4038 4.92082 13.7918 1.68405 -0.578481 9.45899 1.70754e-006 5.12264e-006 -5.12265e-006 1.70755e-006 -8.53773e-006 1.70748e-006 -8.53774e-006 -4.95189e-005 29.2833 36.9636 -13.0191 -179.041 -6.51922 -81.6156 -15.4771 -4.35996 52.1252 -96.7935 1.59028e-015 3.18055e-015 -9.91859 -68.6433 -10.6513 179.782 5.5743 92.2415 -26.4031 -6.07107 -39.8355 -82.175 -5.96354e-016 2.38542e-015 55.9236 81.909 -54.1712 -19.5721 10.8211 -178.335 -34.1973 0 7.95139e-016 9.19794 4.07704 8.38313 90 -3.97569e-016 -0 -31.0744 -21.5109 165.381 -68.5623 0 -4.77083e-015 -7.63536 27.5836 15.2687 90 -7.95139e-016 1.59028e-015 
-120.291 86.704 -15.8005 81.6234 47.2103 4.71028 13.846 1.67997 0.218932 9.63172 1.70754e-006 5.12264e-006 -5.12265e-006 1.70755e-006 -8.53773e-006 1.70748e-006 -8.53774e-006 -4.95189e-005 30.5202 39.8003 -15.5872 -179.044 -7.05959 -82.2685 -12.2702 -7.35278 51.8995 -97.1207 -6.36111e-015 -6.36111e-015 -10.5691 -68.9561 -11.4257 179.75 6.00238 92.3866 -23.0485 -3.9483 -37.3039 -80.5641 8.15017e-015 -2.38542e-015 59.9203 83.7779 -58.2163 -18.1748 9.84586 -176.969 -32.7598 -3.18055e-015 -3.97569e-015 9.08102 5.15932 7.16217 90 -3.97569e-016 -9.54166e-015 -32.0262 -19.7148 164.775 -62.6715 0 -0 -9.05389 25.5087 15.2422 90 0 1.59028e-015 
-122.72 87.2678 -16.1208 81.4419 49.5356 4.73506 13.9053 1.19949 0.726946 9.68784 1.70754e-006 5.12264e-006 -5.12265e-006 1.70755e-006 -8.53773e-006 1.70748e-006 -8.53774e-006 -4.95189e-005 31.2505 41.7548 -17.288 -179.014 -7.41121 -82.3997 -9.79715 -9.61024 50.9006 -97.4614 -6.36111e-015 -9.54166e-015 -13.1237 -69.4485 -14.2004 179.714 6.33604 92.5872 -20.2104 -2.23044 -35.133 -79.0241 -2.03754e-015 -1.04362e-015 60.162 84.9853 -58.6556 -16.7539 8.63768 -175.86 -30.967 -6.36111e-015 -1.59028e-015 9.06828 6.27574 5.78178 90 1.98785e-016 -0 -32.0366 -17.8279 163.99 -54.9212 -6.36111e-015 -1.59028e-015 -9.13699 25.9483 14.5801 90 -4.96962e-016 1.59028e-015 
-125.179 87.5464 -16.4784 81.3708 52.2424 5.07021 13.932 0.529434 0.894043 9.65744 1.70754e-006 5.12264e-006 -5.12265e-006 1.70755e-006 -8.53773e-006 1.70748e-006 -8.53774e-006 -4.95189e-005 31.6266 43.6019 -18.8568 -178.989 -7.66842 -82.4685 -8.07288 -11.4393 50.0293 -97.595 -1.59028e-015 -6.36111e-015 -10.8101 -68.4362 -11.7817 179.612 6.97482 93.1963 -17.9333 -1.05521 -33.4595 -77.9246 -3.08116e-015 1.49089e-015 49 85.0828 -47.7834 -15.8115 7.29953 -175.03 -29.7638 -3.18055e-015 2.38542e-015 9.34181 7.44777 4.4164 90 9.93923e-016 -3.18055e-015 -31.4657 -16.3652 162.528 -45.9959 3.18056e-015 -0 -8.84097 26.9558 13.6939 90 -9.93923e-017 9.93923e-017 
-127.699 87.5227 -16.8788 81.3403 54.8604 5.71805 13.9148 0.186753 0.704181 9.63643 1.70754e-006 5.12264e-006 -5.12265e-006 1.70755e-006 -8.53773e-006 1.70748e-006 -8.53774e-006 -4.95189e-005 32.0992 45.2337 -20.6452 -178.95 -7.77223 -82.2856 -7.00362 -12.5876 49.5377 -98.0315 -9.54166e-015 3.18055e-015 -11.0422 -68.6732 -12.1048 179.509 7.70201 93.6617 -15.5273 -0.256228 -31.9424 -77.4609 2.18663e-015 -1.78906e-015 53.3895 86.4915 -52.6091 -15.5282 6.42195 -174.206 -29.4426 -3.18055e-015 -1.19271e-015 9.80166 9.08875 2.75803 90 -5.96354e-016 -0 -29.9715 -15.1697 160.771 -35.9473 6.36111e-015 -4.77083e-015 -9.36192 24.8957 14.6341 90 1.98785e-016 -7.95139e-016 
-130.391 87.2921 -17.3157 80.9754 57.2979 6.87099 13.8848 0.236999 0.151011 9.67729 1.70754e-006 5.12264e-006 -5.12265e-006 1.70755e-006 -8.53773e-006 1.70748e-006 -8.53774e-006 -4.95189e-005 32.8442 46.478 -22.115 -178.932 -7.77563 -82.1528 -5.76446 -13.4436 50.3851 -99.0946 -3.18055e-015 -3.18055e-015 -8.44803 -68.928 -9.67803 179.436 8.28553 93.9124 -12.8381 0.405677 -30.9534 -77.5808 -9.93923e-016 1.19271e-015 99.6814 87.6827 -99.1142 -15.368 5.69936 -173.37 -29.5911 6.36111e-015 -2.38542e-015 10.5578 10.7473 1.01659 90 1.98785e-016 3.18055e-015 -26.9126 -12.6358 159.578 -26.4601 -3.18056e-015 3.97569e-015 -10.4193 19.8378 17.1297 90 7.95139e-016 -0 
-133.348 86.9038 -17.7444 79.9624 59.7531 8.57215 13.9028 0.259179 -0.525106 9.69499 1.70754e-006 5.12264e-006 -5.12265e-006 1.70755e-006 -8.53773e-006 1.70748e-006 -8.53774e-006 -4.95189e-005 33.9716 47.5556 -23.2849 -178.832 -8.26088 -81.9293 -4.85113 -13.7493 51.9849 -100.566 -6.36111e-015 9.54166e-015 -9.61545 -69.4252 -10.7885 179.323 9.11885 94.27 -11.1443 1.12199 -30.9274 -77.6568 4.96962e-015 -3.97569e-016 118.776 87.573 -118.15 -15.1323 4.30493 -172.485 -30.1642 -3.18055e-015 1.59028e-015 11.4986 11.7951 -0.744062 90 0 -6.36111e-015 -22.7101 -7.83949 159.315 -20.3611 3.18056e-015 -0 -14.8692 15.8216 18.5873 90 -1.98785e-016 -6.36111e-015 
-136.682 86.3586 -18.2347 78.3012 62.2122 10.4563 13.8672 0.304278 -0.929823 9.8239 1.70754e-006 5.12264e-006 -5.12265e-006 1.70755e-006 -8.53773e-006 1.70748e-006 -8.53774e-006 -4.95189e-005 35.1375 48.6953 -24.406 -178.706 -8.85107 -81.6457 -3.54642 -13.7881 53.8271 -102.183 0 -3.18055e-015 -6.74277 -70.5673 -7.9515 179.273 9.45695 94.414 -9.39428 1.56676 -31.2729 -78.5567 -3.97569e-016 5.36719e-015 129.221 87.5313 -128.922 -14.998 2.09607 -171.06 -31.3236 3.18055e-015 3.97569e-016 12.5942 12.4492 -2.60616 90 -3.97569e-016 3.18055e-015 -19.3148 -5.61598 159.875 -17.8665 0 -7.15625e-015 -22.8398 12.8487 19.8405 90 0 -9.54166e-015 
-140.225 85.8475 -18.8889 76.237 64.5127 12.1096 14.0218 0.657782 -0.732637 9.887 1.70754e-006 5.12264e-006 -5.12265e-006 1.70755e-006 -8.53773e-006 1.70748e-006 -8.53774e-006 -4.95189e-005 35.791 49.41 -25.3103 -178.542 -9.37045 -81.118 -1.93691 -14.2451 54.8491 -103.53 -2.38542e-015 6.36111e-015 -3.60174 -70.1033 -4.50524 179.261 9.62973 94.4115 -7.7278 2.21729 -31.6053 -79.7742 9.93923e-016 1.98785e-016 139.995 86.9958 -140.245 -14.5579 -0.736993 -168.997 -31.9773 0 -3.97569e-016 13.2759 12.6325 -4.37202 90 -1.19271e-015 -1.27222e-014 -17.2809 -5.12059 161.964 -20.8128 -6.36111e-015 -7.95139e-016 -14.5557 16.7248 20.0522 90 1.98785e-016 -6.36111e-015 
-143.839 85.37 -19.7354 74.6852 66.7501 13.1901 14.0267 0.981079 -0.457593 9.7972 1.70754e-006 5.12264e-006 -5.12265e-006 1.70755e-006 -8.53773e-006 1.70748e-006 -8.53774e-006 -4.95189e-005 36.2272 49.6554 -26.0249 -178.311 -9.99502 -80.3582 -0.0616464 -15.741 54.2906 -104.18 1.59028e-015 -0 -1.5971 -70.0429 -2.64261 179.23 9.73046 94.5484 -6.3449 3.50387 -32.1561 -80.1732 -1.2921e-015 -1.09332e-015 134.387 86.8251 -135.035 -14.2893 -3.75213 -166.854 -32.367 -6.36111e-015 -7.95139e-016 13.9057 12.0384 -5.26837 90 -1.59028e-015 -0 -16.0938 -7.10056 164.157 -22.5807 -9.54167e-015 -2.38542e-015 -6.2099 18.5209 17.7672 90 -3.97569e-016 -0 
-147.126 85.2611 -20.8429 74.9265 68.547 11.682 13.8384 1.87367 1.20149 9.55084 1.70754e-006 5.12264e-006 -5.12265e-006 1.70755e-006 -8.53773e-006 1.70748e-006 -8.53774e-006 -4.95189e-005 37.344 48.871 -27.7495 -178.016 -10.7296 -79.4596 2.43387 -18.3869 53.5824 -103.413 -4.77083e-015 7.95139e-016 -0.514325 -69.662 -1.46091 179.216 9.59451 94.6941 -4.85917 5.50851 -31.7534 -79.0884 3.46631e-015 -4.84538e-015 134.565 87.6359 -135.881 -14.6465 -7.21785 -164.56 -33.0414 -3.18055e-015 -2.38542e-015 13.8921 8.5521 -2.90177 90 3.18055e-015 -6.36111e-015 -18.2634 -10.4221 166.578 -26.9334 0 7.95139e-016 -2.22133 17.5105 14.505 90 -3.97569e-016 3.18055e-015 
-149.948 85.3581 -21.7366 74.0821 69.806 12.1594 13.9587 2.84984 1.70947 9.68738 1.70754e-006 5.12264e-006 -5.12265e-006 1.70755e-006 -8.53773e-006 1.70748e-006 -8.53774e-006 -4.95189e-005 36.6337 48.372 -27.3839 -178.168 -11.2266 -80.6694 6.3834 -21.1743 54.4471 -101.791 3.77691e-015 1.98785e-015 -1.03602 -69.5889 -2.21474 179.253 9.38268 94.5729 -3.27995 8.01869 -30.0009 -76.2351 -4.42296e-015 1.44119e-015 166.981 87.0708 -168.617 -15.0375 -9.27619 -164.595 -34.6485 -3.18055e-015 3.97569e-015 13.6442 1.76959 5.1278 90 -7.95139e-016 3.18055e-015 -19.2661 -13.7564 167.72 -29.3955 6.36111e-015 -1.59028e-015 0.385239 16.4902 11.6863 90 1.98785e-016 1.27222e-014 
-152.52 85.5929 -22.5315 73.5149 71.4095 12.5941 13.9278 2.84231 1.91158 9.5418 1.70754e-006 5.12264e-006 -5.12265e-006 1.70755e-006 -8.53773e-006 1.70748e-006 -8.53774e-006 -4.95189e-005 34.963 47.2546 -25.2509 -178.215 -11.9606 -81.4507 10.0263 -25.4599 52.9932 -99.1591 1.39149e-015 3.18055e-015 -5.08991 -70.3753 -6.33919 179.239 9.00162 94.8554 -2.06632 10.8013 -27.9706 -72.1057 3.37934e-015 -7.95139e-016 -171.122 86.4342 169.553 -17.0022 -7.76104 -165.486 -37.1883 3.18055e-015 4.77083e-015 13.2247 -3.33987 13.1327 90 4.57205e-015 -1.59028e-015 -18.4909 -14.347 169.801 -29.594 -3.18056e-015 6.36111e-015 2.47412 18.4323 9.72858 90 3.97569e-016 6.36111e-015 
-154.677 86.0609 -23.1084 73.2766 73.3918 12.6146 13.3559 2.77372 2.59624 9.30497 1.70754e-006 5.12264e-006 -5.12265e-006 1.70755e-006 -8.53773e-006 1.70748e-006 -8.53774e-006 -4.95189e-005 32.535 43.1782 -21.3195 -178.346 -12.2511 -82.2529 13.0801 -30.6691 51.1641 -94.7884 -2.5842e-015 -3.18055e-015 -7.56066 -70.8944 -9.00668 179.075 8.97874 95.9098 -0.846986 13.4384 -25.8932 -66.9176 2.38542e-015 -1.59028e-015 -149.262 86.9212 147.58 -19.1636 -5.76715 -167.227 -41.1301 -3.18055e-015 2.78299e-015 14.3383 -2.25845 14.1229 90 4.17448e-015 1.59028e-015 -17.1359 -13.697 172.204 -28.4906 0 -0 3.12509 21.863 8.5759 90 0 -3.18055e-015 
-156.417 86.702 -23.4066 72.377 75.5178 13.8745 12.6058 2.61254 2.82316 9.06417 1.70754e-006 5.12264e-006 -5.12265e-006 1.70755e-006 -8.53773e-006 1.70748e-006 -8.53774e-006 -4.95189e-005 30.1379 37.1106 -16.9129 -178.613 -12.0831 -83.4019 15.5857 -36.3242 49.4166 -88.6979 3.67752e-015 6.36111e-015 -4.55615 -68.1986 -6.2941 178.875 9.13783 97.0469 0.0716447 15.6048 -23.1525 -61.0369 -3.97569e-016 -3.97569e-016 -122.286 86.037 120.611 -20.3495 -2.94705 -170.393 -44.1726 1.59028e-015 -1.59028e-015 14.9861 -0.186199 13.614 90 2.17421e-015 1.59028e-015 -15.6644 -14.4597 173.244 -26.5453 3.18056e-015 1.59028e-015 3.28155 23.6615 7.74416 90 1.98785e-016 9.54166e-015 
-157.841 87.3868 -23.4597 71.621 77.3904 15.1459 11.637 2.67172 3.02151 8.6685 1.70754e-006 5.12264e-006 -5.12265e-006 1.70755e-006 -8.53773e-006 1.70748e-006 -8.53774e-006 -4.95189e-005 28.5323 30.0245 -13.3684 -178.918 -11.5947 -84.6316 16.5299 -41.3322 46.4462 -80.7793 7.15625e-015 6.36111e-015 -7.85125 -63.9216 -8.29161 178.645 9.26012 98.3612 0.574146 17.4836 -19.945 -54.4169 -1.59028e-015 2.78299e-015 -100.293 85.5563 98.5437 -20.2758 1.74345 -173.674 -44.9712 -3.18055e-015 -0 14.5306 1.30524 13.187 90 3.18055e-015 -1.59028e-015 -13.9837 -15.6032 173.858 -23.9089 -3.18056e-015 -3.97569e-016 3.104 24.6587 7.28738 90 -1.19271e-015 3.18055e-015 
-159.072 87.9825 -23.335 72.1488 78.5775 15.1557 10.4033 3.13396 3.04405 8.22969 1.70754e-006 5.12264e-006 -5.12265e-006 1.70755e-006 -8.53773e-006 1.70748e-006 -8.53774e-006 -4.95189e-005 27.5526 23.8867 -10.5545 -179.193 -11.2402 -85.8702 16.019 -45.6585 42.4784 -71.9485 4.77083e-015 3.18055e-015 -11.9082 -63.1495 -12.1071 178.467 9.27121 99.4324 0.0527405 19.0985 -16.1145 -46.8811 -3.18055e-015 -3.97569e-016 -60.4283 84.0272 58.9269 -18.7803 7.7421 -176.442 -43.6448 -3.97569e-016 -3.97569e-016 14.4217 5.04039 10.2754 90 -1.19271e-015 -0 -12.3693 -15.8956 174.555 -21.2087 0 -3.97569e-016 2.86751 25.6857 7.0628 90 3.97569e-016 -3.18055e-015 
-160.362 88.3984 -23.0847 72.6736 79.6354 14.5798 9.09697 3.26636 3.36059 7.82423 1.70754e-006 5.12264e-006 -5.12265e-006 1.70755e-006 -8.53773e-006 1.70748e-006 -8.53774e-006 -4.95189e-005 26.7693 19.3502 -8.0024 -179.482 -11.0805 -87.3066 15.1071 -49.6131 38.1982 -63.3891 0 6.36111e-015 -9.62132 -60.0529 -9.78678 178.406 8.89429 100.205 -1.32207 20.4024 -12.1803 -38.7219 -7.95139e-016 -3.97569e-016 -35.483 80.3501 34.5168 -16.1094 11.7253 -178.39 -40.3787 5.96354e-016 -9.93923e-017 15.2257 8.79987 5.63961 90 -1.98785e-016 1.59028e-015 -10.6491 -16.8176 175.754 -18.7342 3.18056e-015 -7.95139e-016 2.86535 26.0149 6.65404 90 -3.97569e-016 3.18055e-015 
-161.748 88.5219 -22.7844 72.6098 80.9463 14.1098 7.74957 3.20628 3.90982 7.49884 1.70754e-006 5.12264e-006 -5.12265e-006 1.70755e-006 -8.53773e-006 1.70748e-006 -8.53774e-006 -4.95189e-005 25.5857 15.375 -5.40179 -179.861 -10.5552 -89.2436 13.3174 -52.6731 33.3318 -54.8967 -6.36111e-015 -3.18055e-015 -6.22577 -55.929 -7.12439 178.394 8.28103 101.013 -2.18943 21.2023 -8.86656 -31.099 -1.59028e-015 -3.97569e-016 -23.4618 76.7702 23.8807 -12.7756 13.4418 -179.409 -33.9382 7.95139e-016 -1.98785e-016 12.1139 9.17031 4.31116 90 -9.93923e-017 1.59028e-015 -9.1768 -17.9756 177.379 -17.274 6.36111e-015 3.18056e-015 3.59585 26.267 5.85377 90 7.95139e-016 1.27222e-014 
-163.082 88.3884 -22.435 71.193 82.2886 15.0111 6.74832 3.05378 4.20616 7.10966 1.70754e-006 5.12264e-006 -5.12265e-006 1.70755e-006 -8.53773e-006 1.70748e-006 -8.53774e-006 -4.95189e-005 24.3255 11.9834 -2.84383 179.784 -9.73731 -91.2801 11.2525 -55.4664 28.7408 -46.3859 3.18055e-015 -0 -6.39971 -56.6615 -7.95915 178.385 7.92032 101.568 -3.07728 21.2524 -5.80627 -24.5725 1.59028e-015 -3.97569e-016 -19.4839 73.6401 21.3686 -9.24122 12.6057 -179.952 -27.4662 0 -1.98785e-016 13.7746 6.69521 9.18151 90 3.10601e-016 3.97569e-016 -8.81586 -19.4563 178.539 -18.141 3.18056e-015 7.95139e-016 5.238 26.3049 4.72525 90 -1.19271e-015 3.18055e-015 
-164.206 88.157 -22.3041 70.9245 83.9135 15.7446 6.0586 2.35959 3.14274 6.57849 1.70754e-006 5.12264e-006 -5.12265e-006 1.70755e-006 -8.53773e-006 1.70748e-006 -8.53774e-006 -4.95189e-005 22.899 8.6773 -0.0546373 179.441 -9.02488 -93.5587 9.4828 -58.0705 25.0213 -38.9026 -3.18055e-015 -0 -7.66098 -56.2062 -10.188 178.429 7.64894 101.644 -3.77004 21.3429 -3.29416 -19.5104 -3.18055e-015 -7.95139e-016 -20.5865 71.3507 23.7588 -7.37322 9.54811 179.547 -23.9705 0 9.93923e-016 15.1133 5.46317 7.47298 90 -4.37947e-016 -0 -11.1468 -20.0755 178.066 -22.2853 0 -1.19271e-015 7.22808 27.2283 3.45539 90 2.98177e-016 6.36111e-015 
-165.148 88.066 -22.3243 67.574 85.4327 20.8553 6.17528 1.01674 0.4721 6.09528 1.70754e-006 5.12264e-006 -5.12265e-006 1.70755e-006 -8.53773e-006 1.70748e-006 -8.53774e-006 -4.95189e-005 21.4348 6.32194 2.29087 179.166 -8.55511 -95.5868 8.06894 -59.9553 21.5016 -32.927 9.54166e-015 9.54166e-015 -7.6261 -54.6668 -11.645 178.45 7.45659 101.775 -4.1947 21.6322 -2.30342 -15.9972 -3.18055e-015 -2.78299e-015 -29.3826 71.8512 33.9535 -6.98008 9.38844 178.581 -23.042 7.95139e-016 5.96354e-016 14.8633 6.48106 5.6556 90 5.71506e-016 -1.98785e-016 -15.2438 -19.6661 175.616 -28.4968 0 7.95139e-016 7.83729 27.111 1.92171 90 3.97569e-016 3.18055e-015 
-166.287 88.1443 -22.2671 52.7409 87.1521 35.8822 6.42862 -0.350815 0.117299 5.80175 1.70754e-006 5.12264e-006 -5.12265e-006 1.70755e-006 -8.53773e-006 1.70748e-006 -8.53774e-006 -4.95189e-005 20.6477 4.12918 2.75537 178.99 -8.40498 -96.8747 6.74085 -60.7354 19.4686 -27.7124 -6.36111e-015 -3.18055e-015 -8.94168 -55.5458 -14.6521 178.293 7.70605 102.531 -4.31524 21.1246 -1.84403 -13.4512 1.59028e-015 -7.95139e-016 -32.3109 72.4018 37.6943 -7.04557 9.94105 179.556 -22.9568 -2.38542e-015 -0 14.9931 9.07177 4.2129 90 -1.14922e-016 -0 -19.0095 -19.7986 173.919 -35.5897 0 -1.59028e-015 6.84497 24.2859 3.85103 90 2.38542e-015 -0 
-167.329 88.3496 -22.0184 20.7448 88.0635 67.7403 6.52875 -0.709072 0.65948 5.62625 1.70754e-006 5.12264e-006 -5.12265e-006 1.70755e-006 -8.53773e-006 1.70748e-006 -8.53774e-006 -4.95189e-005 20.5006 1.83493 2.3062 178.915 -8.12427 -97.636 6.06782 -61.599 19.3973 -23.1368 6.36111e-015 -1.59028e-015 -7.49288 -54.122 -14.7798 178.049 8.4743 103.019 -4.62814 19.4872 -0.632262 -11.315 -1.59028e-015 5.96354e-016 -26.4245 72.6335 33.1797 -6.61251 8.8176 -179.745 -22.1508 -3.18055e-015 -1.19271e-015 14.5875 9.31801 3.59684 90 -4.96962e-017 -1.98785e-016 -21.0656 -18.9889 172.728 -39.0464 3.18056e-015 -1.59028e-015 4.63815 20.291 5.43541 90 2.38542e-015 -1.27222e-014 
-168.296 88.6002 -21.5899 -7.04127 88.081 95.6472 6.38125 -0.760923 0.934888 5.5725 1.70754e-006 5.12264e-006 -5.12265e-006 1.70755e-006 -8.53773e-006 1.70748e-006 -8.53774e-006 -4.95189e-005 20.4089 0.0859332 1.92833 178.865 -7.99641 -98.1115 4.27042 -60.8461 17.8271 -18.9414 0 -4.77083e-015 -2.53161 -53.1583 -11.7287 177.864 9.00288 103.406 -4.83877 18.5622 0.142613 -9.73488 0 2.18663e-015 -21.6129 73.7184 30.0507 -5.40183 7.68648 -179.473 -20.239 0 -0 13.7981 8.82905 2.90426 90 3.35449e-016 -0 -21.9621 -16.8291 171.085 -38.7002 6.36111e-015 -1.59028e-015 2.06272 19.4316 9.34493 90 -7.95139e-016 -3.18055e-015 
-169.305 88.8074 -21.0855 -24.96 87.8255 113.829 6.13294 -1.0338 0.911956 5.68362 1.70754e-006 5.12264e-006 -5.12265e-006 1.70755e-006 -8.53773e-006 1.70748e-006 -8.53774e-006 -4.95189e-005 19.9666 -0.277786 1.9836 178.761 -8.18203 -98.6435 2.48689 -59.3232 16.0724 -15.1467 0 -0 1.48404 -54.5279 -9.96375 177.724 9.35023 103.744 -5.15678 17.9918 0.479714 -8.43951 0 3.47873e-015 -14.6493 75.1333 24.1147 -3.97495 7.58841 -179.092 -18.0047 -4.77083e-015 -7.95139e-016 13.0742 9.20075 1.75936 90 5.12492e-017 -0 -21.8243 -14.778 169.042 -34.9503 0 -7.95139e-016 -1.07733 21.0562 15.3176 90 0 9.54166e-015 
-170.461 88.8806 -20.5735 -41.3459 87.3995 130.407 5.89318 -1.55419 0.857025 5.7887 1.70754e-006 5.12264e-006 -5.12265e-006 1.70755e-006 -8.53773e-006 1.70748e-006 -8.53774e-006 -4.95189e-005 19.3432 -0.131533 2.22354 178.637 -8.45413 -99.1942 1.3483 -57.9725 14.8489 -12.3402 0 -1.59028e-015 4.30774 -54.5751 -8.99087 177.615 9.61726 104 -5.32752 17.1735 0.62241 -7.62986 0 -9.93923e-016 -6.03815 76.0175 16.6148 -3.18517 7.18555 -178.501 -16.7457 1.59028e-015 -0 12.7011 9.40964 0.584707 90 -1.43653e-016 -0 -20.7178 -13.4268 167.887 -29.1445 6.36111e-015 3.18056e-015 -2.35653 21.2953 17.549 90 2.29845e-015 -3.18055e-015 
-171.782 88.8188 -19.9944 -52.3625 86.868 141.522 5.67021 -1.86861 0.848396 5.77733 1.70754e-006 5.12264e-006 -5.12265e-006 1.70755e-006 -8.53773e-006 1.70748e-006 -8.53774e-006 -4.95189e-005 19.1044 -0.415207 2.35628 178.54 -8.6774 -99.5915 0.972301 -57.7722 14.4412 -10.7052 3.18055e-015 3.18055e-015 5.4655 -53.6932 -9.21027 177.522 9.93408 104.082 -5.35974 16.466 0.774494 -6.87537 1.59028e-015 1.2921e-015 -3.18626 76.6736 14.4321 -3.0563 6.75639 -177.628 -16.7449 1.59028e-015 7.95139e-016 12.9201 9.60473 -0.568241 90 -7.92033e-017 -4.96962e-017 -18.9817 -11.8802 167.7 -23.236 0 -3.57812e-015 -3.76383 17.8395 19.5448 90 2.98177e-015 -0 
-173.249 88.6714 -19.3142 -52.9296 86.5055 142.304 5.66151 -1.71956 0.600506 5.77704 1.70754e-006 5.12264e-006 -5.12265e-006 1.70755e-006 -8.53773e-006 1.70748e-006 -8.53774e-006 -4.95189e-005 19.1138 -0.656531 2.33884 178.451 -8.9407 -99.8704 0.543042 -57.5449 13.8881 -9.71796 6.36111e-015 -7.95139e-016 5.70417 -53.7128 -9.30641 177.383 10.4115 104.191 -5.40804 15.9308 0.609586 -6.41512 -1.59028e-015 1.98785e-015 1.04949 76.7516 10.8168 -2.88282 6.16942 -176.865 -17.3619 3.18055e-015 1.19271e-015 13.291 9.10179 -1.18107 90 2.46734e-016 -0 -17.0326 -9.90685 168.033 -18.534 3.18056e-015 -3.97569e-016 -7.36046 16.119 20.5278 90 -3.27995e-015 -0 
-174.849 88.4786 -18.5885 -49.4714 86.4262 139.149 5.66009 -1.43426 0.177966 5.79111 1.70754e-006 5.12264e-006 -5.12265e-006 1.70755e-006 -8.53773e-006 1.70748e-006 -8.53774e-006 -4.95189e-005 19.2216 -0.724361 2.01423 178.354 -9.31882 -100.064 0.32333 -57.062 13.2329 -9.41613 9.54166e-015 1.59028e-015 6.0362 -54.0463 -9.16138 177.277 10.7642 104.287 -5.47973 15.6252 0.31014 -6.02208 -1.59028e-015 2.78299e-015 5.1333 76.8918 7.00997 -2.66374 6.04608 -176.064 -18.0647 -1.59028e-015 -3.97569e-016 13.7393 8.71154 -1.67083 90 -2.3528e-016 -9.93923e-017 -16.1557 -10.9277 168.895 -16.5275 1.59028e-015 -6.95746e-016 -7.72701 18.8512 15.0482 90 1.54058e-015 3.18055e-015 
-176.581 88.3361 -17.8688 -46.8651 86.5276 136.559 5.45779 -1.16908 0.130282 5.84417 1.70754e-006 5.12264e-006 -5.12265e-006 1.70755e-006 -8.53773e-006 1.70748e-006 -8.53774e-006 -4.95189e-005 19.2879 -0.393226 1.39343 178.303 -9.67835 -99.9972 0.281583 -56.7613 12.5261 -9.30651 3.18055e-015 -1.59028e-015 5.71737 -53.8278 -9.56528 177.211 10.9852 104.342 -5.4277 15.6085 0.138271 -5.8863 0 -1.63997e-015 7.89644 77.1526 4.61545 -2.78156 5.98482 -174.949 -19.1702 0 -1.19271e-015 14.664 8.22632 -1.57803 90 -2.35474e-016 9.93923e-017 -15.7611 -12.4293 170.05 -16.9103 1.59028e-015 1.2921e-015 -4.98682 18.3133 12.0085 90 2.98177e-016 3.18055e-015 
-178.276 88.452 -17.2772 -40.6845 86.5194 129.972 5.74677 -0.961099 0.696032 5.83656 1.70754e-006 5.12264e-006 -5.12265e-006 1.70755e-006 -8.53773e-006 1.70748e-006 -8.53774e-006 -4.95189e-005 19.3027 -0.00219832 0.812625 178.262 -9.91207 -99.9957 1.15091 -56.0616 12.8121 -9.03673 6.36111e-015 -7.95139e-016 4.27402 -54.0379 -10.987 177.17 11.0517 104.459 -5.25944 15.158 -0.151545 -5.84964 0 -6.4605e-016 8.8154 76.8972 3.9924 -3.05791 6.24692 -173.85 -20.9707 0 -0 15.9378 6.90368 1.48618 90 -3.05942e-016 -0 -15.4028 -12.8779 171.527 -17.9054 0 -6.95746e-016 -3.70596 17.5414 10.2191 90 5.2181e-016 6.36111e-015 
-179.912 88.6295 -16.7674 -39.3716 86.3843 128.643 5.85589 -1.13393 0.611552 5.85551 1.70754e-006 5.12264e-006 -5.12265e-006 1.70755e-006 -8.53773e-006 1.70748e-006 -8.53774e-006 -4.95189e-005 19.6282 0.26783 1.25831 178.151 -10.2291 -100.305 1.41708 -55.9447 12.8084 -8.43601 0 1.19271e-015 6.52767 -53.8149 -9.53386 177.125 11.0903 104.631 -5.11581 14.9159 -0.846628 -5.73775 0 3.67752e-015 12.7926 76.5916 0.170969 -4.72696 7.57276 -173.263 -24.6734 -1.59028e-015 -0 16.8219 4.49816 6.06968 90 -2.98177e-016 -0 -14.8986 -13.2462 172.653 -18.3254 4.77083e-015 8.44835e-016 -2.60699 17.4962 8.86623 90 -1.46604e-015 -3.18055e-015 
-181.478 88.7928 -16.2965 -41.8529 86.1848 130.977 5.86089 -1.2028 0.729778 5.80896 1.70754e-006 5.12264e-006 -5.12265e-006 1.70755e-006 -8.53773e-006 1.70748e-006 -8.53774e-006 -4.95189e-005 20.1467 0.225459 1.63349 178.135 -10.3279 -100.291 1.28003 -55.8374 12.4581 -8.73371 0 1.59028e-015 7.76205 -53.4361 -8.6002 177.052 11.2766 104.754 -4.80706 14.5579 -1.1522 -5.75584 7.95139e-016 -1.73937e-015 16.2857 76.846 -3.08279 -7.92997 9.7086 -172.436 -30.0857 -1.59028e-015 7.95139e-016 16.7881 -0.532431 10.345 90 3.37934e-015 -1.59028e-015 -13.6215 -13.4017 174.125 -17.3223 -1.59028e-015 -5.96354e-016 -1.76829 18.1102 7.6901 90 4.47266e-016 -0 
-182.767 88.9365 -15.8409 -40.0411 86.0907 128.936 5.94951 -0.963126 1.22436 5.79573 1.70754e-006 5.12264e-006 -5.12265e-006 1.70755e-006 -8.53773e-006 1.70748e-006 -8.53774e-006 -4.95189e-005 20.563 0.196161 1.25091 178.17 -10.4144 -100.022 1.28737 -55.2174 12.389 -9.28043 -3.18055e-015 1.98785e-015 5.68778 -53.8625 -9.76491 176.902 11.5432 105.135 -4.59663 14.2939 -1.22728 -5.93603 0 -1.59028e-015 14.1855 76.5707 -0.949024 -10.4 11.1548 -172.341 -34.0349 4.77083e-015 1.59028e-015 16.7211 -6.78882 16.8203 90 -1.59028e-015 -6.36111e-015 -11.9441 -12.5603 175.672 -15.791 -1.59028e-015 7.95139e-016 -1.27936 19.2371 7.08607 90 -1.98785e-016 -3.18055e-015 
-183.679 89.1553 -15.4409 -35.3899 86.1498 124.499 6.02426 -0.505951 1.40817 5.86716 1.70754e-006 5.12264e-006 -5.12265e-006 1.70755e-006 -8.53773e-006 1.70748e-006 -8.53774e-006 -4.95189e-005 20.6547 -0.0152415 0.670879 178.184 -10.6781 -99.7089 1.06717 -55.0206 12.4338 -9.37325 -3.18055e-015 -3.97569e-016 6.2216 -53.3085 -9.19132 176.753 11.7966 105.508 -4.4363 13.6293 -1.03992 -5.95081 7.95139e-016 1.04362e-015 16.1005 76.0452 -2.81675 -11.0933 12.0117 -173.634 -34.4016 0 -1.59028e-015 15.837 -5.80394 17.1652 90 1.98785e-015 -0 -10.5353 -12.4825 176.35 -14.1242 1.59028e-015 -1.19271e-015 -1.17156 19.1867 6.69859 90 2.18663e-015 -3.18055e-015 
-184.341 89.4459 -15.1513 -31.7989 86.4006 121.469 5.93999 -0.264046 1.15646 5.96544 1.70754e-006 5.12264e-006 -5.12265e-006 1.70755e-006 -8.53773e-006 1.70748e-006 -8.53774e-006 -4.95189e-005 20.4493 0.158183 0.341943 178.213 -10.8521 -99.4087 0.880454 -54.6091 12.0536 -9.11303 -6.36111e-015 -2.38542e-015 7.76506 -53.3319 -8.21382 176.669 11.8975 105.767 -4.39638 13.8491 -0.970617 -5.82979 0 1.26725e-015 16.426 76.752 -2.94694 -10.7948 12.9773 -175.871 -31.4981 -1.59028e-015 1.59028e-015 13.2183 0.28469 12.5311 90 1.98785e-015 1.59028e-015 -9.49426 -12.4799 176.447 -12.3231 -1.59028e-015 8.69683e-017 -1.44968 18.9125 6.69949 90 1.68967e-015 -0 
-184.884 89.6743 -14.905 -26.6212 86.592 116.888 6.00395 -0.172825 0.774314 6.16337 1.70754e-006 5.12264e-006 -5.12265e-006 1.70755e-006 -8.53773e-006 1.70748e-006 -8.53774e-006 -4.95189e-005 19.6261 0.345297 0.157846 178.232 -10.9835 -99.2056 1.10371 -54.2803 11.7492 -8.93381 0 -3.97569e-016 6.82273 -53.426 -9.09622 176.627 11.8552 106.007 -4.25816 13.7701 -0.999676 -5.88183 0 4.34841e-015 16.325 76.7068 -3.01572 -10.1415 14.2529 -178.157 -27.7598 0 7.95139e-016 12.2097 4.90905 8.32332 90 -1.78906e-015 4.77083e-015 -8.70926 -12.4956 176.378 -11.0078 -1.59028e-015 -1.86361e-016 -1.60278 18.568 6.65949 90 1.98785e-016 3.18055e-015 
-185.381 89.7356 -14.6993 -19.8416 86.6669 110.223 6.24142 0.0711871 0.934799 6.403 1.70754e-006 5.12264e-006 -5.12265e-006 1.70755e-006 -8.53773e-006 1.70748e-006 -8.53774e-006 -4.95189e-005 18.6196 0.409077 -0.0616672 178.242 -11.0955 -99.064 1.24039 -54.1605 11.5374 -9.00514 -9.54166e-015 -7.95139e-016 6.46735 -53.2505 -9.4589 176.537 11.7789 106.512 -4.06998 13.5922 -1.05958 -5.5907 0 -1.86361e-015 18.099 76.6368 -4.87545 -9.53185 14.0457 -179.843 -24.2947 6.36111e-015 7.95139e-016 12.7565 4.55869 8.37519 90 1.18028e-016 3.18055e-015 -8.14851 -12.4349 176.728 -10.4218 -3.18056e-015 -1.98785e-016 -1.47542 18.343 6.31568 90 -7.95139e-016 -3.18055e-015 
-185.874 89.6655 -14.5704 -14.1132 86.8169 104.135 6.35892 0.551491 1.53451 6.46257 1.70754e-006 5.12264e-006 -5.12265e-006 1.70755e-006 -8.53773e-006 1.70748e-006 -8.53774e-006 -4.95189e-005 18.4887 0.514728 -0.00207414 178.225 -10.9601 -99.2554 1.35527 -54.3728 11.7666 -9.02451 -1.27222e-014 -0 6.69527 -53.3685 -9.3793 176.474 11.7799 106.795 -4.12308 13.6526 -0.741375 -5.25656 0 4.29872e-015 17.4085 77.047 -3.69585 -9.12529 12.057 179.49 -20.7116 0 1.98785e-016 11.0826 5.86948 6.27852 90 1.98785e-016 7.95139e-016 -7.84562 -12.4702 177.531 -10.1394 -1.59028e-015 7.45443e-017 -1.23447 18.1074 5.76858 90 1.39149e-015 -0 
-186.376 89.5398 -14.4249 -13.6833 87.0943 103.059 6.08955 0.711563 2.26882 6.41725 1.70754e-006 5.12264e-006 -5.12265e-006 1.70755e-006 -8.53773e-006 1.70748e-006 -8.53774e-006 -4.95189e-005 19.1034 0.721718 0.339066 178.179 -10.9862 -99.4707 0.954942 -54.5869 11.7668 -9.29784 -9.54166e-015 -7.95139e-016 7.38408 -53.1501 -8.82253 176.482 11.7814 106.76 -4.40494 13.7355 -0.305616 -5.44913 -1.59028e-015 -3.18055e-015 15.8692 76.6298 -2.20482 -8.82774 9.39659 179.523 -17.1957 -3.18055e-015 3.97569e-016 6.03941 8.99852 6.34629 90 -1.55301e-017 1.98785e-016 -7.52548 -12.8195 178.594 -9.65275 3.18056e-015 2.98177e-016 -0.934558 17.7481 5.29595 90 -9.93923e-016 -3.18055e-015 
-186.837 89.4666 -14.2389 -17.0958 87.1736 105.798 5.91741 0.482399 2.90496 6.51351 1.70754e-006 5.12264e-006 -5.12265e-006 1.70755e-006 -8.53773e-006 1.70748e-006 -8.53774e-006 -4.95189e-005 19.3715 0.968921 0.620547 178.149 -11.1614 -99.479 0.381616 -54.651 11.3916 -9.71467 6.36111e-015 -7.95139e-016 7.28582 -53.2263 -8.70279 176.514 11.7564 106.645 -4.67464 13.8001 -0.188898 -5.64901 0 9.93923e-016 16.8159 77.0739 -3.40397 -8.62041 8.78545 -179.587 -16.7396 3.18055e-015 -2.98177e-016 6.65042 8.04152 6.1664 90 -1.30452e-015 -3.97569e-016 -6.69925 -12.8632 179.727 -8.60952 1.59028e-015 -1.73937e-016 -0.92968 17.844 5.0529 90 3.97569e-016 -3.18055e-015 
-187.152 89.5085 -14.1428 -20.1891 87.2961 108.807 5.93369 0.246337 2.87755 6.47932 1.70754e-006 5.12264e-006 -5.12265e-006 1.70755e-006 -8.53773e-006 1.70748e-006 -8.53774e-006 -4.95189e-005 19.3615 0.917654 0.67935 178.147 -11.1585 -99.4926 0.251878 -54.6631 11.2274 -9.84365 -9.54166e-015 -1.19271e-015 6.67075 -53.1853 -9.29619 176.562 11.807 106.364 -4.9663 14.0943 -0.225885 -5.72181 0 -4.99446e-015 17.3316 76.8516 -3.5414 -8.01068 9.75096 -179.232 -15.2845 1.59028e-015 -9.93923e-016 6.51544 8.95199 5.7686 90 2.44132e-015 3.97569e-016 -6.18401 -12.0877 -179.786 -7.60197 -4.77083e-015 -3.97569e-016 -1.20931 18.7541 4.96509 90 -3.97569e-016 -0 
-187.357 89.5755 -14.137 -27.7138 87.5162 116.461 5.77524 -0.0487384 2.70853 6.61228 1.70754e-006 5.12264e-006 -5.12265e-006 1.70755e-006 -8.53773e-006 1.70748e-006 -8.53774e-006 -4.95189e-005 18.9357 0.791083 0.552975 178.161 -11.0897 -99.4795 0.19626 -54.7662 11.1227 -9.54851 3.18055e-015 -3.97569e-016 7.39035 -53.0856 -8.79544 176.596 11.7811 106.246 -4.77322 14.1206 -0.525245 -5.7448 7.95139e-016 -6.21202e-016 16.9476 77.1293 -3.37572 -7.7341 9.61395 -179.291 -14.0953 1.59028e-015 -1.19271e-015 6.16193 8.90493 5.14465 90 -1.41634e-015 -0 -6.38855 -12.5462 -179.819 -7.43679 1.59028e-015 1.49089e-016 -1.1963 18.5529 5.1074 90 -3.97569e-016 3.18055e-015 
-187.501 89.5664 -14.2104 -30.0285 87.4914 118.851 6.08575 -0.0477777 2.69094 6.81733 1.70754e-006 5.12264e-006 -5.12265e-006 1.70755e-006 -8.53773e-006 1.70748e-006 -8.53774e-006 -4.95189e-005 18.2788 0.913844 0.435446 178.187 -10.8911 -99.5087 0.335666 -54.6536 11.1839 -9.42296 -6.36111e-015 -2.78299e-015 7.83921 -53.1178 -8.45695 176.585 11.8294 106.232 -4.6222 14.0283 -0.576567 -5.35872 -1.59028e-015 2.88238e-015 19.6415 77.518 -5.85009 -7.5753 10.0503 -179.159 -13.6388 1.59028e-015 -3.97569e-016 6.15776 9.34644 4.28547 90 6.08778e-016 -0 -6.51532 -12.8796 -179.828 -7.56071 -3.18056e-015 -1.49089e-016 -1.08293 18.3061 4.94158 90 -9.93923e-016 -0 
-187.629 89.5566 -14.3188 -32.5985 87.6211 121.417 6.34349 0.0101271 2.74831 6.69399 1.70754e-006 5.12264e-006 -5.12265e-006 1.70755e-006 -8.53773e-006 1.70748e-006 -8.53774e-006 -4.95189e-005 18.79 0.936893 0.51588 178.193 -10.7331 -99.6168 0.512502 -54.8034 11.5862 -9.33313 -9.54166e-015 -0 6.85588 -53.265 -9.35999 176.601 11.7767 106.227 -4.68624 13.5566 -0.535595 -5.15431 3.97569e-016 4.96962e-017 19.9772 77.2149 -5.94988 -7.73333 10.0095 -179.05 -13.4436 1.59028e-015 5.96354e-016 6.06689 9.2237 3.86493 90 -5.09386e-016 -3.97569e-016 -6.84205 -12.7472 -179.746 -7.7507 0 9.93923e-017 -1.0606 18.4177 4.82348 90 -1.39149e-015 3.18055e-015 
-187.747 89.6038 -14.3683 -36.8181 87.8739 125.681 6.17097 -0.128776 2.65334 6.66072 1.70754e-006 5.12264e-006 -5.12265e-006 1.70755e-006 -8.53773e-006 1.70748e-006 -8.53774e-006 -4.95189e-005 20.0474 1.07037 0.73662 178.145 -10.8704 -99.7441 0.468887 -54.9145 11.8745 -9.47332 -1.27222e-014 -3.97569e-016 7.66109 -53.1438 -8.63022 176.651 11.6795 106.124 -4.90641 13.9939 -0.62412 -5.57665 1.19271e-015 -3.42904e-015 18.9748 77.848 -5.29925 -7.80108 10.1363 -179.051 -12.9057 1.59028e-015 -1.59028e-015 5.81206 9.37495 3.86661 90 3.35449e-016 -3.97569e-016 -7.10455 -12.4976 -179.705 -7.6224 -3.18056e-015 -1.49089e-016 -1.20258 18.6181 4.95487 90 -1.59028e-015 3.18055e-015 
-187.853 89.647 -14.3551 -40.9473 88.0577 129.807 6.03267 -0.291412 2.6159 6.69489 1.70754e-006 5.12264e-006 -5.12265e-006 1.70755e-006 -8.53773e-006 1.70748e-006 -8.53774e-006 -4.95189e-005 20.7444 1.15691 0.837744 178.092 -11.121 -99.7987 0.464466 -55.0369 12.0362 -9.6755 0 -0 8.20569 -53.3383 -8.02017 176.672 11.6922 106.009 -5.10082 14.0463 -0.618066 -5.91157 -1.19271e-015 1.31695e-015 20.5662 77.8117 -7.12131 -7.74683 10.0712 -179.019 -12.3439 1.59028e-015 8.94531e-016 5.57775 9.33459 3.72691 90 8.82107e-016 3.97569e-016 -6.98387 -12.4128 -179.577 -7.02774 0 1.98785e-016 -1.40584 18.6912 5.16142 90 -9.93923e-016 -3.18055e-015 
-187.942 89.6532 -14.3754 -43.2013 88.27 132.018 6.08679 -0.314298 2.64819 6.69465 1.70754e-006 5.12264e-006 -5.12265e-006 1.70755e-006 -8.53773e-006 1.70748e-006 -8.53774e-006 -4.95189e-005 20.5903 1.17908 0.784935 178.093 -11.1857 -99.7402 0.452534 -54.864 11.7422 -9.67997 9.54166e-015 7.95139e-016 7.50214 -53.1628 -8.75065 176.692 11.7329 105.87 -5.12914 13.8029 -0.446755 -5.83068 -1.19271e-015 -1.09332e-015 20.0503 77.5869 -6.25691 -7.84 9.95496 -178.939 -12.0758 0 1.98785e-016 5.43138 9.09459 3.48728 90 9.93923e-017 3.97569e-016 -6.88521 -12.4269 -179.422 -6.48195 -1.59028e-015 -1.49089e-016 -1.57406 18.5577 5.244 90 1.78906e-015 -3.18055e-015 
-188.031 89.663 -14.4133 -45.1197 88.492 133.948 6.19343 -0.32666 2.58214 6.68397 1.70754e-006 5.12264e-006 -5.12265e-006 1.70755e-006 -8.53773e-006 1.70748e-006 -8.53774e-006 -4.95189e-005 20.1961 1.3624 0.802282 178.07 -11.3224 -99.7382 0.632685 -54.8321 11.6372 -9.67487 0 -3.97569e-016 7.2795 -53.0153 -8.98179 176.694 11.7657 105.818 -4.96744 13.8917 -0.511107 -5.65446 -1.19271e-015 6.33626e-016 19.596 77.9575 -5.90659 -7.94606 9.92908 -178.891 -11.8646 -3.18055e-015 -2.98177e-016 5.38467 8.98466 3.30622 90 -8.07563e-016 -1.19271e-015 -6.98682 -12.4202 -179.334 -6.23852 1.59028e-015 2.98177e-016 -1.73884 18.4072 5.0889 90 3.97569e-016 -0 
-188.103 89.6764 -14.4252 -44.2583 88.5936 133.117 6.3427 -0.366363 2.52185 6.79224 1.70754e-006 5.12264e-006 -5.12265e-006 1.70755e-006 -8.53773e-006 1.70748e-006 -8.53774e-006 -4.95189e-005 19.8235 1.59088 0.849184 178.049 -11.4146 -99.7674 0.832095 -54.6457 11.5627 -9.49178 -9.54166e-015 -7.95139e-016 7.34558 -53.2166 -8.93635 176.671 11.8451 105.822 -4.80437 13.6287 -0.561736 -5.62016 0 1.40392e-015 22.1072 78.0638 -8.37918 -7.90552 9.87589 -178.892 -11.655 -3.18055e-015 -6.95746e-016 5.25658 8.89815 3.30003 90 5.96354e-016 -3.97569e-016 -7.1572 -12.4406 -179.318 -6.40804 0 2.48481e-016 -1.73767 18.3188 4.95132 90 -9.93923e-016 -0 
-188.138 89.6808 -14.4255 -41.3565 88.7136 130.24 6.45205 -0.374643 2.53009 6.82574 1.70754e-006 5.12264e-006 -5.12265e-006 1.70755e-006 -8.53773e-006 1.70748e-006 -8.53774e-006 -4.95189e-005 19.9286 1.57598 0.77281 178.053 -11.4378 -99.7253 1.15944 -54.5338 11.7228 -9.52415 -9.54166e-015 -2.78299e-015 6.71907 -52.8661 -9.62615 176.658 11.8535 105.87 -4.74325 13.7166 -0.578448 -5.55938 -3.97569e-016 1.57164e-015 21.0878 78.3591 -7.29739 -7.92672 9.9787 -178.9 -11.6235 3.18055e-015 3.97569e-016 5.20127 8.8516 3.40301 90 -6.21202e-016 -0 -7.35428 -12.4295 -179.339 -6.67778 1.59028e-015 4.96962e-016 -1.6529 18.198 4.91215 90 5.96354e-016 3.18055e-015 
-188.155 89.6894 -14.4007 -40.824 88.795 129.722 6.44913 -0.35772 2.58866 6.79473 1.70754e-006 5.12264e-006 -5.12265e-006 1.70755e-006 -8.53773e-006 1.70748e-006 -8.53774e-006 -4.95189e-005 20.4569 1.50945 0.79757 178.054 -11.4479 -99.7156 1.32635 -54.4512 12.0938 -9.58657 -6.36111e-015 2.78299e-015 6.6721 -52.8545 -9.5679 176.643 11.8225 105.977 -4.67632 13.8054 -0.643824 -5.5969 0 9.81499e-016 20.4037 78.9059 -6.74097 -7.94729 10.0349 -178.92 -11.6001 0 1.98785e-016 5.16609 8.83047 3.54158 90 -1.73937e-016 3.97569e-016 -7.48376 -12.4686 -179.363 -6.84705 0 -4.96962e-017 -1.58072 18.1021 4.93728 90 -5.96354e-016 3.18055e-015 
-188.179 89.6933 -14.3647 -39.0277 88.809 127.951 6.51708 -0.336155 2.59501 6.77848 1.70754e-006 5.12264e-006 -5.12265e-006 1.70755e-006 -8.53773e-006 1.70748e-006 -8.53774e-006 -4.95189e-005 20.7088 1.30335 1.06801 178.061 -11.4684 -99.6639 1.26057 -54.5515 12.236 -9.59797 3.18055e-015 -3.97569e-016 7.33407 -53.0103 -8.96762 176.635 11.8166 106.021 -4.65479 13.7457 -0.760383 -5.71566 3.97569e-016 2.68359e-015 21.2186 78.8571 -7.67729 -7.93737 9.92027 -178.935 -11.6847 1.59028e-015 -3.97569e-016 5.25951 8.73021 3.59949 90 1.86361e-016 3.97569e-016 -7.50377 -12.4089 -179.366 -6.94918 0 -0 -1.51503 18.1482 4.88627 90 9.93923e-016 -6.36111e-015 
-188.205 89.6848 -14.33 -32.2869 88.8433 121.176 6.67735 -0.333556 2.61553 6.77536 1.70754e-006 5.12264e-006 -5.12265e-006 1.70755e-006 -8.53773e-006 1.70748e-006 -8.53774e-006 -4.95189e-005 20.5065 1.31372 1.29334 178.064 -11.5279 -99.6005 1.37318 -54.3466 12.3852 -9.7386 6.36111e-015 -0 6.70393 -53.0359 -9.54427 176.681 11.7079 105.952 -4.75187 13.542 -0.917967 -5.66018 3.97569e-016 -1.09332e-015 21.039 78.9419 -7.45946 -8.01238 9.88627 -178.862 -11.9807 0 -0 5.39243 8.62445 3.67604 90 8.32411e-016 -3.97569e-016 -7.51176 -12.2408 -179.308 -7.10846 -1.59028e-015 2.48481e-016 -1.4223 18.2072 4.88181 90 -1.78906e-015 -0 
-188.222 89.6704 -14.2902 -24.3633 88.8406 113.221 6.84069 -0.308422 2.63801 6.81967 1.70754e-006 5.12264e-006 -5.12265e-006 1.70755e-006 -8.53773e-006 1.70748e-006 -8.53774e-006 -4.95189e-005 20.119 1.55326 1.39659 178.086 -11.4868 -99.5266 1.48452 -54.1313 12.3734 -9.67856 3.18055e-015 3.97569e-015 6.99879 -52.9051 -9.27427 176.747 11.611 105.77 -4.81003 13.6405 -1.04504 -5.77477 0 -6.95746e-016 21.4265 79.0279 -7.83045 -8.07518 9.82991 -178.803 -12.3017 -1.59028e-015 -2.98177e-016 5.51158 8.44581 3.76593 90 8.69683e-017 -0 -7.59346 -12.2827 -179.287 -7.45573 0 -2.98177e-016 -1.25542 18.0592 4.82139 90 -1.39149e-015 3.18055e-015 
-188.223 89.6562 -14.2372 -15.3669 88.818 104.207 6.96133 -0.249254 2.66127 6.89308 1.70754e-006 5.12264e-006 -5.12265e-006 1.70755e-006 -8.53773e-006 1.70748e-006 -8.53774e-006 -4.95189e-005 19.7616 1.50274 1.38339 178.121 -11.3982 -99.4231 1.79496 -53.8828 12.547 -9.66637 -3.18055e-015 -7.95139e-016 7.09989 -53.2237 -9.16556 176.814 11.4974 105.602 -4.87502 13.8585 -1.22543 -5.82633 3.97569e-016 2.44754e-015 22.3304 79.6883 -8.84137 -8.06883 9.90413 -178.756 -12.5322 -1.59028e-015 -4.96962e-016 5.63615 8.36666 3.77726 90 -2.85753e-016 -0 -7.65171 -12.2898 -179.286 -7.77707 -1.59028e-015 9.93923e-017 -1.0963 17.8844 4.74623 90 -1.39149e-015 3.18055e-015 
-188.216 89.647 -14.1804 -8.61447 88.773 97.459 7.04546 -0.206594 2.67413 6.90326 1.70754e-006 5.12264e-006 -5.12265e-006 1.70755e-006 -8.53773e-006 1.70748e-006 -8.53774e-006 -4.95189e-005 19.8716 1.40677 1.37017 178.152 -11.3776 -99.2905 1.83837 -53.5715 12.7136 -9.61897 0 -1.59028e-015 6.69998 -53.1582 -9.52464 176.856 11.3394 105.61 -4.99694 13.6969 -1.58084 -5.74235 -3.97569e-016 1.67725e-015 23.3581 79.5904 -9.81246 -7.99941 9.89503 -178.753 -12.64 -1.59028e-015 -6.95746e-016 5.71362 8.23137 3.76785 90 2.23633e-016 -3.97569e-016 -7.70489 -12.157 -179.304 -8.06712 3.18056e-015 -2.48481e-016 -0.943445 17.8893 4.72724 90 -1.98785e-016 -3.18055e-015 
-188.205 89.6528 -14.1348 -8.75492 88.7609 97.6382 7.09576 -0.19934 2.67687 6.84846 1.70754e-006 5.12264e-006 -5.12265e-006 1.70755e-006 -8.53773e-006 1.70748e-006 -8.53774e-006 -4.95189e-005 20.2544 1.37818 1.40077 178.182 -11.3001 -99.2011 2.18022 -53.8376 13.2889 -9.6009 3.18055e-015 -0 6.78223 -53.2517 -9.38723 176.88 11.2697 105.584 -5.11957 13.617 -1.81994 -5.69572 -5.96354e-016 -6.1499e-016 24.0517 79.4899 -10.5702 -7.96729 9.87423 -178.821 -12.6848 -4.77083e-015 -0 5.76101 8.20701 3.92742 90 0 -0 -7.81113 -12.0348 -179.359 -8.31719 -1.59028e-015 3.97569e-016 -0.856425 18.0382 4.67134 90 -5.96354e-016 -6.36111e-015 
-188.196 89.6522 -14.0989 -11.0482 88.7454 99.9641 7.17265 -0.212422 2.66382 6.83679 1.70754e-006 5.12264e-006 -5.12265e-006 1.70755e-006 -8.53773e-006 1.70748e-006 -8.53774e-006 -4.95189e-005 20.4329 1.25004 1.44284 178.224 -11.2608 -99.0258 2.28705 -53.7203 13.6106 -9.6771 -3.18055e-015 -3.97569e-016 6.96922 -53.5091 -9.28442 176.919 11.21 105.476 -5.0989 13.5576 -2.07164 -5.81012 0 2.60905e-015 21.7371 79.9054 -8.30712 -7.97446 9.87719 -178.865 -12.7689 0 -0 5.81705 8.26231 4.03914 90 5.2181e-016 3.97569e-016 -7.97095 -11.9721 -179.422 -8.66035 0 -4.72114e-016 -0.72456 18.1799 4.6134 90 1.19271e-015 3.18055e-015 
-188.196 89.6497 -14.0647 -13.5567 88.78 102.477 7.23338 -0.297998 2.64153 6.84484 1.70754e-006 5.12264e-006 -5.12265e-006 1.70755e-006 -8.53773e-006 1.70748e-006 -8.53774e-006 -4.95189e-005 20.3504 1.30187 1.46783 178.283 -11.2415 -98.7449 2.47916 -53.1488 13.8774 -9.90113 6.36111e-015 1.59028e-015 6.35999 -53.3835 -9.6257 176.967 11.2119 105.242 -5.28075 13.1238 -2.3379 -5.84352 1.98785e-016 -6.70898e-016 21.1906 79.3301 -7.67111 -8.01589 9.93992 -178.856 -12.8055 1.59028e-015 5.96354e-016 5.88372 8.35801 4.00007 90 4.5969e-016 -3.97569e-016 -8.12378 -11.9887 -179.453 -8.90724 3.18056e-015 -4.22417e-016 -0.622643 18.2021 4.57479 90 -3.97569e-016 3.18055e-015 
-188.216 89.6473 -14.0218 -16.9831 88.7896 105.88 7.31806 -0.420129 2.58456 6.90426 1.70754e-006 5.12264e-006 -5.12265e-006 1.70755e-006 -8.53773e-006 1.70748e-006 -8.53774e-006 -4.95189e-005 20.0521 1.36727 1.59176 178.347 -11.2886 -98.3883 2.86394 -52.9636 14.3705 -10.0197 -9.54166e-015 -2.38542e-015 5.58325 -53.8024 -10.0747 177.067 11.1168 104.882 -5.25547 12.9158 -2.74118 -5.83164 -4.96962e-017 1.52505e-015 22.9461 79.4862 -9.4878 -8.01398 9.95821 -178.807 -12.7867 -3.18055e-015 -3.97569e-016 5.90925 8.41443 3.87216 90 7.0817e-016 -0 -8.05742 -12.0265 -179.402 -8.81034 -4.77083e-015 -3.97569e-016 -0.630884 18.2117 4.46574 90 -9.93923e-016 6.36111e-015 
-188.241 89.6458 -13.9744 -17.8844 88.7983 106.749 7.4186 -0.411983 2.51043 6.93495 1.70754e-006 5.12264e-006 -5.12265e-006 1.70755e-006 -8.53773e-006 1.70748e-006 -8.53774e-006 -4.95189e-005 19.8186 1.36011 1.81396 178.432 -11.2308 -98.0061 2.92891 -52.1554 14.6079 -9.83019 1.59028e-014 3.18055e-015 5.61415 -54.0744 -10.0137 177.166 11.0355 104.503 -5.15696 12.6876 -3.26621 -5.82037 -1.86361e-017 -1.05265e-015 24.7355 79.7917 -11.3391 -8.02959 9.91089 -178.76 -12.8316 -3.18055e-015 2.98177e-016 5.93288 8.34663 3.83683 90 2.98177e-016 -0 -8.01669 -12.1456 -179.354 -8.78891 1.59028e-015 -0 -0.602935 18.1329 4.41569 90 -1.98785e-016 -0 
-188.254 89.6515 -13.9329 -20.5087 88.8282 109.359 7.44837 -0.399959 2.43866 6.96178 1.70754e-006 5.12264e-006 -5.12265e-006 1.70755e-006 -8.53773e-006 1.70748e-006 -8.53774e-006 -4.95189e-005 19.8454 1.19538 1.93403 178.518 -11.1743 -97.6058 3.19032 -52.0162 15.2771 -9.56651 -6.36111e-015 3.97569e-016 4.95999 -54.1044 -10.8375 177.239 10.9729 104.215 -5.10006 12.1984 -3.93622 -5.80243 -1.98785e-016 -3.65888e-015 24.297 79.7371 -10.98 -8.06326 9.92169 -178.745 -12.8358 1.59028e-015 2.98177e-016 5.93174 8.37727 3.88769 90 -6.21202e-017 -0 -8.05266 -12.2023 -179.345 -8.84322 -1.59028e-015 -8.44835e-016 -0.565032 18.1169 4.41436 90 7.95139e-016 -3.18055e-015 
-188.259 89.6618 -13.8868 -24.5418 88.9064 113.37 7.4254 -0.44476 2.41092 6.91899 1.70754e-006 5.12264e-006 -5.12265e-006 1.70755e-006 -8.53773e-006 1.70748e-006 -8.53774e-006 -4.95189e-005 20.0257 1.11756 1.7793 178.597 -11.2136 -97.1779 3.55329 -51.7345 16.1935 -9.60183 3.18055e-015 -3.97569e-016 4.59375 -54.1009 -10.8566 177.321 10.8781 103.925 -5.0609 11.9536 -4.63207 -5.95314 -1.98785e-016 -1.95679e-015 25.1104 79.9203 -11.7208 -8.11454 9.93635 -178.732 -12.7808 -1.59028e-015 -0 5.92713 8.40518 3.91167 90 6.08778e-016 -0 -8.09901 -12.1329 -179.305 -8.79471 3.18056e-015 1.2424e-016 -0.605936 18.2578 4.37949 90 7.95139e-016 -0 
-188.257 89.6717 -13.8146 -25.4202 88.9794 114.237 7.41732 -0.50296 2.37418 6.91118 1.70754e-006 5.12264e-006 -5.12265e-006 1.70755e-006 -8.53773e-006 1.70748e-006 -8.53774e-006 -4.95189e-005 20.0217 1.1649 1.56984 178.699 -11.4737 -96.5145 3.48554 -51.2044 16.7024 -9.95099 -6.36111e-015 -0 4.61377 -53.7112 -10.8419 177.419 10.8682 103.448 -5.16684 11.4354 -5.15233 -6.17257 0 7.0817e-016 24.4426 79.9403 -11.1951 -8.07517 10.0721 -178.704 -12.6614 0 -5.96354e-016 5.95857 8.51108 3.81677 90 -9.93923e-016 -7.95139e-016 -8.09513 -12.1288 -179.279 -8.73481 1.59028e-015 4.22417e-016 -0.629826 18.2471 4.31718 90 -3.97569e-016 3.18055e-015 
-188.245 89.6749 -13.6972 -27.96 88.9731 116.731 7.39537 -0.594453 2.40336 6.93789 1.70754e-006 5.12264e-006 -5.12265e-006 1.70755e-006 -8.53773e-006 1.70748e-006 -8.53774e-006 -4.95189e-005 19.9687 1.42236 1.49823 178.8 -11.6837 -95.9051 3.66112 -50.357 17.4766 -10.1368 -3.18055e-015 -3.97569e-016 3.59513 -53.9638 -11.4733 177.523 10.8541 102.939 -5.2112 10.7979 -5.72866 -6.23157 7.95139e-016 -9.19379e-016 21.9066 79.8468 -8.70992 -7.9853 9.99172 -178.674 -12.5818 0 9.93923e-017 5.97932 8.47731 3.68426 90 2.23633e-016 3.97569e-016 -7.87245 -12.2259 -179.219 -8.47017 3.18056e-015 -1.98785e-016 -0.637595 18.1908 4.31409 90 -3.97569e-016 9.54166e-015 
-188.232 89.6749 -13.5786 -30.8787 88.9115 119.635 7.40995 -0.61966 2.4001 6.99283 1.70754e-006 5.12264e-006 -5.12265e-006 1.70755e-006 -8.53773e-006 1.70748e-006 -8.53774e-006 -4.95189e-005 19.7472 1.46325 1.65999 178.938 -11.6833 -95.2326 3.63764 -49.7349 17.7756 -9.8668 6.36111e-015 -3.97569e-016 5.42505 -53.7176 -10.0684 177.596 10.9322 102.482 -5.04023 10.5003 -6.49003 -6.34294 -3.97569e-016 -1.51573e-015 23.9184 80.0638 -10.474 -7.84727 9.88458 -178.677 -12.512 -1.59028e-015 -9.93923e-017 6.00237 8.43195 3.57388 90 -2.85753e-016 3.97569e-016 -7.57525 -12.2228 -179.174 -8.14727 0 -0 -0.631138 18.2618 4.30768 90 -3.97569e-016 -6.36111e-015 
-188.226 89.6754 -13.4831 -33.7129 88.8089 122.465 7.52519 -0.78879 2.35332 7.06576 1.70754e-006 5.12264e-006 -5.12265e-006 1.70755e-006 -8.53773e-006 1.70748e-006 -8.53774e-006 -4.95189e-005 19.4241 1.33823 1.79666 179.028 -11.9046 -94.7027 4.1974 -49.1017 18.8378 -10.0822 -6.36111e-015 7.95139e-016 4.64677 -54.3193 -10.9384 177.669 11.0379 102.001 -4.94064 9.88319 -7.59277 -6.62061 3.97569e-016 -1.54058e-015 21.0657 80.7871 -7.85493 -7.70691 9.86728 -178.678 -12.4635 4.77083e-015 5.96354e-016 6.04042 8.50045 3.48248 90 9.81499e-016 -3.97569e-016 -7.45101 -12.3198 -179.181 -8.16414 0 2.48481e-017 -0.543978 18.2739 4.27437 90 -9.93923e-016 -0 
-188.214 89.6777 -13.4137 -37.1126 88.7958 125.853 7.56571 -1.06129 2.32696 7.07431 1.70754e-006 5.12264e-006 -5.12265e-006 1.70755e-006 -8.53773e-006 1.70748e-006 -8.53774e-006 -4.95189e-005 19.4626 1.42524 1.80766 179.104 -12.2041 -94.2322 4.92207 -48.0567 20.1136 -10.3453 0 1.59028e-015 4.76157 -53.8834 -10.6608 177.725 11.2084 101.552 -5.26968 9.36695 -8.96679 -6.76427 -3.97569e-016 4.96962e-017 19.0764 80.4325 -5.81573 -7.74731 9.8747 -178.674 -12.5619 1.59028e-015 1.98785e-016 6.13269 8.58457 3.54457 90 -5.59082e-016 3.97569e-016 -7.57792 -12.4109 -179.213 -8.43906 -1.59028e-015 -4.96962e-017 -0.440713 18.2444 4.20072 90 5.96354e-016 -6.36111e-015 
-188.202 89.6921 -13.3526 -34.3046 88.8777 123.042 7.60122 -1.18802 2.24978 7.11418 1.70754e-006 5.12264e-006 -5.12265e-006 1.70755e-006 -8.53773e-006 1.70748e-006 -8.53774e-006 -4.95189e-005 19.5964 1.62515 1.87602 179.191 -12.7349 -93.6668 5.62028 -47.5872 21.7903 -10.4469 0 3.18055e-015 4.14202 -53.9934 -11.6505 177.778 11.3414 101.165 -5.60646 8.65131 -11.0074 -7.08444 0 4.96962e-017 11.5441 81.5641 1.92186 -7.7098 9.9421 -178.687 -12.5251 1.59028e-015 2.98177e-016 6.14976 8.58207 3.66367 90 5.46658e-016 -0 -7.60809 -12.3429 -179.208 -8.47639 -1.59028e-015 -2.48481e-016 -0.455769 18.2535 4.20417 90 0 3.18055e-015 
-188.186 89.6992 -13.2856 -24.9906 88.941 113.705 7.6782 -1.08425 2.18934 7.24093 1.70754e-006 5.12264e-006 -5.12265e-006 1.70755e-006 -8.53773e-006 1.70748e-006 -8.53774e-006 -4.95189e-005 19.712 1.67662 1.98155 179.254 -13.3005 -93.2426 6.85618 -46.8747 24.6416 -10.9678 0 1.59028e-015 2.54693 -54.3505 -13.0996 177.908 11.3525 100.515 -5.47746 8.16201 -13.2351 -7.81183 7.95139e-016 1.49089e-016 14.9075 82.0529 -1.86484 -7.6307 9.93799 -178.677 -12.5578 0 -1.98785e-016 6.20147 8.38143 3.73858 90 -7.82715e-016 -0 -7.48103 -12.2488 -179.163 -8.35972 -4.77083e-015 -5.2181e-016 -0.490829 18.1715 4.22303 90 -1.98785e-016 -3.18055e-015 
-188.146 89.6989 -13.2393 -21.1367 88.9637 109.798 7.82187 -1.14368 2.28208 7.34087 1.70754e-006 5.12264e-006 -5.12265e-006 1.70755e-006 -8.53773e-006 1.70748e-006 -8.53774e-006 -4.95189e-005 19.6852 1.96105 1.7555 179.38 -13.8131 -92.5964 8.40647 -45.559 28.0334 -11.8174 3.18055e-015 -5.96354e-015 1.58339 -54.713 -13.7804 178.026 11.585 99.7383 -6.0203 7.46109 -15.4598 -8.24383 1.59028e-015 -2.6339e-015 17.4154 83.1769 -4.09308 -7.64388 9.86297 -178.649 -12.6627 0 3.97569e-016 6.27463 8.26095 3.76363 90 -3.47873e-016 -0 -7.4047 -12.2635 -179.135 -8.29579 0 -2.98177e-016 -0.50416 18.0706 4.29001 90 -1.98785e-016 -0 
-188.099 89.7094 -13.2321 -16.8803 89.0061 105.557 7.97908 -1.12304 2.24582 7.52433 1.70754e-006 5.12264e-006 -5.12265e-006 1.70755e-006 -8.53773e-006 1.70748e-006 -8.53774e-006 -4.95189e-005 19.3002 2.12262 1.85171 179.521 -14.3985 -91.9273 10.0412 -44.3105 32.3215 -12.0964 3.18055e-015 5.1684e-015 -0.308933 -55.4203 -15.5683 178.201 11.4122 99.0198 -5.93884 5.84013 -18.6157 -9.36478 0 -4.91992e-015 -5.97644 85.3352 19.0804 -7.61839 9.94255 -178.7 -12.619 0 2.98177e-016 6.2642 8.27995 3.90042 90 2.11209e-016 -0 -7.46258 -12.2017 -179.181 -8.34405 0 -1.2424e-016 -0.538563 18.0566 4.32876 90 -1.59028e-015 3.18055e-015 
-188.082 89.7144 -13.2179 -23.6841 88.9286 112.395 8.15382 -1.08845 2.1744 7.74099 1.70754e-006 5.12264e-006 -5.12265e-006 1.70755e-006 -8.53773e-006 1.70748e-006 -8.53774e-006 -4.95189e-005 18.8738 1.84638 2.18518 179.654 -14.521 -91.3811 11.7904 -42.3964 37.071 -12.5148 -6.36111e-015 3.97569e-015 0.875072 -55.6609 -15.1412 178.272 11.6676 98.4864 -6.75546 3.83978 -22.8391 -9.85872 3.18055e-015 3.52843e-015 -20.0582 83.9803 33.2398 -7.5384 9.95557 -178.757 -12.5381 -4.77083e-015 -2.98177e-016 6.23054 8.42256 3.94125 90 -2.48481e-017 -0 -7.45272 -12.4048 -179.25 -8.40292 1.59028e-015 7.45443e-017 -0.51608 17.9981 4.26567 90 2.5842e-015 -3.18055e-015 
-188.093 89.7276 -13.2318 -36.8756 88.8181 125.573 8.28227 -1.16312 2.12145 7.86761 1.70754e-006 5.12264e-006 -5.12265e-006 1.70755e-006 -8.53773e-006 1.70748e-006 -8.53774e-006 -4.95189e-005 18.8611 1.7789 2.47729 179.732 -14.0378 -91.107 13.8416 -38.9399 42.173 -13.6934 -6.36111e-015 -1.59028e-015 -0.598575 -56.8049 -16.8204 178.372 11.5682 98.0727 -6.85322 2.86251 -28.2441 -10.8391 0 6.4605e-015 -23.2125 83.5933 36.8661 -7.58926 9.78781 -178.778 -12.5102 1.59028e-015 -3.97569e-016 6.19573 8.50908 4.03727 90 4.72114e-016 -0 -7.48074 -12.5428 -179.252 -8.41269 -3.18056e-015 -1.49089e-016 -0.56006 18.1501 4.23687 90 0 -0 
-188.083 89.7394 -13.2451 -42.093 88.8287 130.797 8.39257 -1.08602 2.07552 7.92684 1.70754e-006 5.12264e-006 -5.12265e-006 1.70755e-006 -8.53773e-006 1.70748e-006 -8.53774e-006 -4.95189e-005 18.9534 1.85476 2.55798 179.893 -13.9056 -90.4482 14.7843 -35.8762 46.8442 -14.3117 -3.18055e-015 5.1684e-015 -0.969595 -56.4654 -17.5305 178.507 11.3327 97.5595 -7.31284 1.30353 -33.8198 -11.9545 -4.77083e-015 -2.48481e-016 -24.3188 83.6476 37.7169 -7.61829 9.77919 -178.813 -12.4007 0 1.09332e-015 6.14285 8.56942 4.09521 90 -1.2424e-016 7.95139e-016 -7.65318 -12.5877 -179.296 -8.57588 -1.59028e-015 1.2424e-016 -0.562865 18.1714 4.24125 90 1.98785e-015 -0 
-188.076 89.7554 -13.2468 -48.7206 88.8184 137.437 8.49777 -1.1187 2.03483 7.92214 1.70754e-006 5.12264e-006 -5.12265e-006 1.70755e-006 -8.53773e-006 1.70748e-006 -8.53774e-006 -4.95189e-005 19.2134 1.91482 2.49849 -179.912 -13.8671 -89.6307 16.0648 -32.7572 51.7698 -15.7905 9.54166e-015 -1.59028e-015 -2.01932 -57.4076 -19.1705 178.665 11.1042 96.9007 -8.15421 0.0836281 -39.4883 -12.806 0 -7.40473e-015 -33.7288 82.7149 47.3573 -7.62233 9.75705 -178.851 -12.228 1.59028e-015 -0 6.06585 8.66259 4.14 90 -7.45443e-016 3.97569e-016 -7.78697 -12.6484 -179.335 -8.65504 0 2.17421e-016 -0.589008 18.2201 4.25045 90 -1.98785e-016 -0 
-188.07 89.7692 -13.2414 -52.4169 88.8585 141.149 8.57333 -1.23037 1.97418 7.94612 1.70754e-006 5.12264e-006 -5.12265e-006 1.70755e-006 -8.53773e-006 1.70748e-006 -8.53774e-006 -4.95189e-005 19.4776 2.17301 2.4412 -179.728 -13.8166 -88.8601 16.5521 -29.0499 56.0004 -16.9123 -3.18055e-015 -0 -3.71599 -58.8375 -20.7593 178.797 10.5338 96.5542 -8.32648 -0.577832 -45.7066 -13.8798 0 9.93923e-016 -42.6213 82.4536 55.9196 -7.61275 9.74751 -178.891 -12.0622 -1.59028e-015 -1.98785e-016 5.98861 8.67638 4.19111 90 2.85753e-016 -0 -7.79812 -12.6681 -179.348 -8.52019 -1.59028e-015 -4.72114e-016 -0.655036 18.2232 4.29382 90 9.93923e-016 -0 
-188.057 89.7838 -13.2188 -53.1558 88.8709 141.915 8.70483 -1.31698 1.91666 7.92638 1.70754e-006 5.12264e-006 -5.12265e-006 1.70755e-006 -8.53773e-006 1.70748e-006 -8.53774e-006 -4.95189e-005 19.9172 2.24138 2.46675 -179.553 -13.3527 -88.0678 15.4199 -24.3189 58.7035 -18.2309 -6.36111e-015 3.97569e-015 -3.42259 -59.1259 -20.9891 179.016 10.0772 95.6106 -9.7972 -1.9712 -50.6123 -14.6319 0 -3.97569e-016 -34.1236 83.4049 47.1989 -7.51742 9.71649 -178.949 -11.892 -3.18055e-015 -2.98177e-016 5.93937 8.65543 4.23611 90 -7.33019e-016 -3.97569e-016 -7.75778 -12.8618 -179.395 -8.43787 -1.59028e-015 7.45443e-017 -0.670365 18.0288 4.35011 90 5.96354e-016 -3.18055e-015 
-188.036 89.7928 -13.21 -50.1511 88.8511 138.87 8.93036 -1.47742 1.92901 7.92549 1.70754e-006 5.12264e-006 -5.12265e-006 1.70755e-006 -8.53773e-006 1.70748e-006 -8.53774e-006 -4.95189e-005 20.3863 2.21166 2.57224 -179.395 -12.414 -87.1887 14.9626 -19.5967 61.4578 -20.0439 -3.18055e-015 -1.98785e-015 -7.24886 -61.2562 -24.0145 179.436 8.27644 93.9174 -9.46523 -3.69442 -54.2766 -16.6171 -1.59028e-015 1.93815e-015 -41.8514 85.1049 54.789 -7.43548 9.65585 -178.936 -11.8618 -1.59028e-015 -3.97569e-016 5.93613 8.57605 4.25319 90 -4.5969e-016 3.97569e-016 -7.66815 -12.867 -179.366 -8.39544 0 2.85753e-016 -0.731132 18.0024 4.38812 90 9.93923e-016 -3.18055e-015 
-188.019 89.7936 -13.2325 -39.7167 88.8899 128.425 9.25901 -1.3138 1.9157 7.90673 1.70754e-006 5.12264e-006 -5.12265e-006 1.70755e-006 -8.53773e-006 1.70748e-006 -8.53774e-006 -4.95189e-005 20.9333 1.5532 2.73677 -179.214 -11.4072 -86.0304 12.9843 -15.1984 63.2266 -21.733 6.36111e-015 2.78299e-015 -8.36812 -64.2757 -25.2608 179.821 5.96152 91.7211 -8.88307 -5.94865 -57.0593 -18.9761 0 8.44835e-015 -71.9031 85.8448 84.1477 -7.35968 9.81819 -178.915 -11.9424 -1.59028e-015 -0 5.96898 8.5602 4.32875 90 1.86361e-016 3.97569e-016 -7.65846 -12.6932 -179.366 -8.53264 3.18056e-015 7.45443e-017 -0.734768 18.0077 4.44583 90 2.08724e-015 -3.18055e-015 
-188.004 89.7854 -13.275 -27.2211 88.8488 115.943 9.6733 -1.01082 1.90132 7.96763 1.70754e-006 5.12264e-006 -5.12265e-006 1.70755e-006 -8.53773e-006 1.70748e-006 -8.53774e-006 -4.95189e-005 21.1181 0.785492 2.72846 -179.127 -9.36462 -84.6493 10.4002 -9.73003 64.1646 -25.1087 -4.77083e-015 2.78299e-015 -10.1475 -68.2389 -26.761 -179.928 3.4856 88.8152 -8.49193 -8.51881 -58.7914 -21.7366 0 -5.26779e-015 -111.959 86.2406 123.492 -7.32161 9.84886 -178.926 -12.1781 1.59028e-015 5.96354e-016 6.05413 8.41954 4.48379 90 -8.69683e-017 7.95139e-016 -7.6951 -12.6605 -179.41 -8.82366 -1.59028e-015 -6.27414e-016 -0.658609 17.8895 4.47404 90 -6.95746e-016 6.36111e-015 
-187.958 89.7577 -13.3233 -12.6171 88.8309 101.297 10.1727 -0.786033 2.00325 7.99416 1.70754e-006 5.12264e-006 -5.12265e-006 1.70755e-006 -8.53773e-006 1.70748e-006 -8.53774e-006 -4.95189e-005 20.7255 1.08155 2.28698 -179.028 -8.72241 -83.6204 6.6937 -5.11172 66.0647 -28.1366 -1.59028e-015 -4.37326e-015 -12.9612 -71.1964 -28.6421 -179.896 2.32934 87.4493 -10.2701 -10.0667 -62.1033 -23.5786 3.18055e-015 5.1684e-015 -153.631 84.4301 164.243 -7.39079 9.89003 -178.874 -12.5097 1.59028e-015 6.95746e-016 6.18587 8.19538 4.46586 90 -1.2424e-017 3.97569e-016 -7.70563 -12.5677 -179.396 -8.96622 0 -1.36664e-016 -0.630966 17.6895 4.47361 90 -1.19271e-015 9.54166e-015 
